type,crm,local_id,uri
object,E22_Human-Made_Object,gnd-10155854-5,https://hwgw.uzh.ch/built_work/gnd-10155854-5
object,E22_Human-Made_Object,gnd-1028059981,https://hwgw.uzh.ch/artwork/gnd-1028059981
object,E22_Human-Made_Object,gnd-1029513910,https://hwgw.uzh.ch/built_work/gnd-1029513910
object,E22_Human-Made_Object,gnd-1031493409,https://hwgw.uzh.ch/artwork/gnd-1031493409
object,E22_Human-Made_Object,gnd-1037316835,https://hwgw.uzh.ch/artwork/gnd-1037316835
object,E22_Human-Made_Object,gnd-1037317033,https://hwgw.uzh.ch/artwork/gnd-1037317033
object,E22_Human-Made_Object,gnd-1042179018,https://hwgw.uzh.ch/artwork/gnd-1042179018
object,E22_Human-Made_Object,gnd-1044618892,https://hwgw.uzh.ch/built_work/gnd-1044618892
object,E22_Human-Made_Object,gnd-1047134365,https://hwgw.uzh.ch/built_work/gnd-1047134365
object,E22_Human-Made_Object,gnd-1049518551,https://hwgw.uzh.ch/artwork/gnd-1049518551
object,E22_Human-Made_Object,gnd-105067443X,https://hwgw.uzh.ch/artwork/gnd-105067443X
object,E22_Human-Made_Object,gnd-1060357127,https://hwgw.uzh.ch/artwork/gnd-1060357127
object,E22_Human-Made_Object,gnd-1060357178,https://hwgw.uzh.ch/artwork/gnd-1060357178
object,E22_Human-Made_Object,gnd-1060357399,https://hwgw.uzh.ch/artwork/gnd-1060357399
object,E22_Human-Made_Object,gnd-1060466341,https://hwgw.uzh.ch/artwork/gnd-1060466341
object,E22_Human-Made_Object,gnd-1060466538,https://hwgw.uzh.ch/artwork/gnd-1060466538
object,E22_Human-Made_Object,gnd-1060466643,https://hwgw.uzh.ch/artwork/gnd-1060466643
object,E22_Human-Made_Object,gnd-1060466848,https://hwgw.uzh.ch/artwork/gnd-1060466848
object,E22_Human-Made_Object,gnd-1060468158,https://hwgw.uzh.ch/artwork/gnd-1060468158
object,E22_Human-Made_Object,gnd-1060468263,https://hwgw.uzh.ch/artwork/gnd-1060468263
object,E22_Human-Made_Object,gnd-1060469081,https://hwgw.uzh.ch/artwork/gnd-1060469081
object,E22_Human-Made_Object,gnd-1060469472,https://hwgw.uzh.ch/artwork/gnd-1060469472
object,E22_Human-Made_Object,gnd-106047011X,https://hwgw.uzh.ch/artwork/gnd-106047011X
object,E22_Human-Made_Object,gnd-1060470365,https://hwgw.uzh.ch/artwork/gnd-1060470365
object,E22_Human-Made_Object,gnd-1060471051,https://hwgw.uzh.ch/artwork/gnd-1060471051
object,E22_Human-Made_Object,gnd-1060471507,https://hwgw.uzh.ch/artwork/gnd-1060471507
object,E22_Human-Made_Object,gnd-1060472252,https://hwgw.uzh.ch/artwork/gnd-1060472252
object,E22_Human-Made_Object,gnd-1060472511,https://hwgw.uzh.ch/artwork/gnd-1060472511
object,E22_Human-Made_Object,gnd-1060473062,https://hwgw.uzh.ch/artwork/gnd-1060473062
object,E22_Human-Made_Object,gnd-1060475022,https://hwgw.uzh.ch/artwork/gnd-1060475022
object,E22_Human-Made_Object,gnd-1060475073,https://hwgw.uzh.ch/artwork/gnd-1060475073
object,E22_Human-Made_Object,gnd-1060475146,https://hwgw.uzh.ch/artwork/gnd-1060475146
object,E22_Human-Made_Object,gnd-1060475898,https://hwgw.uzh.ch/artwork/gnd-1060475898
object,E22_Human-Made_Object,gnd-1061002284,https://hwgw.uzh.ch/artwork/gnd-1061002284
object,E22_Human-Made_Object,gnd-1061002918,https://hwgw.uzh.ch/artwork/gnd-1061002918
object,E22_Human-Made_Object,gnd-1061015572,https://hwgw.uzh.ch/artwork/gnd-1061015572
object,E22_Human-Made_Object,gnd-1062529839,https://hwgw.uzh.ch/artwork/gnd-1062529839
object,E22_Human-Made_Object,gnd-1062530403,https://hwgw.uzh.ch/artwork/gnd-1062530403
object,E22_Human-Made_Object,gnd-106253087X,https://hwgw.uzh.ch/artwork/gnd-106253087X
object,E22_Human-Made_Object,gnd-1062531159,https://hwgw.uzh.ch/artwork/gnd-1062531159
object,E22_Human-Made_Object,gnd-1062531442,https://hwgw.uzh.ch/artwork/gnd-1062531442
object,E22_Human-Made_Object,gnd-1062531779,https://hwgw.uzh.ch/artwork/gnd-1062531779
object,E22_Human-Made_Object,gnd-106253204X,https://hwgw.uzh.ch/artwork/gnd-106253204X
object,E22_Human-Made_Object,gnd-1062688635,https://hwgw.uzh.ch/artwork/gnd-1062688635
object,E22_Human-Made_Object,gnd-106268902X,https://hwgw.uzh.ch/artwork/gnd-106268902X
object,E22_Human-Made_Object,gnd-1062689399,https://hwgw.uzh.ch/artwork/gnd-1062689399
object,E22_Human-Made_Object,gnd-1062689569,https://hwgw.uzh.ch/artwork/gnd-1062689569
object,E22_Human-Made_Object,gnd-1062690141,https://hwgw.uzh.ch/artwork/gnd-1062690141
object,E22_Human-Made_Object,gnd-1062824458,https://hwgw.uzh.ch/artwork/gnd-1062824458
object,E22_Human-Made_Object,gnd-106282461X,https://hwgw.uzh.ch/artwork/gnd-106282461X
object,E22_Human-Made_Object,gnd-1062824660,https://hwgw.uzh.ch/artwork/gnd-1062824660
object,E22_Human-Made_Object,gnd-1062824741,https://hwgw.uzh.ch/artwork/gnd-1062824741
object,E22_Human-Made_Object,gnd-1062824768,https://hwgw.uzh.ch/artwork/gnd-1062824768
object,E22_Human-Made_Object,gnd-1062824792,https://hwgw.uzh.ch/artwork/gnd-1062824792
object,E22_Human-Made_Object,gnd-1062824865,https://hwgw.uzh.ch/artwork/gnd-1062824865
object,E22_Human-Made_Object,gnd-106282489X,https://hwgw.uzh.ch/artwork/gnd-106282489X
object,E22_Human-Made_Object,gnd-1062825012,https://hwgw.uzh.ch/artwork/gnd-1062825012
object,E22_Human-Made_Object,gnd-1062825047,https://hwgw.uzh.ch/artwork/gnd-1062825047
object,E22_Human-Made_Object,gnd-106282508X,https://hwgw.uzh.ch/artwork/gnd-106282508X
object,E22_Human-Made_Object,gnd-1062825144,https://hwgw.uzh.ch/artwork/gnd-1062825144
object,E22_Human-Made_Object,gnd-1062825195,https://hwgw.uzh.ch/artwork/gnd-1062825195
object,E22_Human-Made_Object,gnd-1062825209,https://hwgw.uzh.ch/artwork/gnd-1062825209
object,E22_Human-Made_Object,gnd-1062825284,https://hwgw.uzh.ch/artwork/gnd-1062825284
object,E22_Human-Made_Object,gnd-1062919858,https://hwgw.uzh.ch/artwork/gnd-1062919858
object,E22_Human-Made_Object,gnd-1062920252,https://hwgw.uzh.ch/artwork/gnd-1062920252
object,E22_Human-Made_Object,gnd-1062922530,https://hwgw.uzh.ch/artwork/gnd-1062922530
object,E22_Human-Made_Object,gnd-1062925165,https://hwgw.uzh.ch/artwork/gnd-1062925165
object,E22_Human-Made_Object,gnd-1062926188,https://hwgw.uzh.ch/artwork/gnd-1062926188
object,E22_Human-Made_Object,gnd-1062926420,https://hwgw.uzh.ch/artwork/gnd-1062926420
object,E22_Human-Made_Object,gnd-1062939336,https://hwgw.uzh.ch/artwork/gnd-1062939336
object,E22_Human-Made_Object,gnd-1062940067,https://hwgw.uzh.ch/artwork/gnd-1062940067
object,E22_Human-Made_Object,gnd-1062940415,https://hwgw.uzh.ch/artwork/gnd-1062940415
object,E22_Human-Made_Object,gnd-1062940806,https://hwgw.uzh.ch/artwork/gnd-1062940806
object,E22_Human-Made_Object,gnd-1064027938,https://hwgw.uzh.ch/artwork/gnd-1064027938
object,E22_Human-Made_Object,gnd-1064967736,https://hwgw.uzh.ch/artwork/gnd-1064967736
object,E22_Human-Made_Object,gnd-1064969283,https://hwgw.uzh.ch/artwork/gnd-1064969283
object,E22_Human-Made_Object,gnd-1064969852,https://hwgw.uzh.ch/artwork/gnd-1064969852
object,E22_Human-Made_Object,gnd-1064970648,https://hwgw.uzh.ch/artwork/gnd-1064970648
object,E22_Human-Made_Object,gnd-1064971040,https://hwgw.uzh.ch/artwork/gnd-1064971040
object,E22_Human-Made_Object,gnd-1064971407,https://hwgw.uzh.ch/artwork/gnd-1064971407
object,E22_Human-Made_Object,gnd-1064971563,https://hwgw.uzh.ch/artwork/gnd-1064971563
object,E22_Human-Made_Object,gnd-1065197527,https://hwgw.uzh.ch/artwork/gnd-1065197527
object,E22_Human-Made_Object,gnd-1065198086,https://hwgw.uzh.ch/artwork/gnd-1065198086
object,E22_Human-Made_Object,gnd-1065199309,https://hwgw.uzh.ch/artwork/gnd-1065199309
object,E22_Human-Made_Object,gnd-1065777485,https://hwgw.uzh.ch/artwork/gnd-1065777485
object,E22_Human-Made_Object,gnd-1065778007,https://hwgw.uzh.ch/artwork/gnd-1065778007
object,E22_Human-Made_Object,gnd-1065779348,https://hwgw.uzh.ch/artwork/gnd-1065779348
object,E22_Human-Made_Object,gnd-1065779674,https://hwgw.uzh.ch/artwork/gnd-1065779674
object,E22_Human-Made_Object,gnd-1065781229,https://hwgw.uzh.ch/artwork/gnd-1065781229
object,E22_Human-Made_Object,gnd-1065785283,https://hwgw.uzh.ch/artwork/gnd-1065785283
object,E22_Human-Made_Object,gnd-1066603138,https://hwgw.uzh.ch/artwork/gnd-1066603138
object,E22_Human-Made_Object,gnd-1066603782,https://hwgw.uzh.ch/artwork/gnd-1066603782
object,E22_Human-Made_Object,gnd-1066604665,https://hwgw.uzh.ch/artwork/gnd-1066604665
object,E22_Human-Made_Object,gnd-1066607567,https://hwgw.uzh.ch/artwork/gnd-1066607567
object,E22_Human-Made_Object,gnd-1066704600,https://hwgw.uzh.ch/artwork/gnd-1066704600
object,E22_Human-Made_Object,gnd-1066706085,https://hwgw.uzh.ch/artwork/gnd-1066706085
object,E22_Human-Made_Object,gnd-1066786372,https://hwgw.uzh.ch/artwork/gnd-1066786372
object,E22_Human-Made_Object,gnd-1066788308,https://hwgw.uzh.ch/artwork/gnd-1066788308
object,E22_Human-Made_Object,gnd-1066804672,https://hwgw.uzh.ch/artwork/gnd-1066804672
object,E22_Human-Made_Object,gnd-106712179X,https://hwgw.uzh.ch/artwork/gnd-106712179X
object,E22_Human-Made_Object,gnd-1067199284,https://hwgw.uzh.ch/artwork/gnd-1067199284
object,E22_Human-Made_Object,gnd-1067208666,https://hwgw.uzh.ch/artwork/gnd-1067208666
object,E22_Human-Made_Object,gnd-1067980369,https://hwgw.uzh.ch/artwork/gnd-1067980369
object,E22_Human-Made_Object,gnd-1067980725,https://hwgw.uzh.ch/artwork/gnd-1067980725
object,E22_Human-Made_Object,gnd-1068177837,https://hwgw.uzh.ch/artwork/gnd-1068177837
object,E22_Human-Made_Object,gnd-1068179104,https://hwgw.uzh.ch/artwork/gnd-1068179104
object,E22_Human-Made_Object,gnd-1068185473,https://hwgw.uzh.ch/artwork/gnd-1068185473
object,E22_Human-Made_Object,gnd-1068193131,https://hwgw.uzh.ch/artwork/gnd-1068193131
object,E22_Human-Made_Object,gnd-1068241314,https://hwgw.uzh.ch/artwork/gnd-1068241314
object,E22_Human-Made_Object,gnd-1068472324,https://hwgw.uzh.ch/artwork/gnd-1068472324
object,E22_Human-Made_Object,gnd-1068472847,https://hwgw.uzh.ch/artwork/gnd-1068472847
object,E22_Human-Made_Object,gnd-1068473274,https://hwgw.uzh.ch/artwork/gnd-1068473274
object,E22_Human-Made_Object,gnd-1068641029,https://hwgw.uzh.ch/artwork/gnd-1068641029
object,E22_Human-Made_Object,gnd-1068650850,https://hwgw.uzh.ch/artwork/gnd-1068650850
object,E22_Human-Made_Object,gnd-1068781718,https://hwgw.uzh.ch/artwork/gnd-1068781718
object,E22_Human-Made_Object,gnd-1068782072,https://hwgw.uzh.ch/artwork/gnd-1068782072
object,E22_Human-Made_Object,gnd-1068782447,https://hwgw.uzh.ch/artwork/gnd-1068782447
object,E22_Human-Made_Object,gnd-1068782749,https://hwgw.uzh.ch/artwork/gnd-1068782749
object,E22_Human-Made_Object,gnd-1068783311,https://hwgw.uzh.ch/artwork/gnd-1068783311
object,E22_Human-Made_Object,gnd-1068783753,https://hwgw.uzh.ch/artwork/gnd-1068783753
object,E22_Human-Made_Object,gnd-1068784040,https://hwgw.uzh.ch/artwork/gnd-1068784040
object,E22_Human-Made_Object,gnd-1068784504,https://hwgw.uzh.ch/artwork/gnd-1068784504
object,E22_Human-Made_Object,gnd-1068786086,https://hwgw.uzh.ch/artwork/gnd-1068786086
object,E22_Human-Made_Object,gnd-1068787090,https://hwgw.uzh.ch/artwork/gnd-1068787090
object,E22_Human-Made_Object,gnd-1068787481,https://hwgw.uzh.ch/artwork/gnd-1068787481
object,E22_Human-Made_Object,gnd-1068787775,https://hwgw.uzh.ch/artwork/gnd-1068787775
object,E22_Human-Made_Object,gnd-1068883456,https://hwgw.uzh.ch/artwork/gnd-1068883456
object,E22_Human-Made_Object,gnd-1068883995,https://hwgw.uzh.ch/artwork/gnd-1068883995
object,E22_Human-Made_Object,gnd-1068884711,https://hwgw.uzh.ch/artwork/gnd-1068884711
object,E22_Human-Made_Object,gnd-1068885130,https://hwgw.uzh.ch/artwork/gnd-1068885130
object,E22_Human-Made_Object,gnd-1068885610,https://hwgw.uzh.ch/artwork/gnd-1068885610
object,E22_Human-Made_Object,gnd-1068886099,https://hwgw.uzh.ch/artwork/gnd-1068886099
object,E22_Human-Made_Object,gnd-1068888849,https://hwgw.uzh.ch/artwork/gnd-1068888849
object,E22_Human-Made_Object,gnd-1068889144,https://hwgw.uzh.ch/artwork/gnd-1068889144
object,E22_Human-Made_Object,gnd-1069076996,https://hwgw.uzh.ch/artwork/gnd-1069076996
object,E22_Human-Made_Object,gnd-1069086401,https://hwgw.uzh.ch/artwork/gnd-1069086401
object,E22_Human-Made_Object,gnd-1069086789,https://hwgw.uzh.ch/artwork/gnd-1069086789
object,E22_Human-Made_Object,gnd-1069087610,https://hwgw.uzh.ch/artwork/gnd-1069087610
object,E22_Human-Made_Object,gnd-1069088544,https://hwgw.uzh.ch/artwork/gnd-1069088544
object,E22_Human-Made_Object,gnd-1069089524,https://hwgw.uzh.ch/artwork/gnd-1069089524
object,E22_Human-Made_Object,gnd-1069089648,https://hwgw.uzh.ch/artwork/gnd-1069089648
object,E22_Human-Made_Object,gnd-1069090107,https://hwgw.uzh.ch/artwork/gnd-1069090107
object,E22_Human-Made_Object,gnd-1069090433,https://hwgw.uzh.ch/artwork/gnd-1069090433
object,E22_Human-Made_Object,gnd-1069090530,https://hwgw.uzh.ch/artwork/gnd-1069090530
object,E22_Human-Made_Object,gnd-1069146242,https://hwgw.uzh.ch/artwork/gnd-1069146242
object,E22_Human-Made_Object,gnd-1069228796,https://hwgw.uzh.ch/artwork/gnd-1069228796
object,E22_Human-Made_Object,gnd-1069334219,https://hwgw.uzh.ch/artwork/gnd-1069334219
object,E22_Human-Made_Object,gnd-1069334669,https://hwgw.uzh.ch/artwork/gnd-1069334669
object,E22_Human-Made_Object,gnd-1069334995,https://hwgw.uzh.ch/artwork/gnd-1069334995
object,E22_Human-Made_Object,gnd-1069335258,https://hwgw.uzh.ch/artwork/gnd-1069335258
object,E22_Human-Made_Object,gnd-1069335584,https://hwgw.uzh.ch/artwork/gnd-1069335584
object,E22_Human-Made_Object,gnd-1069336092,https://hwgw.uzh.ch/artwork/gnd-1069336092
object,E22_Human-Made_Object,gnd-1069347191,https://hwgw.uzh.ch/artwork/gnd-1069347191
object,E22_Human-Made_Object,gnd-1069515000,https://hwgw.uzh.ch/artwork/gnd-1069515000
object,E22_Human-Made_Object,gnd-1069790168,https://hwgw.uzh.ch/artwork/gnd-1069790168
object,E22_Human-Made_Object,gnd-1069790729,https://hwgw.uzh.ch/artwork/gnd-1069790729
object,E22_Human-Made_Object,gnd-1069791113,https://hwgw.uzh.ch/artwork/gnd-1069791113
object,E22_Human-Made_Object,gnd-1069791636,https://hwgw.uzh.ch/artwork/gnd-1069791636
object,E22_Human-Made_Object,gnd-1069791962,https://hwgw.uzh.ch/artwork/gnd-1069791962
object,E22_Human-Made_Object,gnd-1069794333,https://hwgw.uzh.ch/artwork/gnd-1069794333
object,E22_Human-Made_Object,gnd-1069794899,https://hwgw.uzh.ch/artwork/gnd-1069794899
object,E22_Human-Made_Object,gnd-1069795186,https://hwgw.uzh.ch/artwork/gnd-1069795186
object,E22_Human-Made_Object,gnd-1069874442,https://hwgw.uzh.ch/artwork/gnd-1069874442
object,E22_Human-Made_Object,gnd-1069958751,https://hwgw.uzh.ch/artwork/gnd-1069958751
object,E22_Human-Made_Object,gnd-1069959006,https://hwgw.uzh.ch/artwork/gnd-1069959006
object,E22_Human-Made_Object,gnd-1069959251,https://hwgw.uzh.ch/artwork/gnd-1069959251
object,E22_Human-Made_Object,gnd-1069959553,https://hwgw.uzh.ch/artwork/gnd-1069959553
object,E22_Human-Made_Object,gnd-1069959847,https://hwgw.uzh.ch/artwork/gnd-1069959847
object,E22_Human-Made_Object,gnd-1069960179,https://hwgw.uzh.ch/artwork/gnd-1069960179
object,E22_Human-Made_Object,gnd-1069960586,https://hwgw.uzh.ch/artwork/gnd-1069960586
object,E22_Human-Made_Object,gnd-1069961132,https://hwgw.uzh.ch/artwork/gnd-1069961132
object,E22_Human-Made_Object,gnd-1070320927,https://hwgw.uzh.ch/artwork/gnd-1070320927
object,E22_Human-Made_Object,gnd-1070321346,https://hwgw.uzh.ch/artwork/gnd-1070321346
object,E22_Human-Made_Object,gnd-1070357278,https://hwgw.uzh.ch/artwork/gnd-1070357278
object,E22_Human-Made_Object,gnd-1070357405,https://hwgw.uzh.ch/artwork/gnd-1070357405
object,E22_Human-Made_Object,gnd-1070606081,https://hwgw.uzh.ch/artwork/gnd-1070606081
object,E22_Human-Made_Object,gnd-1070802107,https://hwgw.uzh.ch/artwork/gnd-1070802107
object,E22_Human-Made_Object,gnd-1070804762,https://hwgw.uzh.ch/artwork/gnd-1070804762
object,E22_Human-Made_Object,gnd-1070805432,https://hwgw.uzh.ch/artwork/gnd-1070805432
object,E22_Human-Made_Object,gnd-1070805866,https://hwgw.uzh.ch/artwork/gnd-1070805866
object,E22_Human-Made_Object,gnd-1070806269,https://hwgw.uzh.ch/artwork/gnd-1070806269
object,E22_Human-Made_Object,gnd-1070806552,https://hwgw.uzh.ch/artwork/gnd-1070806552
object,E22_Human-Made_Object,gnd-1070806846,https://hwgw.uzh.ch/artwork/gnd-1070806846
object,E22_Human-Made_Object,gnd-1070807176,https://hwgw.uzh.ch/artwork/gnd-1070807176
object,E22_Human-Made_Object,gnd-1070807451,https://hwgw.uzh.ch/artwork/gnd-1070807451
object,E22_Human-Made_Object,gnd-1070807729,https://hwgw.uzh.ch/artwork/gnd-1070807729
object,E22_Human-Made_Object,gnd-1070808091,https://hwgw.uzh.ch/artwork/gnd-1070808091
object,E22_Human-Made_Object,gnd-1070808342,https://hwgw.uzh.ch/artwork/gnd-1070808342
object,E22_Human-Made_Object,gnd-1070808555,https://hwgw.uzh.ch/artwork/gnd-1070808555
object,E22_Human-Made_Object,gnd-1070808741,https://hwgw.uzh.ch/artwork/gnd-1070808741
object,E22_Human-Made_Object,gnd-1070808873,https://hwgw.uzh.ch/artwork/gnd-1070808873
object,E22_Human-Made_Object,gnd-1070809071,https://hwgw.uzh.ch/artwork/gnd-1070809071
object,E22_Human-Made_Object,gnd-1070827940,https://hwgw.uzh.ch/artwork/gnd-1070827940
object,E22_Human-Made_Object,gnd-1070828270,https://hwgw.uzh.ch/artwork/gnd-1070828270
object,E22_Human-Made_Object,gnd-1070828351,https://hwgw.uzh.ch/artwork/gnd-1070828351
object,E22_Human-Made_Object,gnd-1070828599,https://hwgw.uzh.ch/artwork/gnd-1070828599
object,E22_Human-Made_Object,gnd-1070830690,https://hwgw.uzh.ch/artwork/gnd-1070830690
object,E22_Human-Made_Object,gnd-1071577182,https://hwgw.uzh.ch/artwork/gnd-1071577182
object,E22_Human-Made_Object,gnd-1074430778,https://hwgw.uzh.ch/artwork/gnd-1074430778
object,E22_Human-Made_Object,gnd-1074436334,https://hwgw.uzh.ch/artwork/gnd-1074436334
object,E22_Human-Made_Object,gnd-107471752X,https://hwgw.uzh.ch/artwork/gnd-107471752X
object,E22_Human-Made_Object,gnd-1074718836,https://hwgw.uzh.ch/artwork/gnd-1074718836
object,E22_Human-Made_Object,gnd-1075505224,https://hwgw.uzh.ch/artwork/gnd-1075505224
object,E22_Human-Made_Object,gnd-1077274971,https://hwgw.uzh.ch/artwork/gnd-1077274971
object,E22_Human-Made_Object,gnd-107732247X,https://hwgw.uzh.ch/artwork/gnd-107732247X
object,E22_Human-Made_Object,gnd-1079631755,https://hwgw.uzh.ch/artwork/gnd-1079631755
object,E22_Human-Made_Object,gnd-1082012424,https://hwgw.uzh.ch/built_work/gnd-1082012424
object,E22_Human-Made_Object,gnd-1083294644,https://hwgw.uzh.ch/built_work/gnd-1083294644
object,E22_Human-Made_Object,gnd-1084362007,https://hwgw.uzh.ch/built_work/gnd-1084362007
object,E22_Human-Made_Object,gnd-1085743888,https://hwgw.uzh.ch/artwork/gnd-1085743888
object,E22_Human-Made_Object,gnd-1088044778,https://hwgw.uzh.ch/artwork/gnd-1088044778
object,E22_Human-Made_Object,gnd-1090803095,https://hwgw.uzh.ch/built_work/gnd-1090803095
object,E22_Human-Made_Object,gnd-1091088306,https://hwgw.uzh.ch/built_work/gnd-1091088306
object,E22_Human-Made_Object,gnd-1096839261,https://hwgw.uzh.ch/built_work/gnd-1096839261
object,E22_Human-Made_Object,gnd-1099962536,https://hwgw.uzh.ch/built_work/gnd-1099962536
object,E22_Human-Made_Object,gnd-1101491124,https://hwgw.uzh.ch/built_work/gnd-1101491124
object,E22_Human-Made_Object,gnd-1102913634,https://hwgw.uzh.ch/artwork/gnd-1102913634
object,E22_Human-Made_Object,gnd-1108585574,https://hwgw.uzh.ch/artwork/gnd-1108585574
object,E22_Human-Made_Object,gnd-1116027879,https://hwgw.uzh.ch/artwork/gnd-1116027879
object,E22_Human-Made_Object,gnd-1119363225,https://hwgw.uzh.ch/artwork/gnd-1119363225
object,E22_Human-Made_Object,gnd-1124712887,https://hwgw.uzh.ch/artwork/gnd-1124712887
object,E22_Human-Made_Object,gnd-1135802068,https://hwgw.uzh.ch/artwork/gnd-1135802068
object,E22_Human-Made_Object,gnd-113865812X,https://hwgw.uzh.ch/artwork/gnd-113865812X
object,E22_Human-Made_Object,gnd-1144373220,https://hwgw.uzh.ch/artwork/gnd-1144373220
object,E22_Human-Made_Object,gnd-1147523797,https://hwgw.uzh.ch/artwork/gnd-1147523797
object,E22_Human-Made_Object,gnd-1149160144,https://hwgw.uzh.ch/artwork/gnd-1149160144
object,E22_Human-Made_Object,gnd-1151905291,https://hwgw.uzh.ch/artwork/gnd-1151905291
object,E22_Human-Made_Object,gnd-1153415100,https://hwgw.uzh.ch/artwork/gnd-1153415100
object,E22_Human-Made_Object,gnd-1153481529,https://hwgw.uzh.ch/artwork/gnd-1153481529
object,E22_Human-Made_Object,gnd-1153491257,https://hwgw.uzh.ch/artwork/gnd-1153491257
object,E22_Human-Made_Object,gnd-1154455149,https://hwgw.uzh.ch/artwork/gnd-1154455149
object,E22_Human-Made_Object,gnd-1155249593,https://hwgw.uzh.ch/artwork/gnd-1155249593
object,E22_Human-Made_Object,gnd-115550271X,https://hwgw.uzh.ch/artwork/gnd-115550271X
object,E22_Human-Made_Object,gnd-1155784456,https://hwgw.uzh.ch/artwork/gnd-1155784456
object,E22_Human-Made_Object,gnd-1155799011,https://hwgw.uzh.ch/artwork/gnd-1155799011
object,E22_Human-Made_Object,gnd-1168162300,https://hwgw.uzh.ch/artwork/gnd-1168162300
object,E22_Human-Made_Object,gnd-1168504201,https://hwgw.uzh.ch/artwork/gnd-1168504201
object,E22_Human-Made_Object,gnd-1173129545,https://hwgw.uzh.ch/artwork/gnd-1173129545
object,E22_Human-Made_Object,gnd-1175439282,https://hwgw.uzh.ch/artwork/gnd-1175439282
object,E22_Human-Made_Object,gnd-117818112X,https://hwgw.uzh.ch/artwork/gnd-117818112X
object,E22_Human-Made_Object,gnd-1182005179,https://hwgw.uzh.ch/artwork/gnd-1182005179
object,E22_Human-Made_Object,gnd-118444479X,https://hwgw.uzh.ch/artwork/gnd-118444479X
object,E22_Human-Made_Object,gnd-1184444846,https://hwgw.uzh.ch/artwork/gnd-1184444846
object,E22_Human-Made_Object,gnd-1184444862,https://hwgw.uzh.ch/artwork/gnd-1184444862
object,E22_Human-Made_Object,gnd-1184444900,https://hwgw.uzh.ch/artwork/gnd-1184444900
object,E22_Human-Made_Object,gnd-118444496X,https://hwgw.uzh.ch/artwork/gnd-118444496X
object,E22_Human-Made_Object,gnd-118444644X,https://hwgw.uzh.ch/artwork/gnd-118444644X
object,E22_Human-Made_Object,gnd-1184446725,https://hwgw.uzh.ch/artwork/gnd-1184446725
object,E22_Human-Made_Object,gnd-1184446911,https://hwgw.uzh.ch/artwork/gnd-1184446911
object,E22_Human-Made_Object,gnd-1184447780,https://hwgw.uzh.ch/artwork/gnd-1184447780
object,E22_Human-Made_Object,gnd-1184448434,https://hwgw.uzh.ch/artwork/gnd-1184448434
object,E22_Human-Made_Object,gnd-1184477205,https://hwgw.uzh.ch/artwork/gnd-1184477205
object,E22_Human-Made_Object,gnd-1184477396,https://hwgw.uzh.ch/artwork/gnd-1184477396
object,E22_Human-Made_Object,gnd-1184478929,https://hwgw.uzh.ch/artwork/gnd-1184478929
object,E22_Human-Made_Object,gnd-1184479445,https://hwgw.uzh.ch/artwork/gnd-1184479445
object,E22_Human-Made_Object,gnd-1184480060,https://hwgw.uzh.ch/artwork/gnd-1184480060
object,E22_Human-Made_Object,gnd-1184480192,https://hwgw.uzh.ch/artwork/gnd-1184480192
object,E22_Human-Made_Object,gnd-1184480370,https://hwgw.uzh.ch/artwork/gnd-1184480370
object,E22_Human-Made_Object,gnd-1184481237,https://hwgw.uzh.ch/artwork/gnd-1184481237
object,E22_Human-Made_Object,gnd-1184494177,https://hwgw.uzh.ch/artwork/gnd-1184494177
object,E22_Human-Made_Object,gnd-1184496404,https://hwgw.uzh.ch/artwork/gnd-1184496404
object,E22_Human-Made_Object,gnd-1184496579,https://hwgw.uzh.ch/artwork/gnd-1184496579
object,E22_Human-Made_Object,gnd-1184504679,https://hwgw.uzh.ch/artwork/gnd-1184504679
object,E22_Human-Made_Object,gnd-1184505284,https://hwgw.uzh.ch/artwork/gnd-1184505284
object,E22_Human-Made_Object,gnd-1184505810,https://hwgw.uzh.ch/artwork/gnd-1184505810
object,E22_Human-Made_Object,gnd-1184506760,https://hwgw.uzh.ch/artwork/gnd-1184506760
object,E22_Human-Made_Object,gnd-1184519730,https://hwgw.uzh.ch/artwork/gnd-1184519730
object,E22_Human-Made_Object,gnd-1184519862,https://hwgw.uzh.ch/artwork/gnd-1184519862
object,E22_Human-Made_Object,gnd-1184521654,https://hwgw.uzh.ch/artwork/gnd-1184521654
object,E22_Human-Made_Object,gnd-1184522057,https://hwgw.uzh.ch/artwork/gnd-1184522057
object,E22_Human-Made_Object,gnd-1184523622,https://hwgw.uzh.ch/artwork/gnd-1184523622
object,E22_Human-Made_Object,gnd-1184523843,https://hwgw.uzh.ch/artwork/gnd-1184523843
object,E22_Human-Made_Object,gnd-1184524025,https://hwgw.uzh.ch/artwork/gnd-1184524025
object,E22_Human-Made_Object,gnd-1184524149,https://hwgw.uzh.ch/artwork/gnd-1184524149
object,E22_Human-Made_Object,gnd-1184524386,https://hwgw.uzh.ch/artwork/gnd-1184524386
object,E22_Human-Made_Object,gnd-1184525390,https://hwgw.uzh.ch/artwork/gnd-1184525390
object,E22_Human-Made_Object,gnd-118452694X,https://hwgw.uzh.ch/artwork/gnd-118452694X
object,E22_Human-Made_Object,gnd-1184527350,https://hwgw.uzh.ch/artwork/gnd-1184527350
object,E22_Human-Made_Object,gnd-1184528977,https://hwgw.uzh.ch/artwork/gnd-1184528977
object,E22_Human-Made_Object,gnd-1184529000,https://hwgw.uzh.ch/artwork/gnd-1184529000
object,E22_Human-Made_Object,gnd-118452906X,https://hwgw.uzh.ch/artwork/gnd-118452906X
object,E22_Human-Made_Object,gnd-1184529698,https://hwgw.uzh.ch/artwork/gnd-1184529698
object,E22_Human-Made_Object,gnd-1184529922,https://hwgw.uzh.ch/artwork/gnd-1184529922
object,E22_Human-Made_Object,gnd-1184530149,https://hwgw.uzh.ch/artwork/gnd-1184530149
object,E22_Human-Made_Object,gnd-1184530351,https://hwgw.uzh.ch/artwork/gnd-1184530351
object,E22_Human-Made_Object,gnd-1184530556,https://hwgw.uzh.ch/artwork/gnd-1184530556
object,E22_Human-Made_Object,gnd-1186209704,https://hwgw.uzh.ch/artwork/gnd-1186209704
object,E22_Human-Made_Object,gnd-1186666080,https://hwgw.uzh.ch/artwork/gnd-1186666080
object,E22_Human-Made_Object,gnd-1186745045,https://hwgw.uzh.ch/artwork/gnd-1186745045
object,E22_Human-Made_Object,gnd-1186746068,https://hwgw.uzh.ch/artwork/gnd-1186746068
object,E22_Human-Made_Object,gnd-1186746505,https://hwgw.uzh.ch/artwork/gnd-1186746505
object,E22_Human-Made_Object,gnd-1186753110,https://hwgw.uzh.ch/artwork/gnd-1186753110
object,E22_Human-Made_Object,gnd-1186754737,https://hwgw.uzh.ch/artwork/gnd-1186754737
object,E22_Human-Made_Object,gnd-1186756985,https://hwgw.uzh.ch/artwork/gnd-1186756985
object,E22_Human-Made_Object,gnd-1186823089,https://hwgw.uzh.ch/artwork/gnd-1186823089
object,E22_Human-Made_Object,gnd-1186824190,https://hwgw.uzh.ch/artwork/gnd-1186824190
object,E22_Human-Made_Object,gnd-1186826975,https://hwgw.uzh.ch/artwork/gnd-1186826975
object,E22_Human-Made_Object,gnd-1186827882,https://hwgw.uzh.ch/artwork/gnd-1186827882
object,E22_Human-Made_Object,gnd-1186828404,https://hwgw.uzh.ch/artwork/gnd-1186828404
object,E22_Human-Made_Object,gnd-118683806X,https://hwgw.uzh.ch/artwork/gnd-118683806X
object,E22_Human-Made_Object,gnd-1186844434,https://hwgw.uzh.ch/artwork/gnd-1186844434
object,E22_Human-Made_Object,gnd-1186845813,https://hwgw.uzh.ch/artwork/gnd-1186845813
object,E22_Human-Made_Object,gnd-1186861754,https://hwgw.uzh.ch/artwork/gnd-1186861754
object,E22_Human-Made_Object,gnd-118686205X,https://hwgw.uzh.ch/artwork/gnd-118686205X
object,E22_Human-Made_Object,gnd-1186864826,https://hwgw.uzh.ch/artwork/gnd-1186864826
object,E22_Human-Made_Object,gnd-1186865016,https://hwgw.uzh.ch/artwork/gnd-1186865016
object,E22_Human-Made_Object,gnd-1186865288,https://hwgw.uzh.ch/artwork/gnd-1186865288
object,E22_Human-Made_Object,gnd-1186865628,https://hwgw.uzh.ch/artwork/gnd-1186865628
object,E22_Human-Made_Object,gnd-1186865792,https://hwgw.uzh.ch/artwork/gnd-1186865792
object,E22_Human-Made_Object,gnd-1186866802,https://hwgw.uzh.ch/artwork/gnd-1186866802
object,E22_Human-Made_Object,gnd-1186867752,https://hwgw.uzh.ch/artwork/gnd-1186867752
object,E22_Human-Made_Object,gnd-1186922702,https://hwgw.uzh.ch/artwork/gnd-1186922702
object,E22_Human-Made_Object,gnd-1186932422,https://hwgw.uzh.ch/artwork/gnd-1186932422
object,E22_Human-Made_Object,gnd-1186934042,https://hwgw.uzh.ch/artwork/gnd-1186934042
object,E22_Human-Made_Object,gnd-1186947993,https://hwgw.uzh.ch/artwork/gnd-1186947993
object,E22_Human-Made_Object,gnd-1186996102,https://hwgw.uzh.ch/artwork/gnd-1186996102
object,E22_Human-Made_Object,gnd-1186996595,https://hwgw.uzh.ch/artwork/gnd-1186996595
object,E22_Human-Made_Object,gnd-1186997176,https://hwgw.uzh.ch/artwork/gnd-1186997176
object,E22_Human-Made_Object,gnd-118699939X,https://hwgw.uzh.ch/artwork/gnd-118699939X
object,E22_Human-Made_Object,gnd-1186999802,https://hwgw.uzh.ch/artwork/gnd-1186999802
object,E22_Human-Made_Object,gnd-1186999950,https://hwgw.uzh.ch/artwork/gnd-1186999950
object,E22_Human-Made_Object,gnd-1187000078,https://hwgw.uzh.ch/artwork/gnd-1187000078
object,E22_Human-Made_Object,gnd-1187000272,https://hwgw.uzh.ch/artwork/gnd-1187000272
object,E22_Human-Made_Object,gnd-1187000434,https://hwgw.uzh.ch/artwork/gnd-1187000434
object,E22_Human-Made_Object,gnd-1187000612,https://hwgw.uzh.ch/artwork/gnd-1187000612
object,E22_Human-Made_Object,gnd-1187000930,https://hwgw.uzh.ch/artwork/gnd-1187000930
object,E22_Human-Made_Object,gnd-118944805X,https://hwgw.uzh.ch/artwork/gnd-118944805X
object,E22_Human-Made_Object,gnd-1189453339,https://hwgw.uzh.ch/artwork/gnd-1189453339
object,E22_Human-Made_Object,gnd-118945534X,https://hwgw.uzh.ch/artwork/gnd-118945534X
object,E22_Human-Made_Object,gnd-1189455447,https://hwgw.uzh.ch/artwork/gnd-1189455447
object,E22_Human-Made_Object,gnd-1189455544,https://hwgw.uzh.ch/artwork/gnd-1189455544
object,E22_Human-Made_Object,gnd-1189838052,https://hwgw.uzh.ch/artwork/gnd-1189838052
object,E22_Human-Made_Object,gnd-118983930X,https://hwgw.uzh.ch/artwork/gnd-118983930X
object,E22_Human-Made_Object,gnd-1189840839,https://hwgw.uzh.ch/artwork/gnd-1189840839
object,E22_Human-Made_Object,gnd-1189842386,https://hwgw.uzh.ch/artwork/gnd-1189842386
object,E22_Human-Made_Object,gnd-1189849054,https://hwgw.uzh.ch/artwork/gnd-1189849054
object,E22_Human-Made_Object,gnd-1189851806,https://hwgw.uzh.ch/artwork/gnd-1189851806
object,E22_Human-Made_Object,gnd-1189854929,https://hwgw.uzh.ch/artwork/gnd-1189854929
object,E22_Human-Made_Object,gnd-1189931494,https://hwgw.uzh.ch/artwork/gnd-1189931494
object,E22_Human-Made_Object,gnd-1189932458,https://hwgw.uzh.ch/artwork/gnd-1189932458
object,E22_Human-Made_Object,gnd-1189941856,https://hwgw.uzh.ch/artwork/gnd-1189941856
object,E22_Human-Made_Object,gnd-1189942755,https://hwgw.uzh.ch/artwork/gnd-1189942755
object,E22_Human-Made_Object,gnd-1190045974,https://hwgw.uzh.ch/artwork/gnd-1190045974
object,E22_Human-Made_Object,gnd-1190306778,https://hwgw.uzh.ch/artwork/gnd-1190306778
object,E22_Human-Made_Object,gnd-1190307049,https://hwgw.uzh.ch/artwork/gnd-1190307049
object,E22_Human-Made_Object,gnd-1190312700,https://hwgw.uzh.ch/artwork/gnd-1190312700
object,E22_Human-Made_Object,gnd-1190313537,https://hwgw.uzh.ch/artwork/gnd-1190313537
object,E22_Human-Made_Object,gnd-1190315815,https://hwgw.uzh.ch/artwork/gnd-1190315815
object,E22_Human-Made_Object,gnd-119031634X,https://hwgw.uzh.ch/artwork/gnd-119031634X
object,E22_Human-Made_Object,gnd-1190316900,https://hwgw.uzh.ch/artwork/gnd-1190316900
object,E22_Human-Made_Object,gnd-1190317613,https://hwgw.uzh.ch/artwork/gnd-1190317613
object,E22_Human-Made_Object,gnd-1190318121,https://hwgw.uzh.ch/artwork/gnd-1190318121
object,E22_Human-Made_Object,gnd-1190318776,https://hwgw.uzh.ch/artwork/gnd-1190318776
object,E22_Human-Made_Object,gnd-119032010X,https://hwgw.uzh.ch/artwork/gnd-119032010X
object,E22_Human-Made_Object,gnd-1190320878,https://hwgw.uzh.ch/artwork/gnd-1190320878
object,E22_Human-Made_Object,gnd-1190321270,https://hwgw.uzh.ch/artwork/gnd-1190321270
object,E22_Human-Made_Object,gnd-1190322242,https://hwgw.uzh.ch/artwork/gnd-1190322242
object,E22_Human-Made_Object,gnd-1190373572,https://hwgw.uzh.ch/artwork/gnd-1190373572
object,E22_Human-Made_Object,gnd-1190374102,https://hwgw.uzh.ch/artwork/gnd-1190374102
object,E22_Human-Made_Object,gnd-1190376962,https://hwgw.uzh.ch/artwork/gnd-1190376962
object,E22_Human-Made_Object,gnd-1190381923,https://hwgw.uzh.ch/artwork/gnd-1190381923
object,E22_Human-Made_Object,gnd-1190383047,https://hwgw.uzh.ch/artwork/gnd-1190383047
object,E22_Human-Made_Object,gnd-1190383535,https://hwgw.uzh.ch/artwork/gnd-1190383535
object,E22_Human-Made_Object,gnd-1190384841,https://hwgw.uzh.ch/artwork/gnd-1190384841
object,E22_Human-Made_Object,gnd-1190386828,https://hwgw.uzh.ch/artwork/gnd-1190386828
object,E22_Human-Made_Object,gnd-1190387832,https://hwgw.uzh.ch/artwork/gnd-1190387832
object,E22_Human-Made_Object,gnd-1190389185,https://hwgw.uzh.ch/artwork/gnd-1190389185
object,E22_Human-Made_Object,gnd-1190389908,https://hwgw.uzh.ch/artwork/gnd-1190389908
object,E22_Human-Made_Object,gnd-1190832240,https://hwgw.uzh.ch/artwork/gnd-1190832240
object,E22_Human-Made_Object,gnd-1190832585,https://hwgw.uzh.ch/artwork/gnd-1190832585
object,E22_Human-Made_Object,gnd-1190833018,https://hwgw.uzh.ch/artwork/gnd-1190833018
object,E22_Human-Made_Object,gnd-1190833298,https://hwgw.uzh.ch/artwork/gnd-1190833298
object,E22_Human-Made_Object,gnd-1190837552,https://hwgw.uzh.ch/artwork/gnd-1190837552
object,E22_Human-Made_Object,gnd-1190837951,https://hwgw.uzh.ch/artwork/gnd-1190837951
object,E22_Human-Made_Object,gnd-1190838133,https://hwgw.uzh.ch/artwork/gnd-1190838133
object,E22_Human-Made_Object,gnd-1190838508,https://hwgw.uzh.ch/artwork/gnd-1190838508
object,E22_Human-Made_Object,gnd-119084057X,https://hwgw.uzh.ch/artwork/gnd-119084057X
object,E22_Human-Made_Object,gnd-1190840693,https://hwgw.uzh.ch/artwork/gnd-1190840693
object,E22_Human-Made_Object,gnd-119084088X,https://hwgw.uzh.ch/artwork/gnd-119084088X
object,E22_Human-Made_Object,gnd-1190841304,https://hwgw.uzh.ch/artwork/gnd-1190841304
object,E22_Human-Made_Object,gnd-119084138X,https://hwgw.uzh.ch/artwork/gnd-119084138X
object,E22_Human-Made_Object,gnd-1190841592,https://hwgw.uzh.ch/artwork/gnd-1190841592
object,E22_Human-Made_Object,gnd-1190841959,https://hwgw.uzh.ch/artwork/gnd-1190841959
object,E22_Human-Made_Object,gnd-1190842157,https://hwgw.uzh.ch/artwork/gnd-1190842157
object,E22_Human-Made_Object,gnd-119090831X,https://hwgw.uzh.ch/artwork/gnd-119090831X
object,E22_Human-Made_Object,gnd-1190914514,https://hwgw.uzh.ch/artwork/gnd-1190914514
object,E22_Human-Made_Object,gnd-1190915138,https://hwgw.uzh.ch/artwork/gnd-1190915138
object,E22_Human-Made_Object,gnd-1190915456,https://hwgw.uzh.ch/artwork/gnd-1190915456
object,E22_Human-Made_Object,gnd-1190915642,https://hwgw.uzh.ch/artwork/gnd-1190915642
object,E22_Human-Made_Object,gnd-1190915979,https://hwgw.uzh.ch/artwork/gnd-1190915979
object,E22_Human-Made_Object,gnd-1190916215,https://hwgw.uzh.ch/artwork/gnd-1190916215
object,E22_Human-Made_Object,gnd-1190916290,https://hwgw.uzh.ch/artwork/gnd-1190916290
object,E22_Human-Made_Object,gnd-1190916479,https://hwgw.uzh.ch/artwork/gnd-1190916479
object,E22_Human-Made_Object,gnd-119091669X,https://hwgw.uzh.ch/artwork/gnd-119091669X
object,E22_Human-Made_Object,gnd-1190916991,https://hwgw.uzh.ch/artwork/gnd-1190916991
object,E22_Human-Made_Object,gnd-1190917610,https://hwgw.uzh.ch/artwork/gnd-1190917610
object,E22_Human-Made_Object,gnd-1190918226,https://hwgw.uzh.ch/artwork/gnd-1190918226
object,E22_Human-Made_Object,gnd-1190918986,https://hwgw.uzh.ch/artwork/gnd-1190918986
object,E22_Human-Made_Object,gnd-1190919060,https://hwgw.uzh.ch/artwork/gnd-1190919060
object,E22_Human-Made_Object,gnd-119091915X,https://hwgw.uzh.ch/artwork/gnd-119091915X
object,E22_Human-Made_Object,gnd-1190919362,https://hwgw.uzh.ch/artwork/gnd-1190919362
object,E22_Human-Made_Object,gnd-1190919524,https://hwgw.uzh.ch/artwork/gnd-1190919524
object,E22_Human-Made_Object,gnd-1190920360,https://hwgw.uzh.ch/artwork/gnd-1190920360
object,E22_Human-Made_Object,gnd-1190920522,https://hwgw.uzh.ch/artwork/gnd-1190920522
object,E22_Human-Made_Object,gnd-1190921294,https://hwgw.uzh.ch/artwork/gnd-1190921294
object,E22_Human-Made_Object,gnd-1191389294,https://hwgw.uzh.ch/artwork/gnd-1191389294
object,E22_Human-Made_Object,gnd-1191389677,https://hwgw.uzh.ch/artwork/gnd-1191389677
object,E22_Human-Made_Object,gnd-1191390411,https://hwgw.uzh.ch/artwork/gnd-1191390411
object,E22_Human-Made_Object,gnd-1191391140,https://hwgw.uzh.ch/artwork/gnd-1191391140
object,E22_Human-Made_Object,gnd-1191396207,https://hwgw.uzh.ch/artwork/gnd-1191396207
object,E22_Human-Made_Object,gnd-1191793818,https://hwgw.uzh.ch/artwork/gnd-1191793818
object,E22_Human-Made_Object,gnd-1191850625,https://hwgw.uzh.ch/artwork/gnd-1191850625
object,E22_Human-Made_Object,gnd-1191853039,https://hwgw.uzh.ch/artwork/gnd-1191853039
object,E22_Human-Made_Object,gnd-1191853217,https://hwgw.uzh.ch/artwork/gnd-1191853217
object,E22_Human-Made_Object,gnd-1191854213,https://hwgw.uzh.ch/artwork/gnd-1191854213
object,E22_Human-Made_Object,gnd-1191855163,https://hwgw.uzh.ch/artwork/gnd-1191855163
object,E22_Human-Made_Object,gnd-1191935078,https://hwgw.uzh.ch/artwork/gnd-1191935078
object,E22_Human-Made_Object,gnd-1191937038,https://hwgw.uzh.ch/artwork/gnd-1191937038
object,E22_Human-Made_Object,gnd-1191938875,https://hwgw.uzh.ch/artwork/gnd-1191938875
object,E22_Human-Made_Object,gnd-1192345886,https://hwgw.uzh.ch/artwork/gnd-1192345886
object,E22_Human-Made_Object,gnd-1192351258,https://hwgw.uzh.ch/artwork/gnd-1192351258
object,E22_Human-Made_Object,gnd-1192351509,https://hwgw.uzh.ch/artwork/gnd-1192351509
object,E22_Human-Made_Object,gnd-119246608X,https://hwgw.uzh.ch/artwork/gnd-119246608X
object,E22_Human-Made_Object,gnd-1192532678,https://hwgw.uzh.ch/artwork/gnd-1192532678
object,E22_Human-Made_Object,gnd-1192533836,https://hwgw.uzh.ch/artwork/gnd-1192533836
object,E22_Human-Made_Object,gnd-119319976X,https://hwgw.uzh.ch/artwork/gnd-119319976X
object,E22_Human-Made_Object,gnd-1193202930,https://hwgw.uzh.ch/artwork/gnd-1193202930
object,E22_Human-Made_Object,gnd-1193267056,https://hwgw.uzh.ch/artwork/gnd-1193267056
object,E22_Human-Made_Object,gnd-1193270588,https://hwgw.uzh.ch/artwork/gnd-1193270588
object,E22_Human-Made_Object,gnd-1193270723,https://hwgw.uzh.ch/artwork/gnd-1193270723
object,E22_Human-Made_Object,gnd-1193272408,https://hwgw.uzh.ch/artwork/gnd-1193272408
object,E22_Human-Made_Object,gnd-1193277019,https://hwgw.uzh.ch/artwork/gnd-1193277019
object,E22_Human-Made_Object,gnd-1194196896,https://hwgw.uzh.ch/artwork/gnd-1194196896
object,E22_Human-Made_Object,gnd-1194197388,https://hwgw.uzh.ch/artwork/gnd-1194197388
object,E22_Human-Made_Object,gnd-1194198910,https://hwgw.uzh.ch/artwork/gnd-1194198910
object,E22_Human-Made_Object,gnd-1194199739,https://hwgw.uzh.ch/artwork/gnd-1194199739
object,E22_Human-Made_Object,gnd-1194200478,https://hwgw.uzh.ch/artwork/gnd-1194200478
object,E22_Human-Made_Object,gnd-119420063X,https://hwgw.uzh.ch/artwork/gnd-119420063X
object,E22_Human-Made_Object,gnd-1194201709,https://hwgw.uzh.ch/artwork/gnd-1194201709
object,E22_Human-Made_Object,gnd-1194205402,https://hwgw.uzh.ch/artwork/gnd-1194205402
object,E22_Human-Made_Object,gnd-119420578X,https://hwgw.uzh.ch/artwork/gnd-119420578X
object,E22_Human-Made_Object,gnd-1194206182,https://hwgw.uzh.ch/artwork/gnd-1194206182
object,E22_Human-Made_Object,gnd-1194206980,https://hwgw.uzh.ch/artwork/gnd-1194206980
object,E22_Human-Made_Object,gnd-1194252230,https://hwgw.uzh.ch/artwork/gnd-1194252230
object,E22_Human-Made_Object,gnd-1194252737,https://hwgw.uzh.ch/artwork/gnd-1194252737
object,E22_Human-Made_Object,gnd-1194253024,https://hwgw.uzh.ch/artwork/gnd-1194253024
object,E22_Human-Made_Object,gnd-1194259472,https://hwgw.uzh.ch/artwork/gnd-1194259472
object,E22_Human-Made_Object,gnd-1194581994,https://hwgw.uzh.ch/artwork/gnd-1194581994
object,E22_Human-Made_Object,gnd-1194582915,https://hwgw.uzh.ch/artwork/gnd-1194582915
object,E22_Human-Made_Object,gnd-1194669956,https://hwgw.uzh.ch/artwork/gnd-1194669956
object,E22_Human-Made_Object,gnd-1194676251,https://hwgw.uzh.ch/artwork/gnd-1194676251
object,E22_Human-Made_Object,gnd-119523192X,https://hwgw.uzh.ch/artwork/gnd-119523192X
object,E22_Human-Made_Object,gnd-1195236794,https://hwgw.uzh.ch/artwork/gnd-1195236794
object,E22_Human-Made_Object,gnd-1195237073,https://hwgw.uzh.ch/artwork/gnd-1195237073
object,E22_Human-Made_Object,gnd-1195238452,https://hwgw.uzh.ch/artwork/gnd-1195238452
object,E22_Human-Made_Object,gnd-1195238576,https://hwgw.uzh.ch/artwork/gnd-1195238576
object,E22_Human-Made_Object,gnd-1195662092,https://hwgw.uzh.ch/artwork/gnd-1195662092
object,E22_Human-Made_Object,gnd-1195662262,https://hwgw.uzh.ch/artwork/gnd-1195662262
object,E22_Human-Made_Object,gnd-1195662297,https://hwgw.uzh.ch/artwork/gnd-1195662297
object,E22_Human-Made_Object,gnd-1195662998,https://hwgw.uzh.ch/artwork/gnd-1195662998
object,E22_Human-Made_Object,gnd-1195663099,https://hwgw.uzh.ch/artwork/gnd-1195663099
object,E22_Human-Made_Object,gnd-1195663145,https://hwgw.uzh.ch/artwork/gnd-1195663145
object,E22_Human-Made_Object,gnd-1195663323,https://hwgw.uzh.ch/artwork/gnd-1195663323
object,E22_Human-Made_Object,gnd-1195663536,https://hwgw.uzh.ch/artwork/gnd-1195663536
object,E22_Human-Made_Object,gnd-1195663625,https://hwgw.uzh.ch/artwork/gnd-1195663625
object,E22_Human-Made_Object,gnd-1195663730,https://hwgw.uzh.ch/artwork/gnd-1195663730
object,E22_Human-Made_Object,gnd-1195663846,https://hwgw.uzh.ch/artwork/gnd-1195663846
object,E22_Human-Made_Object,gnd-1195663943,https://hwgw.uzh.ch/artwork/gnd-1195663943
object,E22_Human-Made_Object,gnd-1195664400,https://hwgw.uzh.ch/artwork/gnd-1195664400
object,E22_Human-Made_Object,gnd-1195664575,https://hwgw.uzh.ch/artwork/gnd-1195664575
object,E22_Human-Made_Object,gnd-1195664869,https://hwgw.uzh.ch/artwork/gnd-1195664869
object,E22_Human-Made_Object,gnd-1195665075,https://hwgw.uzh.ch/artwork/gnd-1195665075
object,E22_Human-Made_Object,gnd-1195729286,https://hwgw.uzh.ch/artwork/gnd-1195729286
object,E22_Human-Made_Object,gnd-1195729596,https://hwgw.uzh.ch/artwork/gnd-1195729596
object,E22_Human-Made_Object,gnd-1195802412,https://hwgw.uzh.ch/artwork/gnd-1195802412
object,E22_Human-Made_Object,gnd-1196239282,https://hwgw.uzh.ch/artwork/gnd-1196239282
object,E22_Human-Made_Object,gnd-119623941X,https://hwgw.uzh.ch/artwork/gnd-119623941X
object,E22_Human-Made_Object,gnd-1196239509,https://hwgw.uzh.ch/artwork/gnd-1196239509
object,E22_Human-Made_Object,gnd-1196239746,https://hwgw.uzh.ch/artwork/gnd-1196239746
object,E22_Human-Made_Object,gnd-119623986X,https://hwgw.uzh.ch/artwork/gnd-119623986X
object,E22_Human-Made_Object,gnd-1196240027,https://hwgw.uzh.ch/artwork/gnd-1196240027
object,E22_Human-Made_Object,gnd-1196240973,https://hwgw.uzh.ch/artwork/gnd-1196240973
object,E22_Human-Made_Object,gnd-1196815151,https://hwgw.uzh.ch/artwork/gnd-1196815151
object,E22_Human-Made_Object,gnd-119682519X,https://hwgw.uzh.ch/artwork/gnd-119682519X
object,E22_Human-Made_Object,gnd-1196833060,https://hwgw.uzh.ch/artwork/gnd-1196833060
object,E22_Human-Made_Object,gnd-1196892776,https://hwgw.uzh.ch/artwork/gnd-1196892776
object,E22_Human-Made_Object,gnd-1196903220,https://hwgw.uzh.ch/artwork/gnd-1196903220
object,E22_Human-Made_Object,gnd-119731623X,https://hwgw.uzh.ch/artwork/gnd-119731623X
object,E22_Human-Made_Object,gnd-1197324828,https://hwgw.uzh.ch/artwork/gnd-1197324828
object,E22_Human-Made_Object,gnd-1197327355,https://hwgw.uzh.ch/artwork/gnd-1197327355
object,E22_Human-Made_Object,gnd-1197329048,https://hwgw.uzh.ch/artwork/gnd-1197329048
object,E22_Human-Made_Object,gnd-119733100X,https://hwgw.uzh.ch/artwork/gnd-119733100X
object,E22_Human-Made_Object,gnd-119733176X,https://hwgw.uzh.ch/artwork/gnd-119733176X
object,E22_Human-Made_Object,gnd-1197338306,https://hwgw.uzh.ch/artwork/gnd-1197338306
object,E22_Human-Made_Object,gnd-1197339728,https://hwgw.uzh.ch/artwork/gnd-1197339728
object,E22_Human-Made_Object,gnd-119763083X,https://hwgw.uzh.ch/artwork/gnd-119763083X
object,E22_Human-Made_Object,gnd-119763178X,https://hwgw.uzh.ch/artwork/gnd-119763178X
object,E22_Human-Made_Object,gnd-1197640762,https://hwgw.uzh.ch/artwork/gnd-1197640762
object,E22_Human-Made_Object,gnd-1197642382,https://hwgw.uzh.ch/artwork/gnd-1197642382
object,E22_Human-Made_Object,gnd-1197643532,https://hwgw.uzh.ch/artwork/gnd-1197643532
object,E22_Human-Made_Object,gnd-1197644377,https://hwgw.uzh.ch/artwork/gnd-1197644377
object,E22_Human-Made_Object,gnd-119764508X,https://hwgw.uzh.ch/artwork/gnd-119764508X
object,E22_Human-Made_Object,gnd-1197645578,https://hwgw.uzh.ch/artwork/gnd-1197645578
object,E22_Human-Made_Object,gnd-1197645861,https://hwgw.uzh.ch/artwork/gnd-1197645861
object,E22_Human-Made_Object,gnd-1197646108,https://hwgw.uzh.ch/artwork/gnd-1197646108
object,E22_Human-Made_Object,gnd-1197730176,https://hwgw.uzh.ch/artwork/gnd-1197730176
object,E22_Human-Made_Object,gnd-1197746897,https://hwgw.uzh.ch/artwork/gnd-1197746897
object,E22_Human-Made_Object,gnd-1197752293,https://hwgw.uzh.ch/artwork/gnd-1197752293
object,E22_Human-Made_Object,gnd-1197754083,https://hwgw.uzh.ch/artwork/gnd-1197754083
object,E22_Human-Made_Object,gnd-1197819398,https://hwgw.uzh.ch/artwork/gnd-1197819398
object,E22_Human-Made_Object,gnd-1197826181,https://hwgw.uzh.ch/artwork/gnd-1197826181
object,E22_Human-Made_Object,gnd-1197831746,https://hwgw.uzh.ch/artwork/gnd-1197831746
object,E22_Human-Made_Object,gnd-1197928510,https://hwgw.uzh.ch/artwork/gnd-1197928510
object,E22_Human-Made_Object,gnd-1197929029,https://hwgw.uzh.ch/artwork/gnd-1197929029
object,E22_Human-Made_Object,gnd-1197929614,https://hwgw.uzh.ch/artwork/gnd-1197929614
object,E22_Human-Made_Object,gnd-1197935398,https://hwgw.uzh.ch/artwork/gnd-1197935398
object,E22_Human-Made_Object,gnd-1198435003,https://hwgw.uzh.ch/artwork/gnd-1198435003
object,E22_Human-Made_Object,gnd-1198955422,https://hwgw.uzh.ch/artwork/gnd-1198955422
object,E22_Human-Made_Object,gnd-119895647X,https://hwgw.uzh.ch/artwork/gnd-119895647X
object,E22_Human-Made_Object,gnd-1198960191,https://hwgw.uzh.ch/artwork/gnd-1198960191
object,E22_Human-Made_Object,gnd-1198960779,https://hwgw.uzh.ch/artwork/gnd-1198960779
object,E22_Human-Made_Object,gnd-1198961325,https://hwgw.uzh.ch/artwork/gnd-1198961325
object,E22_Human-Made_Object,gnd-1198962003,https://hwgw.uzh.ch/artwork/gnd-1198962003
object,E22_Human-Made_Object,gnd-1198962518,https://hwgw.uzh.ch/artwork/gnd-1198962518
object,E22_Human-Made_Object,gnd-1198964553,https://hwgw.uzh.ch/artwork/gnd-1198964553
object,E22_Human-Made_Object,gnd-1198964715,https://hwgw.uzh.ch/artwork/gnd-1198964715
object,E22_Human-Made_Object,gnd-1198964855,https://hwgw.uzh.ch/artwork/gnd-1198964855
object,E22_Human-Made_Object,gnd-1198965258,https://hwgw.uzh.ch/artwork/gnd-1198965258
object,E22_Human-Made_Object,gnd-1198965444,https://hwgw.uzh.ch/artwork/gnd-1198965444
object,E22_Human-Made_Object,gnd-1199022004,https://hwgw.uzh.ch/artwork/gnd-1199022004
object,E22_Human-Made_Object,gnd-1199168637,https://hwgw.uzh.ch/artwork/gnd-1199168637
object,E22_Human-Made_Object,gnd-1199582913,https://hwgw.uzh.ch/artwork/gnd-1199582913
object,E22_Human-Made_Object,gnd-1199583138,https://hwgw.uzh.ch/artwork/gnd-1199583138
object,E22_Human-Made_Object,gnd-119958391X,https://hwgw.uzh.ch/artwork/gnd-119958391X
object,E22_Human-Made_Object,gnd-1199586692,https://hwgw.uzh.ch/artwork/gnd-1199586692
object,E22_Human-Made_Object,gnd-1199664057,https://hwgw.uzh.ch/artwork/gnd-1199664057
object,E22_Human-Made_Object,gnd-1200049594,https://hwgw.uzh.ch/artwork/gnd-1200049594
object,E22_Human-Made_Object,gnd-1200051580,https://hwgw.uzh.ch/artwork/gnd-1200051580
object,E22_Human-Made_Object,gnd-1200051785,https://hwgw.uzh.ch/artwork/gnd-1200051785
object,E22_Human-Made_Object,gnd-120024463X,https://hwgw.uzh.ch/artwork/gnd-120024463X
object,E22_Human-Made_Object,gnd-1200247825,https://hwgw.uzh.ch/artwork/gnd-1200247825
object,E22_Human-Made_Object,gnd-1200249798,https://hwgw.uzh.ch/artwork/gnd-1200249798
object,E22_Human-Made_Object,gnd-1200253345,https://hwgw.uzh.ch/artwork/gnd-1200253345
object,E22_Human-Made_Object,gnd-1200503945,https://hwgw.uzh.ch/artwork/gnd-1200503945
object,E22_Human-Made_Object,gnd-1200580303,https://hwgw.uzh.ch/artwork/gnd-1200580303
object,E22_Human-Made_Object,gnd-1200581393,https://hwgw.uzh.ch/artwork/gnd-1200581393
object,E22_Human-Made_Object,gnd-1200597494,https://hwgw.uzh.ch/artwork/gnd-1200597494
object,E22_Human-Made_Object,gnd-1201044251,https://hwgw.uzh.ch/artwork/gnd-1201044251
object,E22_Human-Made_Object,gnd-1201044642,https://hwgw.uzh.ch/artwork/gnd-1201044642
object,E22_Human-Made_Object,gnd-1201106710,https://hwgw.uzh.ch/artwork/gnd-1201106710
object,E22_Human-Made_Object,gnd-1201126460,https://hwgw.uzh.ch/artwork/gnd-1201126460
object,E22_Human-Made_Object,gnd-1201136547,https://hwgw.uzh.ch/artwork/gnd-1201136547
object,E22_Human-Made_Object,gnd-1201136849,https://hwgw.uzh.ch/artwork/gnd-1201136849
object,E22_Human-Made_Object,gnd-1201436575,https://hwgw.uzh.ch/artwork/gnd-1201436575
object,E22_Human-Made_Object,gnd-1205126864,https://hwgw.uzh.ch/built_work/gnd-1205126864
object,E22_Human-Made_Object,gnd-1206575069,https://hwgw.uzh.ch/artwork/gnd-1206575069
object,E22_Human-Made_Object,gnd-1207336254,https://hwgw.uzh.ch/artwork/gnd-1207336254
object,E22_Human-Made_Object,gnd-1208032607,https://hwgw.uzh.ch/built_work/gnd-1208032607
object,E22_Human-Made_Object,gnd-1217687157,https://hwgw.uzh.ch/built_work/gnd-1217687157
object,E22_Human-Made_Object,gnd-1222460912,https://hwgw.uzh.ch/artwork/gnd-1222460912
object,E22_Human-Made_Object,gnd-1223122409,https://hwgw.uzh.ch/artwork/gnd-1223122409
object,E22_Human-Made_Object,gnd-1223123278,https://hwgw.uzh.ch/artwork/gnd-1223123278
object,E22_Human-Made_Object,gnd-123518756X,https://hwgw.uzh.ch/artwork/gnd-123518756X
object,E22_Human-Made_Object,gnd-1246859068,https://hwgw.uzh.ch/artwork/gnd-1246859068
object,E22_Human-Made_Object,gnd-124826004X,https://hwgw.uzh.ch/artwork/gnd-124826004X
object,E22_Human-Made_Object,gnd-125020965X,https://hwgw.uzh.ch/artwork/gnd-125020965X
object,E22_Human-Made_Object,gnd-1252261896,https://hwgw.uzh.ch/artwork/gnd-1252261896
object,E22_Human-Made_Object,gnd-1267965967,https://hwgw.uzh.ch/built_work/gnd-1267965967
object,E22_Human-Made_Object,gnd-1268049115,https://hwgw.uzh.ch/built_work/gnd-1268049115
object,E22_Human-Made_Object,gnd-126839193X,https://hwgw.uzh.ch/built_work/gnd-126839193X
object,E22_Human-Made_Object,gnd-127008111X,https://hwgw.uzh.ch/built_work/gnd-127008111X
object,E22_Human-Made_Object,gnd-1282115189,https://hwgw.uzh.ch/artwork/gnd-1282115189
object,E22_Human-Made_Object,gnd-128412584X,https://hwgw.uzh.ch/artwork/gnd-128412584X
object,E22_Human-Made_Object,gnd-1284520730,https://hwgw.uzh.ch/artwork/gnd-1284520730
object,E22_Human-Made_Object,gnd-128728048X,https://hwgw.uzh.ch/artwork/gnd-128728048X
object,E22_Human-Made_Object,gnd-1295753480,https://hwgw.uzh.ch/artwork/gnd-1295753480
object,E22_Human-Made_Object,gnd-130670667X,https://hwgw.uzh.ch/built_work/gnd-130670667X
object,E22_Human-Made_Object,gnd-1310664927,https://hwgw.uzh.ch/artwork/gnd-1310664927
object,E22_Human-Made_Object,gnd-1324109777,https://hwgw.uzh.ch/artwork/gnd-1324109777
object,E22_Human-Made_Object,gnd-1329373863,https://hwgw.uzh.ch/built_work/gnd-1329373863
object,E22_Human-Made_Object,gnd-1333497997,https://hwgw.uzh.ch/artwork/gnd-1333497997
object,E22_Human-Made_Object,gnd-1333579055,https://hwgw.uzh.ch/artwork/gnd-1333579055
object,E22_Human-Made_Object,gnd-1336150769,https://hwgw.uzh.ch/artwork/gnd-1336150769
object,E22_Human-Made_Object,gnd-133615358X,https://hwgw.uzh.ch/artwork/gnd-133615358X
object,E22_Human-Made_Object,gnd-1336154071,https://hwgw.uzh.ch/built_work/gnd-1336154071
object,E22_Human-Made_Object,gnd-1336155795,https://hwgw.uzh.ch/artwork/gnd-1336155795
object,E22_Human-Made_Object,gnd-1336430869,https://hwgw.uzh.ch/artwork/gnd-1336430869
object,E22_Human-Made_Object,gnd-1360479449,https://hwgw.uzh.ch/built_work/gnd-1360479449
object,E22_Human-Made_Object,gnd-1361919698,https://hwgw.uzh.ch/artwork/gnd-1361919698
object,E22_Human-Made_Object,gnd-1375631535,https://hwgw.uzh.ch/built_work/gnd-1375631535
object,E22_Human-Made_Object,gnd-1381592562,https://hwgw.uzh.ch/artwork/gnd-1381592562
object,E22_Human-Made_Object,gnd-1389886832,https://hwgw.uzh.ch/artwork/gnd-1389886832
object,E22_Human-Made_Object,gnd-1400077389,https://hwgw.uzh.ch/artwork/gnd-1400077389
object,E22_Human-Made_Object,gnd-1400078016,https://hwgw.uzh.ch/artwork/gnd-1400078016
object,E22_Human-Made_Object,gnd-1400078822,https://hwgw.uzh.ch/artwork/gnd-1400078822
object,E22_Human-Made_Object,gnd-4063512-0,https://hwgw.uzh.ch/built_work/gnd-4063512-0
object,E22_Human-Made_Object,gnd-4065420-5,https://hwgw.uzh.ch/artwork/gnd-4065420-5
object,E22_Human-Made_Object,gnd-4074156-4,https://hwgw.uzh.ch/artwork/gnd-4074156-4
object,E22_Human-Made_Object,gnd-4075050-4,https://hwgw.uzh.ch/built_work/gnd-4075050-4
object,E22_Human-Made_Object,gnd-4075796-1,https://hwgw.uzh.ch/built_work/gnd-4075796-1
object,E22_Human-Made_Object,gnd-4075797-3,https://hwgw.uzh.ch/built_work/gnd-4075797-3
object,E22_Human-Made_Object,gnd-4075798-5,https://hwgw.uzh.ch/built_work/gnd-4075798-5
object,E22_Human-Made_Object,gnd-4075889-8,https://hwgw.uzh.ch/built_work/gnd-4075889-8
object,E22_Human-Made_Object,gnd-4076822-3,https://hwgw.uzh.ch/built_work/gnd-4076822-3
object,E22_Human-Made_Object,gnd-4078763-1,https://hwgw.uzh.ch/built_work/gnd-4078763-1
object,E22_Human-Made_Object,gnd-4078765-5,https://hwgw.uzh.ch/built_work/gnd-4078765-5
object,E22_Human-Made_Object,gnd-4078844-1,https://hwgw.uzh.ch/built_work/gnd-4078844-1
object,E22_Human-Made_Object,gnd-4086007-3,https://hwgw.uzh.ch/built_work/gnd-4086007-3
object,E22_Human-Made_Object,gnd-4086875-8,https://hwgw.uzh.ch/built_work/gnd-4086875-8
object,E22_Human-Made_Object,gnd-4093015-4,https://hwgw.uzh.ch/built_work/gnd-4093015-4
object,E22_Human-Made_Object,gnd-4093016-6,https://hwgw.uzh.ch/built_work/gnd-4093016-6
object,E22_Human-Made_Object,gnd-4097997-0,https://hwgw.uzh.ch/built_work/gnd-4097997-0
object,E22_Human-Made_Object,gnd-4097998-2,https://hwgw.uzh.ch/built_work/gnd-4097998-2
object,E22_Human-Made_Object,gnd-4099133-7,https://hwgw.uzh.ch/artwork/gnd-4099133-7
object,E22_Human-Made_Object,gnd-4099169-6,https://hwgw.uzh.ch/artwork/gnd-4099169-6
object,E22_Human-Made_Object,gnd-4103544-6,https://hwgw.uzh.ch/artwork/gnd-4103544-6
object,E22_Human-Made_Object,gnd-4104516-6,https://hwgw.uzh.ch/built_work/gnd-4104516-6
object,E22_Human-Made_Object,gnd-4104564-6,https://hwgw.uzh.ch/built_work/gnd-4104564-6
object,E22_Human-Made_Object,gnd-4104570-1,https://hwgw.uzh.ch/built_work/gnd-4104570-1
object,E22_Human-Made_Object,gnd-4104967-6,https://hwgw.uzh.ch/built_work/gnd-4104967-6
object,E22_Human-Made_Object,gnd-4104968-8,https://hwgw.uzh.ch/built_work/gnd-4104968-8
object,E22_Human-Made_Object,gnd-4104970-6,https://hwgw.uzh.ch/built_work/gnd-4104970-6
object,E22_Human-Made_Object,gnd-4104971-8,https://hwgw.uzh.ch/built_work/gnd-4104971-8
object,E22_Human-Made_Object,gnd-4106993-6,https://hwgw.uzh.ch/built_work/gnd-4106993-6
object,E22_Human-Made_Object,gnd-4112459-5,https://hwgw.uzh.ch/built_work/gnd-4112459-5
object,E22_Human-Made_Object,gnd-4115691-2,https://hwgw.uzh.ch/artwork/gnd-4115691-2
object,E22_Human-Made_Object,gnd-4115785-0,https://hwgw.uzh.ch/built_work/gnd-4115785-0
object,E22_Human-Made_Object,gnd-4115786-2,https://hwgw.uzh.ch/built_work/gnd-4115786-2
object,E22_Human-Made_Object,gnd-4119854-2,https://hwgw.uzh.ch/built_work/gnd-4119854-2
object,E22_Human-Made_Object,gnd-4122000-6,https://hwgw.uzh.ch/built_work/gnd-4122000-6
object,E22_Human-Made_Object,gnd-4122597-1,https://hwgw.uzh.ch/built_work/gnd-4122597-1
object,E22_Human-Made_Object,gnd-4124075-3,https://hwgw.uzh.ch/built_work/gnd-4124075-3
object,E22_Human-Made_Object,gnd-4124716-4,https://hwgw.uzh.ch/built_work/gnd-4124716-4
object,E22_Human-Made_Object,gnd-4126920-2,https://hwgw.uzh.ch/built_work/gnd-4126920-2
object,E22_Human-Made_Object,gnd-4128871-3,https://hwgw.uzh.ch/artwork/gnd-4128871-3
object,E22_Human-Made_Object,gnd-4129551-1,https://hwgw.uzh.ch/built_work/gnd-4129551-1
object,E22_Human-Made_Object,gnd-4131293-4,https://hwgw.uzh.ch/built_work/gnd-4131293-4
object,E22_Human-Made_Object,gnd-4132384-1,https://hwgw.uzh.ch/built_work/gnd-4132384-1
object,E22_Human-Made_Object,gnd-4133052-3,https://hwgw.uzh.ch/built_work/gnd-4133052-3
object,E22_Human-Made_Object,gnd-4134967-2,https://hwgw.uzh.ch/built_work/gnd-4134967-2
object,E22_Human-Made_Object,gnd-4136371-1,https://hwgw.uzh.ch/artwork/gnd-4136371-1
object,E22_Human-Made_Object,gnd-4138108-7,https://hwgw.uzh.ch/built_work/gnd-4138108-7
object,E22_Human-Made_Object,gnd-4192056-9,https://hwgw.uzh.ch/built_work/gnd-4192056-9
object,E22_Human-Made_Object,gnd-4192363-7,https://hwgw.uzh.ch/built_work/gnd-4192363-7
object,E22_Human-Made_Object,gnd-4194515-3,https://hwgw.uzh.ch/built_work/gnd-4194515-3
object,E22_Human-Made_Object,gnd-4194713-7,https://hwgw.uzh.ch/artwork/gnd-4194713-7
object,E22_Human-Made_Object,gnd-4195043-4,https://hwgw.uzh.ch/artwork/gnd-4195043-4
object,E22_Human-Made_Object,gnd-4196659-4,https://hwgw.uzh.ch/built_work/gnd-4196659-4
object,E22_Human-Made_Object,gnd-4197499-2,https://hwgw.uzh.ch/built_work/gnd-4197499-2
object,E22_Human-Made_Object,gnd-4199094-8,https://hwgw.uzh.ch/built_work/gnd-4199094-8
object,E22_Human-Made_Object,gnd-4199104-7,https://hwgw.uzh.ch/built_work/gnd-4199104-7
object,E22_Human-Made_Object,gnd-4201021-4,https://hwgw.uzh.ch/artwork/gnd-4201021-4
object,E22_Human-Made_Object,gnd-4201033-0,https://hwgw.uzh.ch/artwork/gnd-4201033-0
object,E22_Human-Made_Object,gnd-4201034-2,https://hwgw.uzh.ch/artwork/gnd-4201034-2
object,E22_Human-Made_Object,gnd-4201035-4,https://hwgw.uzh.ch/artwork/gnd-4201035-4
object,E22_Human-Made_Object,gnd-4204237-9,https://hwgw.uzh.ch/built_work/gnd-4204237-9
object,E22_Human-Made_Object,gnd-4204453-4,https://hwgw.uzh.ch/built_work/gnd-4204453-4
object,E22_Human-Made_Object,gnd-4206436-3,https://hwgw.uzh.ch/built_work/gnd-4206436-3
object,E22_Human-Made_Object,gnd-4206588-4,https://hwgw.uzh.ch/built_work/gnd-4206588-4
object,E22_Human-Made_Object,gnd-4208081-2,https://hwgw.uzh.ch/built_work/gnd-4208081-2
object,E22_Human-Made_Object,gnd-4209662-5,https://hwgw.uzh.ch/built_work/gnd-4209662-5
object,E22_Human-Made_Object,gnd-4212398-7,https://hwgw.uzh.ch/built_work/gnd-4212398-7
object,E22_Human-Made_Object,gnd-4214339-1,https://hwgw.uzh.ch/built_work/gnd-4214339-1
object,E22_Human-Made_Object,gnd-4215110-7,https://hwgw.uzh.ch/built_work/gnd-4215110-7
object,E22_Human-Made_Object,gnd-4215419-4,https://hwgw.uzh.ch/built_work/gnd-4215419-4
object,E22_Human-Made_Object,gnd-4216051-0,https://hwgw.uzh.ch/built_work/gnd-4216051-0
object,E22_Human-Made_Object,gnd-4216058-3,https://hwgw.uzh.ch/built_work/gnd-4216058-3
object,E22_Human-Made_Object,gnd-4217965-8,https://hwgw.uzh.ch/built_work/gnd-4217965-8
object,E22_Human-Made_Object,gnd-4218596-8,https://hwgw.uzh.ch/built_work/gnd-4218596-8
object,E22_Human-Made_Object,gnd-4219130-0,https://hwgw.uzh.ch/artwork/gnd-4219130-0
object,E22_Human-Made_Object,gnd-4219479-9,https://hwgw.uzh.ch/built_work/gnd-4219479-9
object,E22_Human-Made_Object,gnd-4219679-6,https://hwgw.uzh.ch/artwork/gnd-4219679-6
object,E22_Human-Made_Object,gnd-4221902-4,https://hwgw.uzh.ch/built_work/gnd-4221902-4
object,E22_Human-Made_Object,gnd-4221903-6,https://hwgw.uzh.ch/built_work/gnd-4221903-6
object,E22_Human-Made_Object,gnd-4222311-8,https://hwgw.uzh.ch/built_work/gnd-4222311-8
object,E22_Human-Made_Object,gnd-4222332-5,https://hwgw.uzh.ch/built_work/gnd-4222332-5
object,E22_Human-Made_Object,gnd-4223219-3,https://hwgw.uzh.ch/artwork/gnd-4223219-3
object,E22_Human-Made_Object,gnd-4223239-9,https://hwgw.uzh.ch/built_work/gnd-4223239-9
object,E22_Human-Made_Object,gnd-4223242-9,https://hwgw.uzh.ch/built_work/gnd-4223242-9
object,E22_Human-Made_Object,gnd-4223244-2,https://hwgw.uzh.ch/built_work/gnd-4223244-2
object,E22_Human-Made_Object,gnd-4223252-1,https://hwgw.uzh.ch/built_work/gnd-4223252-1
object,E22_Human-Made_Object,gnd-4224096-7,https://hwgw.uzh.ch/built_work/gnd-4224096-7
object,E22_Human-Made_Object,gnd-4224099-2,https://hwgw.uzh.ch/built_work/gnd-4224099-2
object,E22_Human-Made_Object,gnd-4224548-5,https://hwgw.uzh.ch/built_work/gnd-4224548-5
object,E22_Human-Made_Object,gnd-4224553-9,https://hwgw.uzh.ch/built_work/gnd-4224553-9
object,E22_Human-Made_Object,gnd-4224558-8,https://hwgw.uzh.ch/built_work/gnd-4224558-8
object,E22_Human-Made_Object,gnd-4224632-5,https://hwgw.uzh.ch/built_work/gnd-4224632-5
object,E22_Human-Made_Object,gnd-4224637-4,https://hwgw.uzh.ch/built_work/gnd-4224637-4
object,E22_Human-Made_Object,gnd-4227471-0,https://hwgw.uzh.ch/built_work/gnd-4227471-0
object,E22_Human-Made_Object,gnd-4228130-1,https://hwgw.uzh.ch/artwork/gnd-4228130-1
object,E22_Human-Made_Object,gnd-4228687-6,https://hwgw.uzh.ch/built_work/gnd-4228687-6
object,E22_Human-Made_Object,gnd-4229769-2,https://hwgw.uzh.ch/built_work/gnd-4229769-2
object,E22_Human-Made_Object,gnd-4230577-9,https://hwgw.uzh.ch/built_work/gnd-4230577-9
object,E22_Human-Made_Object,gnd-4230691-7,https://hwgw.uzh.ch/built_work/gnd-4230691-7
object,E22_Human-Made_Object,gnd-4232545-6,https://hwgw.uzh.ch/built_work/gnd-4232545-6
object,E22_Human-Made_Object,gnd-4236652-5,https://hwgw.uzh.ch/built_work/gnd-4236652-5
object,E22_Human-Made_Object,gnd-4241268-7,https://hwgw.uzh.ch/built_work/gnd-4241268-7
object,E22_Human-Made_Object,gnd-4245259-4,https://hwgw.uzh.ch/built_work/gnd-4245259-4
object,E22_Human-Made_Object,gnd-4245600-9,https://hwgw.uzh.ch/built_work/gnd-4245600-9
object,E22_Human-Made_Object,gnd-4246818-8,https://hwgw.uzh.ch/artwork/gnd-4246818-8
object,E22_Human-Made_Object,gnd-4247617-3,https://hwgw.uzh.ch/built_work/gnd-4247617-3
object,E22_Human-Made_Object,gnd-4251095-8,https://hwgw.uzh.ch/built_work/gnd-4251095-8
object,E22_Human-Made_Object,gnd-4251533-6,https://hwgw.uzh.ch/built_work/gnd-4251533-6
object,E22_Human-Made_Object,gnd-4252094-0,https://hwgw.uzh.ch/built_work/gnd-4252094-0
object,E22_Human-Made_Object,gnd-4252343-6,https://hwgw.uzh.ch/artwork/gnd-4252343-6
object,E22_Human-Made_Object,gnd-4254037-9,https://hwgw.uzh.ch/artwork/gnd-4254037-9
object,E22_Human-Made_Object,gnd-4255516-4,https://hwgw.uzh.ch/built_work/gnd-4255516-4
object,E22_Human-Made_Object,gnd-4258895-9,https://hwgw.uzh.ch/built_work/gnd-4258895-9
object,E22_Human-Made_Object,gnd-4259715-8,https://hwgw.uzh.ch/built_work/gnd-4259715-8
object,E22_Human-Made_Object,gnd-4260129-0,https://hwgw.uzh.ch/built_work/gnd-4260129-0
object,E22_Human-Made_Object,gnd-4262317-0,https://hwgw.uzh.ch/built_work/gnd-4262317-0
object,E22_Human-Made_Object,gnd-4264844-0,https://hwgw.uzh.ch/built_work/gnd-4264844-0
object,E22_Human-Made_Object,gnd-4266653-3,https://hwgw.uzh.ch/built_work/gnd-4266653-3
object,E22_Human-Made_Object,gnd-4267117-6,https://hwgw.uzh.ch/built_work/gnd-4267117-6
object,E22_Human-Made_Object,gnd-4268119-4,https://hwgw.uzh.ch/built_work/gnd-4268119-4
object,E22_Human-Made_Object,gnd-4274920-7,https://hwgw.uzh.ch/built_work/gnd-4274920-7
object,E22_Human-Made_Object,gnd-4277998-4,https://hwgw.uzh.ch/built_work/gnd-4277998-4
object,E22_Human-Made_Object,gnd-4279406-7,https://hwgw.uzh.ch/built_work/gnd-4279406-7
object,E22_Human-Made_Object,gnd-4285318-7,https://hwgw.uzh.ch/built_work/gnd-4285318-7
object,E22_Human-Made_Object,gnd-4285882-3,https://hwgw.uzh.ch/built_work/gnd-4285882-3
object,E22_Human-Made_Object,gnd-4287794-5,https://hwgw.uzh.ch/built_work/gnd-4287794-5
object,E22_Human-Made_Object,gnd-4297014-3,https://hwgw.uzh.ch/built_work/gnd-4297014-3
object,E22_Human-Made_Object,gnd-4302403-8,https://hwgw.uzh.ch/built_work/gnd-4302403-8
object,E22_Human-Made_Object,gnd-4302603-5,https://hwgw.uzh.ch/artwork/gnd-4302603-5
object,E22_Human-Made_Object,gnd-4305695-7,https://hwgw.uzh.ch/built_work/gnd-4305695-7
object,E22_Human-Made_Object,gnd-4305824-3,https://hwgw.uzh.ch/built_work/gnd-4305824-3
object,E22_Human-Made_Object,gnd-4306251-9,https://hwgw.uzh.ch/built_work/gnd-4306251-9
object,E22_Human-Made_Object,gnd-4306871-6,https://hwgw.uzh.ch/built_work/gnd-4306871-6
object,E22_Human-Made_Object,gnd-4310297-9,https://hwgw.uzh.ch/built_work/gnd-4310297-9
object,E22_Human-Made_Object,gnd-4331275-5,https://hwgw.uzh.ch/built_work/gnd-4331275-5
object,E22_Human-Made_Object,gnd-4331511-2,https://hwgw.uzh.ch/artwork/gnd-4331511-2
object,E22_Human-Made_Object,gnd-4336926-1,https://hwgw.uzh.ch/built_work/gnd-4336926-1
object,E22_Human-Made_Object,gnd-4337245-4,https://hwgw.uzh.ch/artwork/gnd-4337245-4
object,E22_Human-Made_Object,gnd-4350286-6,https://hwgw.uzh.ch/built_work/gnd-4350286-6
object,E22_Human-Made_Object,gnd-4355696-6,https://hwgw.uzh.ch/built_work/gnd-4355696-6
object,E22_Human-Made_Object,gnd-4356355-7,https://hwgw.uzh.ch/built_work/gnd-4356355-7
object,E22_Human-Made_Object,gnd-4358193-6,https://hwgw.uzh.ch/built_work/gnd-4358193-6
object,E22_Human-Made_Object,gnd-4358336-2,https://hwgw.uzh.ch/built_work/gnd-4358336-2
object,E22_Human-Made_Object,gnd-4359066-4,https://hwgw.uzh.ch/built_work/gnd-4359066-4
object,E22_Human-Made_Object,gnd-4359179-6,https://hwgw.uzh.ch/built_work/gnd-4359179-6
object,E22_Human-Made_Object,gnd-4359256-9,https://hwgw.uzh.ch/built_work/gnd-4359256-9
object,E22_Human-Made_Object,gnd-4361149-7,https://hwgw.uzh.ch/artwork/gnd-4361149-7
object,E22_Human-Made_Object,gnd-4362188-0,https://hwgw.uzh.ch/built_work/gnd-4362188-0
object,E22_Human-Made_Object,gnd-4362550-2,https://hwgw.uzh.ch/artwork/gnd-4362550-2
object,E22_Human-Made_Object,gnd-4366803-3,https://hwgw.uzh.ch/built_work/gnd-4366803-3
object,E22_Human-Made_Object,gnd-4366804-5,https://hwgw.uzh.ch/built_work/gnd-4366804-5
object,E22_Human-Made_Object,gnd-4371131-5,https://hwgw.uzh.ch/built_work/gnd-4371131-5
object,E22_Human-Made_Object,gnd-4374264-6,https://hwgw.uzh.ch/built_work/gnd-4374264-6
object,E22_Human-Made_Object,gnd-4374577-5,https://hwgw.uzh.ch/built_work/gnd-4374577-5
object,E22_Human-Made_Object,gnd-4382425-0,https://hwgw.uzh.ch/built_work/gnd-4382425-0
object,E22_Human-Made_Object,gnd-4387923-8,https://hwgw.uzh.ch/artwork/gnd-4387923-8
object,E22_Human-Made_Object,gnd-4388553-6,https://hwgw.uzh.ch/built_work/gnd-4388553-6
object,E22_Human-Made_Object,gnd-4388898-7,https://hwgw.uzh.ch/built_work/gnd-4388898-7
object,E22_Human-Made_Object,gnd-4389935-3,https://hwgw.uzh.ch/built_work/gnd-4389935-3
object,E22_Human-Made_Object,gnd-4390622-9,https://hwgw.uzh.ch/artwork/gnd-4390622-9
object,E22_Human-Made_Object,gnd-4393928-4,https://hwgw.uzh.ch/built_work/gnd-4393928-4
object,E22_Human-Made_Object,gnd-4398452-6,https://hwgw.uzh.ch/built_work/gnd-4398452-6
object,E22_Human-Made_Object,gnd-4399210-9,https://hwgw.uzh.ch/artwork/gnd-4399210-9
object,E22_Human-Made_Object,gnd-4401856-3,https://hwgw.uzh.ch/artwork/gnd-4401856-3
object,E22_Human-Made_Object,gnd-4402265-7,https://hwgw.uzh.ch/built_work/gnd-4402265-7
object,E22_Human-Made_Object,gnd-4406254-0,https://hwgw.uzh.ch/built_work/gnd-4406254-0
object,E22_Human-Made_Object,gnd-4406599-1,https://hwgw.uzh.ch/built_work/gnd-4406599-1
object,E22_Human-Made_Object,gnd-4407486-4,https://hwgw.uzh.ch/artwork/gnd-4407486-4
object,E22_Human-Made_Object,gnd-4408047-5,https://hwgw.uzh.ch/built_work/gnd-4408047-5
object,E22_Human-Made_Object,gnd-4408846-2,https://hwgw.uzh.ch/artwork/gnd-4408846-2
object,E22_Human-Made_Object,gnd-4409318-4,https://hwgw.uzh.ch/built_work/gnd-4409318-4
object,E22_Human-Made_Object,gnd-4409397-4,https://hwgw.uzh.ch/built_work/gnd-4409397-4
object,E22_Human-Made_Object,gnd-4409624-0,https://hwgw.uzh.ch/built_work/gnd-4409624-0
object,E22_Human-Made_Object,gnd-4411534-9,https://hwgw.uzh.ch/built_work/gnd-4411534-9
object,E22_Human-Made_Object,gnd-4414327-8,https://hwgw.uzh.ch/built_work/gnd-4414327-8
object,E22_Human-Made_Object,gnd-4414853-7,https://hwgw.uzh.ch/built_work/gnd-4414853-7
object,E22_Human-Made_Object,gnd-4416010-0,https://hwgw.uzh.ch/built_work/gnd-4416010-0
object,E22_Human-Made_Object,gnd-4416013-6,https://hwgw.uzh.ch/built_work/gnd-4416013-6
object,E22_Human-Made_Object,gnd-4417694-6,https://hwgw.uzh.ch/built_work/gnd-4417694-6
object,E22_Human-Made_Object,gnd-4418011-1,https://hwgw.uzh.ch/built_work/gnd-4418011-1
object,E22_Human-Made_Object,gnd-4423266-4,https://hwgw.uzh.ch/built_work/gnd-4423266-4
object,E22_Human-Made_Object,gnd-4426703-4,https://hwgw.uzh.ch/built_work/gnd-4426703-4
object,E22_Human-Made_Object,gnd-4429204-1,https://hwgw.uzh.ch/artwork/gnd-4429204-1
object,E22_Human-Made_Object,gnd-4429208-9,https://hwgw.uzh.ch/artwork/gnd-4429208-9
object,E22_Human-Made_Object,gnd-4429317-3,https://hwgw.uzh.ch/built_work/gnd-4429317-3
object,E22_Human-Made_Object,gnd-4431211-8,https://hwgw.uzh.ch/built_work/gnd-4431211-8
object,E22_Human-Made_Object,gnd-4434368-1,https://hwgw.uzh.ch/built_work/gnd-4434368-1
object,E22_Human-Made_Object,gnd-4437129-9,https://hwgw.uzh.ch/built_work/gnd-4437129-9
object,E22_Human-Made_Object,gnd-4437664-9,https://hwgw.uzh.ch/built_work/gnd-4437664-9
object,E22_Human-Made_Object,gnd-4439938-8,https://hwgw.uzh.ch/built_work/gnd-4439938-8
object,E22_Human-Made_Object,gnd-4440120-6,https://hwgw.uzh.ch/built_work/gnd-4440120-6
object,E22_Human-Made_Object,gnd-4447513-5,https://hwgw.uzh.ch/built_work/gnd-4447513-5
object,E22_Human-Made_Object,gnd-4448085-4,https://hwgw.uzh.ch/built_work/gnd-4448085-4
object,E22_Human-Made_Object,gnd-4452112-1,https://hwgw.uzh.ch/built_work/gnd-4452112-1
object,E22_Human-Made_Object,gnd-4452113-3,https://hwgw.uzh.ch/built_work/gnd-4452113-3
object,E22_Human-Made_Object,gnd-4452489-4,https://hwgw.uzh.ch/built_work/gnd-4452489-4
object,E22_Human-Made_Object,gnd-4452740-8,https://hwgw.uzh.ch/built_work/gnd-4452740-8
object,E22_Human-Made_Object,gnd-4453490-5,https://hwgw.uzh.ch/built_work/gnd-4453490-5
object,E22_Human-Made_Object,gnd-4455254-3,https://hwgw.uzh.ch/artwork/gnd-4455254-3
object,E22_Human-Made_Object,gnd-4455256-7,https://hwgw.uzh.ch/artwork/gnd-4455256-7
object,E22_Human-Made_Object,gnd-4455790-5,https://hwgw.uzh.ch/built_work/gnd-4455790-5
object,E22_Human-Made_Object,gnd-4456569-0,https://hwgw.uzh.ch/artwork/gnd-4456569-0
object,E22_Human-Made_Object,gnd-4456941-5,https://hwgw.uzh.ch/built_work/gnd-4456941-5
object,E22_Human-Made_Object,gnd-4458313-8,https://hwgw.uzh.ch/built_work/gnd-4458313-8
object,E22_Human-Made_Object,gnd-4458805-7,https://hwgw.uzh.ch/built_work/gnd-4458805-7
object,E22_Human-Made_Object,gnd-4458806-9,https://hwgw.uzh.ch/built_work/gnd-4458806-9
object,E22_Human-Made_Object,gnd-4458807-0,https://hwgw.uzh.ch/built_work/gnd-4458807-0
object,E22_Human-Made_Object,gnd-4459147-0,https://hwgw.uzh.ch/built_work/gnd-4459147-0
object,E22_Human-Made_Object,gnd-4460741-6,https://hwgw.uzh.ch/built_work/gnd-4460741-6
object,E22_Human-Made_Object,gnd-4460766-0,https://hwgw.uzh.ch/built_work/gnd-4460766-0
object,E22_Human-Made_Object,gnd-4461192-4,https://hwgw.uzh.ch/built_work/gnd-4461192-4
object,E22_Human-Made_Object,gnd-4461205-9,https://hwgw.uzh.ch/built_work/gnd-4461205-9
object,E22_Human-Made_Object,gnd-4461208-4,https://hwgw.uzh.ch/built_work/gnd-4461208-4
object,E22_Human-Made_Object,gnd-4463042-6,https://hwgw.uzh.ch/artwork/gnd-4463042-6
object,E22_Human-Made_Object,gnd-4467404-1,https://hwgw.uzh.ch/artwork/gnd-4467404-1
object,E22_Human-Made_Object,gnd-4468814-3,https://hwgw.uzh.ch/built_work/gnd-4468814-3
object,E22_Human-Made_Object,gnd-4472657-0,https://hwgw.uzh.ch/built_work/gnd-4472657-0
object,E22_Human-Made_Object,gnd-4474381-6,https://hwgw.uzh.ch/built_work/gnd-4474381-6
object,E22_Human-Made_Object,gnd-4475040-7,https://hwgw.uzh.ch/built_work/gnd-4475040-7
object,E22_Human-Made_Object,gnd-4477959-8,https://hwgw.uzh.ch/built_work/gnd-4477959-8
object,E22_Human-Made_Object,gnd-4478724-8,https://hwgw.uzh.ch/built_work/gnd-4478724-8
object,E22_Human-Made_Object,gnd-4480089-7,https://hwgw.uzh.ch/built_work/gnd-4480089-7
object,E22_Human-Made_Object,gnd-4483808-6,https://hwgw.uzh.ch/artwork/gnd-4483808-6
object,E22_Human-Made_Object,gnd-4487167-3,https://hwgw.uzh.ch/built_work/gnd-4487167-3
object,E22_Human-Made_Object,gnd-4488469-2,https://hwgw.uzh.ch/built_work/gnd-4488469-2
object,E22_Human-Made_Object,gnd-4501077-8,https://hwgw.uzh.ch/built_work/gnd-4501077-8
object,E22_Human-Made_Object,gnd-4501235-0,https://hwgw.uzh.ch/built_work/gnd-4501235-0
object,E22_Human-Made_Object,gnd-4503739-5,https://hwgw.uzh.ch/artwork/gnd-4503739-5
object,E22_Human-Made_Object,gnd-4503741-3,https://hwgw.uzh.ch/artwork/gnd-4503741-3
object,E22_Human-Made_Object,gnd-4505823-4,https://hwgw.uzh.ch/built_work/gnd-4505823-4
object,E22_Human-Made_Object,gnd-4505864-7,https://hwgw.uzh.ch/built_work/gnd-4505864-7
object,E22_Human-Made_Object,gnd-4505884-2,https://hwgw.uzh.ch/built_work/gnd-4505884-2
object,E22_Human-Made_Object,gnd-4505920-2,https://hwgw.uzh.ch/built_work/gnd-4505920-2
object,E22_Human-Made_Object,gnd-4505965-2,https://hwgw.uzh.ch/built_work/gnd-4505965-2
object,E22_Human-Made_Object,gnd-4509278-3,https://hwgw.uzh.ch/built_work/gnd-4509278-3
object,E22_Human-Made_Object,gnd-4509493-7,https://hwgw.uzh.ch/built_work/gnd-4509493-7
object,E22_Human-Made_Object,gnd-4510098-6,https://hwgw.uzh.ch/built_work/gnd-4510098-6
object,E22_Human-Made_Object,gnd-4524588-5,https://hwgw.uzh.ch/artwork/gnd-4524588-5
object,E22_Human-Made_Object,gnd-4526460-0,https://hwgw.uzh.ch/built_work/gnd-4526460-0
object,E22_Human-Made_Object,gnd-4527305-4,https://hwgw.uzh.ch/built_work/gnd-4527305-4
object,E22_Human-Made_Object,gnd-4535840-0,https://hwgw.uzh.ch/artwork/gnd-4535840-0
object,E22_Human-Made_Object,gnd-4540686-8,https://hwgw.uzh.ch/built_work/gnd-4540686-8
object,E22_Human-Made_Object,gnd-4542456-1,https://hwgw.uzh.ch/built_work/gnd-4542456-1
object,E22_Human-Made_Object,gnd-4543874-2,https://hwgw.uzh.ch/built_work/gnd-4543874-2
object,E22_Human-Made_Object,gnd-4546601-4,https://hwgw.uzh.ch/built_work/gnd-4546601-4
object,E22_Human-Made_Object,gnd-4548083-7,https://hwgw.uzh.ch/artwork/gnd-4548083-7
object,E22_Human-Made_Object,gnd-4550164-6,https://hwgw.uzh.ch/artwork/gnd-4550164-6
object,E22_Human-Made_Object,gnd-4551503-7,https://hwgw.uzh.ch/built_work/gnd-4551503-7
object,E22_Human-Made_Object,gnd-4554535-2,https://hwgw.uzh.ch/artwork/gnd-4554535-2
object,E22_Human-Made_Object,gnd-4561515-9,https://hwgw.uzh.ch/artwork/gnd-4561515-9
object,E22_Human-Made_Object,gnd-4562218-8,https://hwgw.uzh.ch/artwork/gnd-4562218-8
object,E22_Human-Made_Object,gnd-4567910-1,https://hwgw.uzh.ch/artwork/gnd-4567910-1
object,E22_Human-Made_Object,gnd-4569239-7,https://hwgw.uzh.ch/artwork/gnd-4569239-7
object,E22_Human-Made_Object,gnd-4569365-1,https://hwgw.uzh.ch/built_work/gnd-4569365-1
object,E22_Human-Made_Object,gnd-4571913-5,https://hwgw.uzh.ch/artwork/gnd-4571913-5
object,E22_Human-Made_Object,gnd-4575901-7,https://hwgw.uzh.ch/built_work/gnd-4575901-7
object,E22_Human-Made_Object,gnd-4580180-0,https://hwgw.uzh.ch/built_work/gnd-4580180-0
object,E22_Human-Made_Object,gnd-4582572-5,https://hwgw.uzh.ch/built_work/gnd-4582572-5
object,E22_Human-Made_Object,gnd-4582806-4,https://hwgw.uzh.ch/built_work/gnd-4582806-4
object,E22_Human-Made_Object,gnd-4583454-4,https://hwgw.uzh.ch/built_work/gnd-4583454-4
object,E22_Human-Made_Object,gnd-4594031-9,https://hwgw.uzh.ch/built_work/gnd-4594031-9
object,E22_Human-Made_Object,gnd-4595875-0,https://hwgw.uzh.ch/built_work/gnd-4595875-0
object,E22_Human-Made_Object,gnd-4597779-3,https://hwgw.uzh.ch/built_work/gnd-4597779-3
object,E22_Human-Made_Object,gnd-4606290-7,https://hwgw.uzh.ch/artwork/gnd-4606290-7
object,E22_Human-Made_Object,gnd-4606292-0,https://hwgw.uzh.ch/artwork/gnd-4606292-0
object,E22_Human-Made_Object,gnd-4606294-4,https://hwgw.uzh.ch/artwork/gnd-4606294-4
object,E22_Human-Made_Object,gnd-4606584-2,https://hwgw.uzh.ch/built_work/gnd-4606584-2
object,E22_Human-Made_Object,gnd-4607026-6,https://hwgw.uzh.ch/built_work/gnd-4607026-6
object,E22_Human-Made_Object,gnd-4617857-0,https://hwgw.uzh.ch/artwork/gnd-4617857-0
object,E22_Human-Made_Object,gnd-4618325-5,https://hwgw.uzh.ch/built_work/gnd-4618325-5
object,E22_Human-Made_Object,gnd-4623953-4,https://hwgw.uzh.ch/artwork/gnd-4623953-4
object,E22_Human-Made_Object,gnd-4624775-0,https://hwgw.uzh.ch/built_work/gnd-4624775-0
object,E22_Human-Made_Object,gnd-4631402-7,https://hwgw.uzh.ch/artwork/gnd-4631402-7
object,E22_Human-Made_Object,gnd-4634816-5,https://hwgw.uzh.ch/built_work/gnd-4634816-5
object,E22_Human-Made_Object,gnd-4639768-1,https://hwgw.uzh.ch/artwork/gnd-4639768-1
object,E22_Human-Made_Object,gnd-4642313-8,https://hwgw.uzh.ch/artwork/gnd-4642313-8
object,E22_Human-Made_Object,gnd-4645444-5,https://hwgw.uzh.ch/artwork/gnd-4645444-5
object,E22_Human-Made_Object,gnd-4651986-5,https://hwgw.uzh.ch/built_work/gnd-4651986-5
object,E22_Human-Made_Object,gnd-4652182-3,https://hwgw.uzh.ch/built_work/gnd-4652182-3
object,E22_Human-Made_Object,gnd-4652334-0,https://hwgw.uzh.ch/built_work/gnd-4652334-0
object,E22_Human-Made_Object,gnd-4654037-4,https://hwgw.uzh.ch/built_work/gnd-4654037-4
object,E22_Human-Made_Object,gnd-4655868-8,https://hwgw.uzh.ch/built_work/gnd-4655868-8
object,E22_Human-Made_Object,gnd-4659568-5,https://hwgw.uzh.ch/artwork/gnd-4659568-5
object,E22_Human-Made_Object,gnd-4660403-0,https://hwgw.uzh.ch/artwork/gnd-4660403-0
object,E22_Human-Made_Object,gnd-4662064-3,https://hwgw.uzh.ch/artwork/gnd-4662064-3
object,E22_Human-Made_Object,gnd-4666849-4,https://hwgw.uzh.ch/built_work/gnd-4666849-4
object,E22_Human-Made_Object,gnd-4668252-1,https://hwgw.uzh.ch/artwork/gnd-4668252-1
object,E22_Human-Made_Object,gnd-4668321-5,https://hwgw.uzh.ch/artwork/gnd-4668321-5
object,E22_Human-Made_Object,gnd-4670589-2,https://hwgw.uzh.ch/built_work/gnd-4670589-2
object,E22_Human-Made_Object,gnd-4674644-4,https://hwgw.uzh.ch/artwork/gnd-4674644-4
object,E22_Human-Made_Object,gnd-4678065-8,https://hwgw.uzh.ch/artwork/gnd-4678065-8
object,E22_Human-Made_Object,gnd-4678242-4,https://hwgw.uzh.ch/artwork/gnd-4678242-4
object,E22_Human-Made_Object,gnd-4678465-2,https://hwgw.uzh.ch/built_work/gnd-4678465-2
object,E22_Human-Made_Object,gnd-4679497-9,https://hwgw.uzh.ch/built_work/gnd-4679497-9
object,E22_Human-Made_Object,gnd-4679498-0,https://hwgw.uzh.ch/built_work/gnd-4679498-0
object,E22_Human-Made_Object,gnd-4682423-6,https://hwgw.uzh.ch/built_work/gnd-4682423-6
object,E22_Human-Made_Object,gnd-4684203-2,https://hwgw.uzh.ch/built_work/gnd-4684203-2
object,E22_Human-Made_Object,gnd-4684528-8,https://hwgw.uzh.ch/built_work/gnd-4684528-8
object,E22_Human-Made_Object,gnd-4685344-3,https://hwgw.uzh.ch/artwork/gnd-4685344-3
object,E22_Human-Made_Object,gnd-4685772-2,https://hwgw.uzh.ch/built_work/gnd-4685772-2
object,E22_Human-Made_Object,gnd-4686309-6,https://hwgw.uzh.ch/artwork/gnd-4686309-6
object,E22_Human-Made_Object,gnd-4687989-4,https://hwgw.uzh.ch/built_work/gnd-4687989-4
object,E22_Human-Made_Object,gnd-4688000-8,https://hwgw.uzh.ch/built_work/gnd-4688000-8
object,E22_Human-Made_Object,gnd-4693362-1,https://hwgw.uzh.ch/artwork/gnd-4693362-1
object,E22_Human-Made_Object,gnd-4694821-1,https://hwgw.uzh.ch/built_work/gnd-4694821-1
object,E22_Human-Made_Object,gnd-4698300-4,https://hwgw.uzh.ch/built_work/gnd-4698300-4
object,E22_Human-Made_Object,gnd-4700918-4,https://hwgw.uzh.ch/artwork/gnd-4700918-4
object,E22_Human-Made_Object,gnd-4704552-8,https://hwgw.uzh.ch/built_work/gnd-4704552-8
object,E22_Human-Made_Object,gnd-4709922-7,https://hwgw.uzh.ch/built_work/gnd-4709922-7
object,E22_Human-Made_Object,gnd-4712596-2,https://hwgw.uzh.ch/built_work/gnd-4712596-2
object,E22_Human-Made_Object,gnd-4714400-2,https://hwgw.uzh.ch/artwork/gnd-4714400-2
object,E22_Human-Made_Object,gnd-4716285-5,https://hwgw.uzh.ch/built_work/gnd-4716285-5
object,E22_Human-Made_Object,gnd-4716403-7,https://hwgw.uzh.ch/built_work/gnd-4716403-7
object,E22_Human-Made_Object,gnd-4719034-6,https://hwgw.uzh.ch/artwork/gnd-4719034-6
object,E22_Human-Made_Object,gnd-4720816-8,https://hwgw.uzh.ch/built_work/gnd-4720816-8
object,E22_Human-Made_Object,gnd-4722577-4,https://hwgw.uzh.ch/built_work/gnd-4722577-4
object,E22_Human-Made_Object,gnd-4723013-7,https://hwgw.uzh.ch/artwork/gnd-4723013-7
object,E22_Human-Made_Object,gnd-4723761-2,https://hwgw.uzh.ch/built_work/gnd-4723761-2
object,E22_Human-Made_Object,gnd-4731334-1,https://hwgw.uzh.ch/artwork/gnd-4731334-1
object,E22_Human-Made_Object,gnd-4735860-9,https://hwgw.uzh.ch/built_work/gnd-4735860-9
object,E22_Human-Made_Object,gnd-4737229-1,https://hwgw.uzh.ch/artwork/gnd-4737229-1
object,E22_Human-Made_Object,gnd-4739618-0,https://hwgw.uzh.ch/built_work/gnd-4739618-0
object,E22_Human-Made_Object,gnd-4739750-0,https://hwgw.uzh.ch/artwork/gnd-4739750-0
object,E22_Human-Made_Object,gnd-4740861-3,https://hwgw.uzh.ch/built_work/gnd-4740861-3
object,E22_Human-Made_Object,gnd-4745320-5,https://hwgw.uzh.ch/built_work/gnd-4745320-5
object,E22_Human-Made_Object,gnd-4748080-4,https://hwgw.uzh.ch/built_work/gnd-4748080-4
object,E22_Human-Made_Object,gnd-4759192-4,https://hwgw.uzh.ch/built_work/gnd-4759192-4
object,E22_Human-Made_Object,gnd-4759565-6,https://hwgw.uzh.ch/built_work/gnd-4759565-6
object,E22_Human-Made_Object,gnd-4767635-8,https://hwgw.uzh.ch/built_work/gnd-4767635-8
object,E22_Human-Made_Object,gnd-4767855-0,https://hwgw.uzh.ch/artwork/gnd-4767855-0
object,E22_Human-Made_Object,gnd-4769364-2,https://hwgw.uzh.ch/built_work/gnd-4769364-2
object,E22_Human-Made_Object,gnd-4771143-7,https://hwgw.uzh.ch/built_work/gnd-4771143-7
object,E22_Human-Made_Object,gnd-4772915-6,https://hwgw.uzh.ch/artwork/gnd-4772915-6
object,E22_Human-Made_Object,gnd-4774875-8,https://hwgw.uzh.ch/artwork/gnd-4774875-8
object,E22_Human-Made_Object,gnd-4775068-6,https://hwgw.uzh.ch/built_work/gnd-4775068-6
object,E22_Human-Made_Object,gnd-4776354-1,https://hwgw.uzh.ch/built_work/gnd-4776354-1
object,E22_Human-Made_Object,gnd-4779215-2,https://hwgw.uzh.ch/built_work/gnd-4779215-2
object,E22_Human-Made_Object,gnd-4782362-8,https://hwgw.uzh.ch/built_work/gnd-4782362-8
object,E22_Human-Made_Object,gnd-4782961-8,https://hwgw.uzh.ch/artwork/gnd-4782961-8
object,E22_Human-Made_Object,gnd-4785014-0,https://hwgw.uzh.ch/artwork/gnd-4785014-0
object,E22_Human-Made_Object,gnd-4785163-6,https://hwgw.uzh.ch/artwork/gnd-4785163-6
object,E22_Human-Made_Object,gnd-4788359-5,https://hwgw.uzh.ch/artwork/gnd-4788359-5
object,E22_Human-Made_Object,gnd-4793031-7,https://hwgw.uzh.ch/artwork/gnd-4793031-7
object,E22_Human-Made_Object,gnd-4793033-0,https://hwgw.uzh.ch/artwork/gnd-4793033-0
object,E22_Human-Made_Object,gnd-4798710-8,https://hwgw.uzh.ch/artwork/gnd-4798710-8
object,E22_Human-Made_Object,gnd-4810297-0,https://hwgw.uzh.ch/built_work/gnd-4810297-0
object,E22_Human-Made_Object,gnd-4815090-3,https://hwgw.uzh.ch/built_work/gnd-4815090-3
object,E22_Human-Made_Object,gnd-4823245-2,https://hwgw.uzh.ch/built_work/gnd-4823245-2
object,E22_Human-Made_Object,gnd-4835020-5,https://hwgw.uzh.ch/built_work/gnd-4835020-5
object,E22_Human-Made_Object,gnd-4836145-8,https://hwgw.uzh.ch/artwork/gnd-4836145-8
object,E22_Human-Made_Object,gnd-4948909-4,https://hwgw.uzh.ch/built_work/gnd-4948909-4
object,E22_Human-Made_Object,gnd-7512988-7,https://hwgw.uzh.ch/artwork/gnd-7512988-7
object,E22_Human-Made_Object,gnd-7518802-8,https://hwgw.uzh.ch/built_work/gnd-7518802-8
object,E22_Human-Made_Object,gnd-7521591-3,https://hwgw.uzh.ch/built_work/gnd-7521591-3
object,E22_Human-Made_Object,gnd-7529944-6,https://hwgw.uzh.ch/artwork/gnd-7529944-6
object,E22_Human-Made_Object,gnd-7533809-9,https://hwgw.uzh.ch/built_work/gnd-7533809-9
object,E22_Human-Made_Object,gnd-7541303-6,https://hwgw.uzh.ch/artwork/gnd-7541303-6
object,E22_Human-Made_Object,gnd-7544793-9,https://hwgw.uzh.ch/artwork/gnd-7544793-9
object,E22_Human-Made_Object,gnd-7546543-7,https://hwgw.uzh.ch/artwork/gnd-7546543-7
object,E22_Human-Made_Object,gnd-7553122-7,https://hwgw.uzh.ch/artwork/gnd-7553122-7
object,E22_Human-Made_Object,gnd-7557795-1,https://hwgw.uzh.ch/built_work/gnd-7557795-1
object,E22_Human-Made_Object,gnd-7564639-0,https://hwgw.uzh.ch/built_work/gnd-7564639-0
object,E22_Human-Made_Object,gnd-7583477-7,https://hwgw.uzh.ch/built_work/gnd-7583477-7
object,E22_Human-Made_Object,gnd-7583505-8,https://hwgw.uzh.ch/artwork/gnd-7583505-8
object,E22_Human-Made_Object,gnd-7583512-5,https://hwgw.uzh.ch/artwork/gnd-7583512-5
object,E22_Human-Made_Object,gnd-7587086-1,https://hwgw.uzh.ch/artwork/gnd-7587086-1
object,E22_Human-Made_Object,gnd-7591309-4,https://hwgw.uzh.ch/built_work/gnd-7591309-4
object,E22_Human-Made_Object,gnd-7592492-4,https://hwgw.uzh.ch/built_work/gnd-7592492-4
object,E22_Human-Made_Object,gnd-7592745-7,https://hwgw.uzh.ch/built_work/gnd-7592745-7
object,E22_Human-Made_Object,gnd-7593584-3,https://hwgw.uzh.ch/artwork/gnd-7593584-3
object,E22_Human-Made_Object,gnd-7594056-5,https://hwgw.uzh.ch/built_work/gnd-7594056-5
object,E22_Human-Made_Object,gnd-7605581-4,https://hwgw.uzh.ch/built_work/gnd-7605581-4
object,E22_Human-Made_Object,gnd-7618800-0,https://hwgw.uzh.ch/artwork/gnd-7618800-0
object,E22_Human-Made_Object,gnd-7618995-8,https://hwgw.uzh.ch/built_work/gnd-7618995-8
object,E22_Human-Made_Object,gnd-7620140-5,https://hwgw.uzh.ch/artwork/gnd-7620140-5
object,E22_Human-Made_Object,gnd-7622583-5,https://hwgw.uzh.ch/built_work/gnd-7622583-5
object,E22_Human-Made_Object,gnd-7623151-3,https://hwgw.uzh.ch/built_work/gnd-7623151-3
object,E22_Human-Made_Object,gnd-7623161-6,https://hwgw.uzh.ch/artwork/gnd-7623161-6
object,E22_Human-Made_Object,gnd-7623519-1,https://hwgw.uzh.ch/built_work/gnd-7623519-1
object,E22_Human-Made_Object,gnd-7625853-1,https://hwgw.uzh.ch/artwork/gnd-7625853-1
object,E22_Human-Made_Object,gnd-7627754-9,https://hwgw.uzh.ch/built_work/gnd-7627754-9
object,E22_Human-Made_Object,gnd-7638631-4,https://hwgw.uzh.ch/artwork/gnd-7638631-4
object,E22_Human-Made_Object,gnd-7648916-4,https://hwgw.uzh.ch/artwork/gnd-7648916-4
object,E22_Human-Made_Object,gnd-7654237-3,https://hwgw.uzh.ch/built_work/gnd-7654237-3
object,E22_Human-Made_Object,gnd-7660154-7,https://hwgw.uzh.ch/artwork/gnd-7660154-7
object,E22_Human-Made_Object,gnd-7668282-1,https://hwgw.uzh.ch/artwork/gnd-7668282-1
object,E22_Human-Made_Object,gnd-7668493-3,https://hwgw.uzh.ch/artwork/gnd-7668493-3
object,E22_Human-Made_Object,gnd-7668985-2,https://hwgw.uzh.ch/artwork/gnd-7668985-2
object,E22_Human-Made_Object,gnd-7669892-0,https://hwgw.uzh.ch/artwork/gnd-7669892-0
object,E22_Human-Made_Object,gnd-7678465-4,https://hwgw.uzh.ch/built_work/gnd-7678465-4
object,E22_Human-Made_Object,gnd-7678473-3,https://hwgw.uzh.ch/built_work/gnd-7678473-3
object,E22_Human-Made_Object,gnd-7678950-0,https://hwgw.uzh.ch/built_work/gnd-7678950-0
object,E22_Human-Made_Object,gnd-7679390-4,https://hwgw.uzh.ch/built_work/gnd-7679390-4
object,E22_Human-Made_Object,gnd-7679433-7,https://hwgw.uzh.ch/built_work/gnd-7679433-7
object,E22_Human-Made_Object,gnd-7679444-1,https://hwgw.uzh.ch/built_work/gnd-7679444-1
object,E22_Human-Made_Object,gnd-7679494-5,https://hwgw.uzh.ch/built_work/gnd-7679494-5
object,E22_Human-Made_Object,gnd-7680008-8,https://hwgw.uzh.ch/built_work/gnd-7680008-8
object,E22_Human-Made_Object,gnd-7680045-3,https://hwgw.uzh.ch/artwork/gnd-7680045-3
object,E22_Human-Made_Object,gnd-7680726-5,https://hwgw.uzh.ch/built_work/gnd-7680726-5
object,E22_Human-Made_Object,gnd-7680727-7,https://hwgw.uzh.ch/built_work/gnd-7680727-7
object,E22_Human-Made_Object,gnd-7681769-6,https://hwgw.uzh.ch/artwork/gnd-7681769-6
object,E22_Human-Made_Object,gnd-7683250-8,https://hwgw.uzh.ch/built_work/gnd-7683250-8
object,E22_Human-Made_Object,gnd-7685878-9,https://hwgw.uzh.ch/built_work/gnd-7685878-9
object,E22_Human-Made_Object,gnd-7687816-8,https://hwgw.uzh.ch/built_work/gnd-7687816-8
object,E22_Human-Made_Object,gnd-7687822-3,https://hwgw.uzh.ch/built_work/gnd-7687822-3
object,E22_Human-Made_Object,gnd-7689943-3,https://hwgw.uzh.ch/built_work/gnd-7689943-3
object,E22_Human-Made_Object,gnd-7690102-6,https://hwgw.uzh.ch/built_work/gnd-7690102-6
object,E22_Human-Made_Object,gnd-7690119-1,https://hwgw.uzh.ch/built_work/gnd-7690119-1
object,E22_Human-Made_Object,gnd-7690122-1,https://hwgw.uzh.ch/built_work/gnd-7690122-1
object,E22_Human-Made_Object,gnd-7690902-5,https://hwgw.uzh.ch/built_work/gnd-7690902-5
object,E22_Human-Made_Object,gnd-7690907-4,https://hwgw.uzh.ch/built_work/gnd-7690907-4
object,E22_Human-Made_Object,gnd-7693946-7,https://hwgw.uzh.ch/artwork/gnd-7693946-7
object,E22_Human-Made_Object,gnd-7698470-9,https://hwgw.uzh.ch/built_work/gnd-7698470-9
object,E22_Human-Made_Object,gnd-7699433-8,https://hwgw.uzh.ch/built_work/gnd-7699433-8
object,E22_Human-Made_Object,gnd-7703247-0,https://hwgw.uzh.ch/artwork/gnd-7703247-0
object,E22_Human-Made_Object,gnd-7704254-2,https://hwgw.uzh.ch/artwork/gnd-7704254-2
object,E22_Human-Made_Object,gnd-7707051-3,https://hwgw.uzh.ch/built_work/gnd-7707051-3
object,E22_Human-Made_Object,gnd-7710615-5,https://hwgw.uzh.ch/built_work/gnd-7710615-5
object,E22_Human-Made_Object,gnd-7721080-3,https://hwgw.uzh.ch/built_work/gnd-7721080-3
object,E22_Human-Made_Object,gnd-7723865-5,https://hwgw.uzh.ch/built_work/gnd-7723865-5
object,E22_Human-Made_Object,gnd-7726168-9,https://hwgw.uzh.ch/built_work/gnd-7726168-9
object,E22_Human-Made_Object,gnd-7738447-7,https://hwgw.uzh.ch/artwork/gnd-7738447-7
object,E22_Human-Made_Object,gnd-7740874-3,https://hwgw.uzh.ch/artwork/gnd-7740874-3
object,E22_Human-Made_Object,gnd-7786747-6,https://hwgw.uzh.ch/built_work/gnd-7786747-6
object,E22_Human-Made_Object,gnd-7786898-5,https://hwgw.uzh.ch/built_work/gnd-7786898-5
object,E22_Human-Made_Object,gnd-7794619-4,https://hwgw.uzh.ch/built_work/gnd-7794619-4
object,E22_Human-Made_Object,gnd-7859513-7,https://hwgw.uzh.ch/artwork/gnd-7859513-7
object,E22_Human-Made_Object,object-4075796-1-Eselswunder,https://hwgw.uzh.ch/artwork/object-4075796-1-Eselswunder
object,E22_Human-Made_Object,object-4204453-4-Apostel-Paulus,https://hwgw.uzh.ch/artwork/object-4204453-4-Apostel-Paulus
object,E22_Human-Made_Object,object-4204453-4-Epitaph-Lorenz-Tucher,https://hwgw.uzh.ch/artwork/object-4204453-4-Epitaph-Lorenz-Tucher
object,E22_Human-Made_Object,object-4224096-7-Langhaus-Nordwand,https://hwgw.uzh.ch/built_work/object-4224096-7-Langhaus-Nordwand
object,E22_Human-Made_Object,object-4258895-9-facade,https://hwgw.uzh.ch/built_work/object-4258895-9-facade
object,E22_Human-Made_Object,object-4331275-5-Epitaph-Bischof-Johann-IV-Roth,https://hwgw.uzh.ch/artwork/object-4331275-5-Epitaph-Bischof-Johann-IV-Roth
object,E22_Human-Made_Object,object-4359256-9-noerdliches-Nebenschiff,https://hwgw.uzh.ch/built_work/object-4359256-9-noerdliches-Nebenschiff
object,E22_Human-Made_Object,object-4382425-0-Mariae-Himmelfahrt,https://hwgw.uzh.ch/artwork/object-4382425-0-Mariae-Himmelfahrt
object,E22_Human-Made_Object,object-4401856-3-Auferstehung,https://hwgw.uzh.ch/artwork/object-4401856-3-Auferstehung
object,E22_Human-Made_Object,object-4401856-3-Bartholomaeus-Jakobus,https://hwgw.uzh.ch/artwork/object-4401856-3-Bartholomaeus-Jakobus
object,E22_Human-Made_Object,object-4401856-3-Geburt,https://hwgw.uzh.ch/artwork/object-4401856-3-Geburt
object,E22_Human-Made_Object,object-4401856-3-Kreuzabnahme,https://hwgw.uzh.ch/artwork/object-4401856-3-Kreuzabnahme
object,E22_Human-Made_Object,object-4401856-3-Kreuzigung,https://hwgw.uzh.ch/artwork/object-4401856-3-Kreuzigung
object,E22_Human-Made_Object,object-4401856-3-Michael,https://hwgw.uzh.ch/artwork/object-4401856-3-Michael
object,E22_Human-Made_Object,object-4401856-3-Oelberg,https://hwgw.uzh.ch/artwork/object-4401856-3-Oelberg
object,E22_Human-Made_Object,object-4401856-3-Verkuendung,https://hwgw.uzh.ch/artwork/object-4401856-3-Verkuendung
object,E22_Human-Made_Object,object-4406599-1-Cappella-ss-Sacramento,https://hwgw.uzh.ch/built_work/object-4406599-1-Cappella-ss-Sacramento
object,E22_Human-Made_Object,object-4409624-0-Aussenseite-der-Fluegel,https://hwgw.uzh.ch/artwork/object-4409624-0-Aussenseite-der-Fluegel
object,E22_Human-Made_Object,object-4409624-0-Jakob-Heller,https://hwgw.uzh.ch/artwork/object-4409624-0-Jakob-Heller
object,E22_Human-Made_Object,object-4409624-0-Katharina-Heller,https://hwgw.uzh.ch/artwork/object-4409624-0-Katharina-Heller
object,E22_Human-Made_Object,object-4409624-0-Mitteltafel,https://hwgw.uzh.ch/artwork/object-4409624-0-Mitteltafel
object,E22_Human-Made_Object,object-4409624-0-Petrus-Paulus,https://hwgw.uzh.ch/artwork/object-4409624-0-Petrus-Paulus
object,E22_Human-Made_Object,object-4409624-0-Zwei-Koenige,https://hwgw.uzh.ch/artwork/object-4409624-0-Zwei-Koenige
object,E22_Human-Made_Object,object-4409624-0-hl-Jakobus,https://hwgw.uzh.ch/artwork/object-4409624-0-hl-Jakobus
object,E22_Human-Made_Object,object-4409624-0-hl-Katharina,https://hwgw.uzh.ch/artwork/object-4409624-0-hl-Katharina
object,E22_Human-Made_Object,object-4409624-0-hl-Thomas-u-Christophorus,https://hwgw.uzh.ch/artwork/object-4409624-0-hl-Thomas-u-Christophorus
object,E22_Human-Made_Object,object-4429317-3-Predigt-und-Taten-Antichrist,https://hwgw.uzh.ch/artwork/object-4429317-3-Predigt-und-Taten-Antichrist
object,E22_Human-Made_Object,object-4439938-8-Grablegung-Christi,https://hwgw.uzh.ch/artwork/object-4439938-8-Grablegung-Christi
object,E22_Human-Made_Object,object-4439938-8-Kroenung-Mariae,https://hwgw.uzh.ch/artwork/object-4439938-8-Kroenung-Mariae
object,E22_Human-Made_Object,object-4439938-8-Tetzelkapelle,https://hwgw.uzh.ch/built_work/object-4439938-8-Tetzelkapelle
object,E22_Human-Made_Object,object-4439938-8-Wolfgangskapelle,https://hwgw.uzh.ch/built_work/object-4439938-8-Wolfgangskapelle
object,E22_Human-Made_Object,object-4501077-8-Chor,https://hwgw.uzh.ch/built_work/object-4501077-8-Chor
object,E22_Human-Made_Object,object-4575901-7-Adam,https://hwgw.uzh.ch/artwork/object-4575901-7-Adam
object,E22_Human-Made_Object,object-4642313-8-adam,https://hwgw.uzh.ch/artwork/object-4642313-8-adam
object,E22_Human-Made_Object,object-4642313-8-eva,https://hwgw.uzh.ch/artwork/object-4642313-8-eva
object,E22_Human-Made_Object,object-4771143-7-Rathaussaal,https://hwgw.uzh.ch/built_work/object-4771143-7-Rathaussaal
object,E22_Human-Made_Object,object-7564639-0-Cappella-s-Michele,https://hwgw.uzh.ch/built_work/object-7564639-0-Cappella-s-Michele
object,E22_Human-Made_Object,object-Abguss-nach-der-108,https://hwgw.uzh.ch/artwork/object-Abguss-nach-der-108
object,E22_Human-Made_Object,object-Altdorfer-Geburt-Mariae,https://hwgw.uzh.ch/artwork/object-Altdorfer-Geburt-Mariae
object,E22_Human-Made_Object,object-Altdorfer-etal-Ehrenpforte-Maximilian-I,https://hwgw.uzh.ch/artwork/object-Altdorfer-etal-Ehrenpforte-Maximilian-I
object,E22_Human-Made_Object,object-Altenburg-Rathaus,https://hwgw.uzh.ch/built_work/object-Altenburg-Rathaus
object,E22_Human-Made_Object,object-Altorfer-Hl-Familie-Brunnen,https://hwgw.uzh.ch/artwork/object-Altorfer-Hl-Familie-Brunnen
object,E22_Human-Made_Object,object-Altorfer-Triumphzug,https://hwgw.uzh.ch/artwork/object-Altorfer-Triumphzug
object,E22_Human-Made_Object,object-Altorfer-zwei-Satyrn,https://hwgw.uzh.ch/artwork/object-Altorfer-zwei-Satyrn
object,E22_Human-Made_Object,object-Amor-besucht-ein-85,https://hwgw.uzh.ch/artwork/object-Amor-besucht-ein-85
object,E22_Human-Made_Object,object-Apoll-125,https://hwgw.uzh.ch/artwork/object-Apoll-125
object,E22_Human-Made_Object,object-Apoll-mit-Bogen-84,https://hwgw.uzh.ch/artwork/object-Apoll-mit-Bogen-84
object,E22_Human-Made_Object,object-Apollo-und-Marsyas,https://hwgw.uzh.ch/artwork/object-Apollo-und-Marsyas
object,E22_Human-Made_Object,object-Aristeo-88,https://hwgw.uzh.ch/artwork/object-Aristeo-88
object,E22_Human-Made_Object,object-Aristeo-Florenz,https://hwgw.uzh.ch/artwork/object-Aristeo-Florenz
object,E22_Human-Made_Object,object-Assisi-Minerva-Tempel,https://hwgw.uzh.ch/built_work/object-Assisi-Minerva-Tempel
object,E22_Human-Made_Object,object-Augsburg-Fuggerkapelle-Fronleichnamsgruppe,https://hwgw.uzh.ch/artwork/object-Augsburg-Fuggerkapelle-Fronleichnamsgruppe
object,E22_Human-Made_Object,object-Augsburg-Gertrudkapelle,https://hwgw.uzh.ch/built_work/object-Augsburg-Gertrudkapelle
object,E22_Human-Made_Object,object-Augsburger-Kalender,https://hwgw.uzh.ch/artwork/object-Augsburger-Kalender
object,E22_Human-Made_Object,object-Bacchus-129,https://hwgw.uzh.ch/artwork/object-Bacchus-129
object,E22_Human-Made_Object,object-Bacchus-89,https://hwgw.uzh.ch/artwork/object-Bacchus-89
object,E22_Human-Made_Object,object-Bacchus-und-sein-53,https://hwgw.uzh.ch/artwork/object-Bacchus-und-sein-53
object,E22_Human-Made_Object,object-Backoffen-Epitaph-Uriel,https://hwgw.uzh.ch/artwork/object-Backoffen-Epitaph-Uriel
object,E22_Human-Made_Object,object-Badia-Fiorentina,https://hwgw.uzh.ch/built_work/object-Badia-Fiorentina
object,E22_Human-Made_Object,object-Baldung-Adam-und-Eva,https://hwgw.uzh.ch/artwork/object-Baldung-Adam-und-Eva
object,E22_Human-Made_Object,object-Baldung-Allegorische-Frauengestalt-1423,https://hwgw.uzh.ch/artwork/object-Baldung-Allegorische-Frauengestalt-1423
object,E22_Human-Made_Object,object-Baldung-Allegorische-Frauengestalt-5376,https://hwgw.uzh.ch/artwork/object-Baldung-Allegorische-Frauengestalt-5376
object,E22_Human-Made_Object,object-Baldung-Beweinung-Christi,https://hwgw.uzh.ch/artwork/object-Baldung-Beweinung-Christi
object,E22_Human-Made_Object,object-Baldung-Bildnis-Edelmann,https://hwgw.uzh.ch/artwork/object-Baldung-Bildnis-Edelmann
object,E22_Human-Made_Object,object-Baldung-Freiburger-Hochaltar,https://hwgw.uzh.ch/built_work/object-Baldung-Freiburger-Hochaltar
object,E22_Human-Made_Object,object-Baldung-Geburt-Christi,https://hwgw.uzh.ch/artwork/object-Baldung-Geburt-Christi
object,E22_Human-Made_Object,object-Baldung-Grosse-Apostelfolge,https://hwgw.uzh.ch/artwork/object-Baldung-Grosse-Apostelfolge
object,E22_Human-Made_Object,object-Baldung-Kleine-Apostelfolge,https://hwgw.uzh.ch/artwork/object-Baldung-Kleine-Apostelfolge
object,E22_Human-Made_Object,object-Baldung-Kopf-eines-alten-Mannes,https://hwgw.uzh.ch/artwork/object-Baldung-Kopf-eines-alten-Mannes
object,E22_Human-Made_Object,object-Baldung-Skizzenblatt-mit-Landschaftsstudien,https://hwgw.uzh.ch/artwork/object-Baldung-Skizzenblatt-mit-Landschaftsstudien
object,E22_Human-Made_Object,object-Baldung-Taufe-Christi,https://hwgw.uzh.ch/artwork/object-Baldung-Taufe-Christi
object,E22_Human-Made_Object,object-Baldung-Tod-und-das-Maedchen,https://hwgw.uzh.ch/artwork/object-Baldung-Tod-und-das-Maedchen
object,E22_Human-Made_Object,object-Baldung-Zwei-Hexen,https://hwgw.uzh.ch/artwork/object-Baldung-Zwei-Hexen
object,E22_Human-Made_Object,object-Baldung-hl-Anna-Selbdritt,https://hwgw.uzh.ch/artwork/object-Baldung-hl-Anna-Selbdritt
object,E22_Human-Made_Object,object-Bandinelli-Adam-u-Eva,https://hwgw.uzh.ch/artwork/object-Bandinelli-Adam-u-Eva
object,E22_Human-Made_Object,object-Barozzi-da-Vignola-il-Gesu,https://hwgw.uzh.ch/artwork/object-Barozzi-da-Vignola-il-Gesu
object,E22_Human-Made_Object,object-Bauernhutten-mit-70,https://hwgw.uzh.ch/artwork/object-Bauernhutten-mit-70
object,E22_Human-Made_Object,object-Baumreiche-Dorfl-76,https://hwgw.uzh.ch/artwork/object-Baumreiche-Dorfl-76
object,E22_Human-Made_Object,object-Bayer-Staatsministerium-Finanzen-Muenchen,https://hwgw.uzh.ch/built_work/object-Bayer-Staatsministerium-Finanzen-Muenchen
object,E22_Human-Made_Object,object-Bellini-Sacra-Conversazione,https://hwgw.uzh.ch/artwork/object-Bellini-Sacra-Conversazione
object,E22_Human-Made_Object,object-Bergamo-Accademia-Carrara-Kreuztragung,https://hwgw.uzh.ch/artwork/object-Bergamo-Accademia-Carrara-Kreuztragung
object,E22_Human-Made_Object,object-Berlin-Kunstgewerbe-grosse-Kredenz,https://hwgw.uzh.ch/built_work/object-Berlin-Kunstgewerbe-grosse-Kredenz
object,E22_Human-Made_Object,object-Berlin-Skulpturen-Johannes-Evangelist,https://hwgw.uzh.ch/artwork/object-Berlin-Skulpturen-Johannes-Evangelist
object,E22_Human-Made_Object,object-Berlin-Skulpturensammlung-Entfuehrung-der-Europa,https://hwgw.uzh.ch/artwork/object-Berlin-Skulpturensammlung-Entfuehrung-der-Europa
object,E22_Human-Made_Object,object-Bernini-Baldachin-St-Peter,https://hwgw.uzh.ch/built_work/object-Bernini-Baldachin-St-Peter
object,E22_Human-Made_Object,object-Beweinung-Christ-131,https://hwgw.uzh.ch/artwork/object-Beweinung-Christ-131
object,E22_Human-Made_Object,object-Beweinung-Christ-135,https://hwgw.uzh.ch/artwork/object-Beweinung-Christ-135
object,E22_Human-Made_Object,object-Beweinung-Christ-217,https://hwgw.uzh.ch/artwork/object-Beweinung-Christ-217
object,E22_Human-Made_Object,object-Bildnis-Albrecht-Duerers-d-Ae,https://hwgw.uzh.ch/artwork/object-Bildnis-Albrecht-Duerers-d-Ae
object,E22_Human-Made_Object,object-Bildnis-Medaillo-21,https://hwgw.uzh.ch/artwork/object-Bildnis-Medaillo-21
object,E22_Human-Made_Object,object-Bildnis-Salomon-0,https://hwgw.uzh.ch/artwork/object-Bildnis-Salomon-0
object,E22_Human-Made_Object,object-Bildnis-Salomon-35,https://hwgw.uzh.ch/artwork/object-Bildnis-Salomon-35
object,E22_Human-Made_Object,object-Blumen-Arrangeme-51,https://hwgw.uzh.ch/artwork/object-Blumen-Arrangeme-51
object,E22_Human-Made_Object,object-Boecklin-Kentaurenkampf,https://hwgw.uzh.ch/artwork/object-Boecklin-Kentaurenkampf
object,E22_Human-Made_Object,object-Botticelli-Bestrafung-der-Rotte-Korah,https://hwgw.uzh.ch/artwork/object-Botticelli-Bestrafung-der-Rotte-Korah
object,E22_Human-Made_Object,object-Bramante-Pergamentplan-St-Peter,https://hwgw.uzh.ch/artwork/object-Bramante-Pergamentplan-St-Peter
object,E22_Human-Made_Object,object-British-Museum-zwei-Studien-weibl-Akt,https://hwgw.uzh.ch/artwork/object-British-Museum-zwei-Studien-weibl-Akt
object,E22_Human-Made_Object,object-Bronzedavid-93,https://hwgw.uzh.ch/artwork/object-Bronzedavid-93
object,E22_Human-Made_Object,object-Brunnen-im-Garte-69,https://hwgw.uzh.ch/artwork/object-Brunnen-im-Garte-69
object,E22_Human-Made_Object,object-Brustbild-eines-Mannes,https://hwgw.uzh.ch/artwork/object-Brustbild-eines-Mannes
object,E22_Human-Made_Object,object-Burgkmair-Johannes-Patmos,https://hwgw.uzh.ch/artwork/object-Burgkmair-Johannes-Patmos
object,E22_Human-Made_Object,object-Burgkmair-Maria-mit-Kind,https://hwgw.uzh.ch/artwork/object-Burgkmair-Maria-mit-Kind
object,E22_Human-Made_Object,object-Burgkmair-d-ae-Maria-mit-Kind-in-Weinlaube,https://hwgw.uzh.ch/artwork/object-Burgkmair-d-ae-Maria-mit-Kind-in-Weinlaube
object,E22_Human-Made_Object,object-Buste-von-Salomo-17,https://hwgw.uzh.ch/artwork/object-Buste-von-Salomo-17
object,E22_Human-Made_Object,object-Campanile-Florenz,https://hwgw.uzh.ch/built_work/object-Campanile-Florenz
object,E22_Human-Made_Object,object-Cappella-Pazzi-S-Croce-Florenz,https://hwgw.uzh.ch/built_work/object-Cappella-Pazzi-S-Croce-Florenz
object,E22_Human-Made_Object,object-Caracci-Deckenkomposition,https://hwgw.uzh.ch/artwork/object-Caracci-Deckenkomposition
object,E22_Human-Made_Object,object-Caracci-Polyphem-und-Galatea,https://hwgw.uzh.ch/artwork/object-Caracci-Polyphem-und-Galatea
object,E22_Human-Made_Object,object-Caroto-heilige-Ursula,https://hwgw.uzh.ch/artwork/object-Caroto-heilige-Ursula
object,E22_Human-Made_Object,object-Carpaccio-Zyklus-Georgslegende,https://hwgw.uzh.ch/artwork/object-Carpaccio-Zyklus-Georgslegende
object,E22_Human-Made_Object,object-Carpi-etal-Fischzug,https://hwgw.uzh.ch/artwork/object-Carpi-etal-Fischzug
object,E22_Human-Made_Object,object-Cavazzola-Kreuzabnahme,https://hwgw.uzh.ch/artwork/object-Cavazzola-Kreuzabnahme
object,E22_Human-Made_Object,object-Christus-am-Kreu-145,https://hwgw.uzh.ch/artwork/object-Christus-am-Kreu-145
object,E22_Human-Made_Object,object-Cima-Conegliano-Petrus-Maertyrer,https://hwgw.uzh.ch/artwork/object-Cima-Conegliano-Petrus-Maertyrer
object,E22_Human-Made_Object,object-Cima-Conegliano-Taufe-Christi,https://hwgw.uzh.ch/artwork/object-Cima-Conegliano-Taufe-Christi
object,E22_Human-Made_Object,object-Cima-da-Conegliano-Madonna-m-Kind-der-hl-Katharina,https://hwgw.uzh.ch/artwork/object-Cima-da-Conegliano-Madonna-m-Kind-der-hl-Katharina
object,E22_Human-Made_Object,object-Cima-da-Conegliano-hl-Sebastian,https://hwgw.uzh.ch/artwork/object-Cima-da-Conegliano-hl-Sebastian
object,E22_Human-Made_Object,object-Cima-di-Conegliano-Verkuendigung,https://hwgw.uzh.ch/artwork/object-Cima-di-Conegliano-Verkuendigung
object,E22_Human-Made_Object,object-Conestabile-Mado-189,https://hwgw.uzh.ch/artwork/object-Conestabile-Mado-189
object,E22_Human-Made_Object,object-Convento-Carita-Venedig,https://hwgw.uzh.ch/built_work/object-Convento-Carita-Venedig
object,E22_Human-Made_Object,object-Cordonata-Rom,https://hwgw.uzh.ch/built_work/object-Cordonata-Rom
object,E22_Human-Made_Object,object-Coreggio-Madonna-d-heiligen-Franziskus,https://hwgw.uzh.ch/artwork/object-Coreggio-Madonna-d-heiligen-Franziskus
object,E22_Human-Made_Object,object-Cortile-Pigna-Vatikan,https://hwgw.uzh.ch/built_work/object-Cortile-Pigna-Vatikan
object,E22_Human-Made_Object,object-Cranach-Rueckenakt,https://hwgw.uzh.ch/artwork/object-Cranach-Rueckenakt
object,E22_Human-Made_Object,object-Cranach-d-Ae-Bartloser-junger-Mann,https://hwgw.uzh.ch/artwork/object-Cranach-d-Ae-Bartloser-junger-Mann
object,E22_Human-Made_Object,object-Crivelli-Verkuendigung,https://hwgw.uzh.ch/artwork/object-Crivelli-Verkuendigung
object,E22_Human-Made_Object,object-Cumaeische-Sybille-Sistina,https://hwgw.uzh.ch/artwork/object-Cumaeische-Sybille-Sistina
object,E22_Human-Made_Object,object-Cupido-Apollo-187,https://hwgw.uzh.ch/artwork/object-Cupido-Apollo-187
object,E22_Human-Made_Object,object-Daphne-14,https://hwgw.uzh.ch/artwork/object-Daphne-14
object,E22_Human-Made_Object,object-Daphnis-und-Mico-15,https://hwgw.uzh.ch/artwork/object-Daphnis-und-Mico-15
object,E22_Human-Made_Object,object-Das-Bad-10,https://hwgw.uzh.ch/artwork/object-Das-Bad-10
object,E22_Human-Made_Object,object-Daucher-Epitaphe-Fugger,https://hwgw.uzh.ch/artwork/object-Daucher-Epitaphe-Fugger
object,E22_Human-Made_Object,object-Delphische-Sibyl-200,https://hwgw.uzh.ch/artwork/object-Delphische-Sibyl-200
object,E22_Human-Made_Object,object-Der-Adler-sturzt-82,https://hwgw.uzh.ch/artwork/object-Der-Adler-sturzt-82
object,E22_Human-Made_Object,object-Der-Brunnen-im-W-3,https://hwgw.uzh.ch/artwork/object-Der-Brunnen-im-W-3
object,E22_Human-Made_Object,object-Der-Garten-von-J-92,https://hwgw.uzh.ch/artwork/object-Der-Garten-von-J-92
object,E22_Human-Made_Object,object-Der-Greis-Menalk-61,https://hwgw.uzh.ch/artwork/object-Der-Greis-Menalk-61
object,E22_Human-Made_Object,object-Der-Greis-und-di-66,https://hwgw.uzh.ch/artwork/object-Der-Greis-und-di-66
object,E22_Human-Made_Object,object-Der-Jungling-fis-60,https://hwgw.uzh.ch/artwork/object-Der-Jungling-fis-60
object,E22_Human-Made_Object,object-Der-Jungling-und-64,https://hwgw.uzh.ch/artwork/object-Der-Jungling-und-64
object,E22_Human-Made_Object,object-Der-Mann-und-die-65,https://hwgw.uzh.ch/artwork/object-Der-Mann-und-die-65
object,E22_Human-Made_Object,object-Der-Sieger-139,https://hwgw.uzh.ch/artwork/object-Der-Sieger-139
object,E22_Human-Made_Object,object-Der-Wald-5,https://hwgw.uzh.ch/artwork/object-Der-Wald-5
object,E22_Human-Made_Object,object-Der-Weg-hinter-d-24,https://hwgw.uzh.ch/artwork/object-Der-Weg-hinter-d-24
object,E22_Human-Made_Object,object-Der-Wunsch-oder-6,https://hwgw.uzh.ch/artwork/object-Der-Wunsch-oder-6
object,E22_Human-Made_Object,object-Der-arkadische-B-9,https://hwgw.uzh.ch/artwork/object-Der-arkadische-B-9
object,E22_Human-Made_Object,object-Der-auferstanden-186,https://hwgw.uzh.ch/artwork/object-Der-auferstanden-186
object,E22_Human-Made_Object,object-Der-erste-Schiff-58,https://hwgw.uzh.ch/artwork/object-Der-erste-Schiff-58
object,E22_Human-Made_Object,object-Der-kniende-Adam-42,https://hwgw.uzh.ch/artwork/object-Der-kniende-Adam-42
object,E22_Human-Made_Object,object-Der-schne-Hylas-86,https://hwgw.uzh.ch/artwork/object-Der-schne-Hylas-86
object,E22_Human-Made_Object,object-Detail-Athener-Schule,https://hwgw.uzh.ch/artwork/object-Detail-Athener-Schule
object,E22_Human-Made_Object,object-Die-Apfellese-4,https://hwgw.uzh.ch/artwork/object-Die-Apfellese-4
object,E22_Human-Made_Object,object-Die-Arche-Noah-i-62,https://hwgw.uzh.ch/artwork/object-Die-Arche-Noah-i-62
object,E22_Human-Made_Object,object-Die-Busse-der-St-96,https://hwgw.uzh.ch/artwork/object-Die-Busse-der-St-96
object,E22_Human-Made_Object,object-Die-Fischerhutte-23,https://hwgw.uzh.ch/artwork/object-Die-Fischerhutte-23
object,E22_Human-Made_Object,object-Die-Verkundigung-194,https://hwgw.uzh.ch/artwork/object-Die-Verkundigung-194
object,E22_Human-Made_Object,object-Die-Wasserfahrt-11,https://hwgw.uzh.ch/artwork/object-Die-Wasserfahrt-11
object,E22_Human-Made_Object,object-Die-arkadische-M-2,https://hwgw.uzh.ch/artwork/object-Die-arkadische-M-2
object,E22_Human-Made_Object,object-Die-erste-Stufe-63,https://hwgw.uzh.ch/artwork/object-Die-erste-Stufe-63
object,E22_Human-Made_Object,object-Die-sehnende-Mel-56,https://hwgw.uzh.ch/artwork/object-Die-sehnende-Mel-56
object,E22_Human-Made_Object,object-Die-tanzenden-Kn-1,https://hwgw.uzh.ch/artwork/object-Die-tanzenden-Kn-1
object,E22_Human-Made_Object,object-Domenichino-Vier-Evangelisten,https://hwgw.uzh.ch/artwork/object-Domenichino-Vier-Evangelisten
object,E22_Human-Made_Object,object-Donatello-Christus-am-Kreuz,https://hwgw.uzh.ch/artwork/object-Donatello-Christus-am-Kreuz
object,E22_Human-Made_Object,object-Donatello-Grab-Baldassare-Coscia,https://hwgw.uzh.ch/artwork/object-Donatello-Grab-Baldassare-Coscia
object,E22_Human-Made_Object,object-Drei-diskutieren-173,https://hwgw.uzh.ch/artwork/object-Drei-diskutieren-173
object,E22_Human-Made_Object,object-Drei-mnnliche-na-153,https://hwgw.uzh.ch/artwork/object-Drei-mnnliche-na-153
object,E22_Human-Made_Object,object-Drei-schlafende-78,https://hwgw.uzh.ch/artwork/object-Drei-schlafende-78
object,E22_Human-Made_Object,object-Dresden-Alte-Meister-Kreuztragung,https://hwgw.uzh.ch/artwork/object-Dresden-Alte-Meister-Kreuztragung
object,E22_Human-Made_Object,object-Dresden-Frauenkirche-Kuppel,https://hwgw.uzh.ch/built_work/object-Dresden-Frauenkirche-Kuppel
object,E22_Human-Made_Object,object-Duerer-2-stereometrische-Koerper,https://hwgw.uzh.ch/artwork/object-Duerer-2-stereometrische-Koerper
object,E22_Human-Made_Object,object-Duerer-Adam-u-Eva,https://hwgw.uzh.ch/artwork/object-Duerer-Adam-u-Eva
object,E22_Human-Made_Object,object-Duerer-Apokalypse,https://hwgw.uzh.ch/artwork/object-Duerer-Apokalypse
object,E22_Human-Made_Object,object-Duerer-Bildnis-eines-Mannes,https://hwgw.uzh.ch/artwork/object-Duerer-Bildnis-eines-Mannes
object,E22_Human-Made_Object,object-Duerer-Christus-vor-Pilatus,https://hwgw.uzh.ch/artwork/object-Duerer-Christus-vor-Pilatus
object,E22_Human-Made_Object,object-Duerer-Dresdner-Altar-hl-Antonius,https://hwgw.uzh.ch/artwork/object-Duerer-Dresdner-Altar-hl-Antonius
object,E22_Human-Made_Object,object-Duerer-Dresdner-Altar-hl-Sebastian,https://hwgw.uzh.ch/artwork/object-Duerer-Dresdner-Altar-hl-Sebastian
object,E22_Human-Made_Object,object-Duerer-Entwurf-Nuernberger-Rathaussaal,https://hwgw.uzh.ch/artwork/object-Duerer-Entwurf-Nuernberger-Rathaussaal
object,E22_Human-Made_Object,object-Duerer-Felsenburg,https://hwgw.uzh.ch/artwork/object-Duerer-Felsenburg
object,E22_Human-Made_Object,object-Duerer-Frau-mit-Haube,https://hwgw.uzh.ch/artwork/object-Duerer-Frau-mit-Haube
object,E22_Human-Made_Object,object-Duerer-Fuenf-Pferdestudien,https://hwgw.uzh.ch/artwork/object-Duerer-Fuenf-Pferdestudien
object,E22_Human-Made_Object,object-Duerer-Geburt-Christi,https://hwgw.uzh.ch/artwork/object-Duerer-Geburt-Christi
object,E22_Human-Made_Object,object-Duerer-Grabtragung-Christi,https://hwgw.uzh.ch/artwork/object-Duerer-Grabtragung-Christi
object,E22_Human-Made_Object,object-Duerer-Greif,https://hwgw.uzh.ch/artwork/object-Duerer-Greif
object,E22_Human-Made_Object,object-Duerer-Hieronymus-in-Studierstube,https://hwgw.uzh.ch/artwork/object-Duerer-Hieronymus-in-Studierstube
object,E22_Human-Made_Object,object-Duerer-Instrument-zum-Durchzeichnen,https://hwgw.uzh.ch/artwork/object-Duerer-Instrument-zum-Durchzeichnen
object,E22_Human-Made_Object,object-Duerer-Johannes-und-Petrus-vier-Apostel,https://hwgw.uzh.ch/artwork/object-Duerer-Johannes-und-Petrus-vier-Apostel
object,E22_Human-Made_Object,object-Duerer-Jungfrau-Maria-Kind-Schwertlilie,https://hwgw.uzh.ch/artwork/object-Duerer-Jungfrau-Maria-Kind-Schwertlilie
object,E22_Human-Made_Object,object-Duerer-Kampf-Meergoetter,https://hwgw.uzh.ch/artwork/object-Duerer-Kampf-Meergoetter
object,E22_Human-Made_Object,object-Duerer-Kopf-eines-Kindes,https://hwgw.uzh.ch/artwork/object-Duerer-Kopf-eines-Kindes
object,E22_Human-Made_Object,object-Duerer-Kopfstudie-nach-altem-Mann,https://hwgw.uzh.ch/artwork/object-Duerer-Kopfstudie-nach-altem-Mann
object,E22_Human-Made_Object,object-Duerer-Kopie-des-Selbstbildnis,https://hwgw.uzh.ch/artwork/object-Duerer-Kopie-des-Selbstbildnis
object,E22_Human-Made_Object,object-Duerer-Kreuzabnahme-gruene-Passion,https://hwgw.uzh.ch/artwork/object-Duerer-Kreuzabnahme-gruene-Passion
object,E22_Human-Made_Object,object-Duerer-Kreuztragung,https://hwgw.uzh.ch/artwork/object-Duerer-Kreuztragung
object,E22_Human-Made_Object,object-Duerer-Kroenung-Mariae-Heller-Altar,https://hwgw.uzh.ch/artwork/object-Duerer-Kroenung-Mariae-Heller-Altar
object,E22_Human-Made_Object,object-Duerer-Kronentraegerin,https://hwgw.uzh.ch/artwork/object-Duerer-Kronentraegerin
object,E22_Human-Made_Object,object-Duerer-Maria-Budapest,https://hwgw.uzh.ch/artwork/object-Duerer-Maria-Budapest
object,E22_Human-Made_Object,object-Duerer-Mariae-Himmelfahrt-und-Kroenung,https://hwgw.uzh.ch/artwork/object-Duerer-Mariae-Himmelfahrt-und-Kroenung
object,E22_Human-Made_Object,object-Duerer-Markus-und-Paulus-vier-Apostel,https://hwgw.uzh.ch/artwork/object-Duerer-Markus-und-Paulus-vier-Apostel
object,E22_Human-Made_Object,object-Duerer-Oswolt-Krel,https://hwgw.uzh.ch/artwork/object-Duerer-Oswolt-Krel
object,E22_Human-Made_Object,object-Duerer-Paumgartner-als-hl-Eustachius,https://hwgw.uzh.ch/artwork/object-Duerer-Paumgartner-als-hl-Eustachius
object,E22_Human-Made_Object,object-Duerer-Paumgartner-als-hl-Georg,https://hwgw.uzh.ch/artwork/object-Duerer-Paumgartner-als-hl-Georg
object,E22_Human-Made_Object,object-Duerer-Puto,https://hwgw.uzh.ch/artwork/object-Duerer-Puto
object,E22_Human-Made_Object,object-Duerer-Reiter-Kopie,https://hwgw.uzh.ch/artwork/object-Duerer-Reiter-Kopie
object,E22_Human-Made_Object,object-Duerer-Skizze-einer-schweren-Frau,https://hwgw.uzh.ch/artwork/object-Duerer-Skizze-einer-schweren-Frau
object,E22_Human-Made_Object,object-Duerer-Studen-sechs-Kissen,https://hwgw.uzh.ch/artwork/object-Duerer-Studen-sechs-Kissen
object,E22_Human-Made_Object,object-Duerer-Vier-Apostel-Paulus,https://hwgw.uzh.ch/artwork/object-Duerer-Vier-Apostel-Paulus
object,E22_Human-Made_Object,object-Duerer-Weiblicher-Akt-v-hinten,https://hwgw.uzh.ch/artwork/object-Duerer-Weiblicher-Akt-v-hinten
object,E22_Human-Made_Object,object-Duerer-Zeichungen-f-Komoedien-des-Terenz,https://hwgw.uzh.ch/artwork/object-Duerer-Zeichungen-f-Komoedien-des-Terenz
object,E22_Human-Made_Object,object-Duerer-letztes-Abendmahl,https://hwgw.uzh.ch/artwork/object-Duerer-letztes-Abendmahl
object,E22_Human-Made_Object,object-Duerer-rechter-Fuss-eines-Mannes,https://hwgw.uzh.ch/artwork/object-Duerer-rechter-Fuss-eines-Mannes
object,E22_Human-Made_Object,object-Duerer-thronendes-Christuskind,https://hwgw.uzh.ch/artwork/object-Duerer-thronendes-Christuskind
object,E22_Human-Made_Object,object-Duerer-weibliche-Gestalt-auf-rechts,https://hwgw.uzh.ch/artwork/object-Duerer-weibliche-Gestalt-auf-rechts
object,E22_Human-Made_Object,object-Duperac-Grundriss-St-Peter,https://hwgw.uzh.ch/artwork/object-Duperac-Grundriss-St-Peter
object,E22_Human-Made_Object,object-Duperac-Kapitolsplatz,https://hwgw.uzh.ch/artwork/object-Duperac-Kapitolsplatz
object,E22_Human-Made_Object,object-Ein-Figurenhndle-81,https://hwgw.uzh.ch/artwork/object-Ein-Figurenhndle-81
object,E22_Human-Made_Object,object-Ein-Mdchen-bring-79,https://hwgw.uzh.ch/artwork/object-Ein-Mdchen-bring-79
object,E22_Human-Made_Object,object-Ein-Satyr-von-zw-77,https://hwgw.uzh.ch/artwork/object-Ein-Satyr-von-zw-77
object,E22_Human-Made_Object,object-Ein-fltender-Amo-80,https://hwgw.uzh.ch/artwork/object-Ein-fltender-Amo-80
object,E22_Human-Made_Object,object-Elsner-hl-Paulus,https://hwgw.uzh.ch/artwork/object-Elsner-hl-Paulus
object,E22_Human-Made_Object,object-Ergnzung-eines-a-112,https://hwgw.uzh.ch/artwork/object-Ergnzung-eines-a-112
object,E22_Human-Made_Object,object-Erhart-Ritter,https://hwgw.uzh.ch/built_work/object-Erhart-Ritter
object,E22_Human-Made_Object,object-Erlangen-UB-Landschaft-der-Heimsuchung,https://hwgw.uzh.ch/artwork/object-Erlangen-UB-Landschaft-der-Heimsuchung
object,E22_Human-Made_Object,object-Erythrische-Siby-202,https://hwgw.uzh.ch/artwork/object-Erythrische-Siby-202
object,E22_Human-Made_Object,object-Fabbrica-di-San-Pietro,https://hwgw.uzh.ch/built_work/object-Fabbrica-di-San-Pietro
object,E22_Human-Made_Object,object-Farnesischer-Stier-Neapel,https://hwgw.uzh.ch/artwork/object-Farnesischer-Stier-Neapel
object,E22_Human-Made_Object,object-Faunskopf-170,https://hwgw.uzh.ch/artwork/object-Faunskopf-170
object,E22_Human-Made_Object,object-Faunsmaske-120,https://hwgw.uzh.ch/artwork/object-Faunsmaske-120
object,E22_Human-Made_Object,object-Felsgrottenmadon-156,https://hwgw.uzh.ch/artwork/object-Felsgrottenmadon-156
object,E22_Human-Made_Object,object-Felsgrottenmadon-176,https://hwgw.uzh.ch/artwork/object-Felsgrottenmadon-176
object,E22_Human-Made_Object,object-Felsige-Baumland-73,https://hwgw.uzh.ch/artwork/object-Felsige-Baumland-73
object,E22_Human-Made_Object,object-Felslandschaft-a-72,https://hwgw.uzh.ch/artwork/object-Felslandschaft-a-72
object,E22_Human-Made_Object,object-Fetti-Melancholie,https://hwgw.uzh.ch/artwork/object-Fetti-Melancholie
object,E22_Human-Made_Object,object-Feuerbach-Poesie,https://hwgw.uzh.ch/artwork/object-Feuerbach-Poesie
object,E22_Human-Made_Object,object-Fiorentino-Kurfuerst-Friedrich-III,https://hwgw.uzh.ch/artwork/object-Fiorentino-Kurfuerst-Friedrich-III
object,E22_Human-Made_Object,object-Floetner-Apollobrunnen,https://hwgw.uzh.ch/artwork/object-Floetner-Apollobrunnen
object,E22_Human-Made_Object,object-Florenz-Dom-Chor,https://hwgw.uzh.ch/built_work/object-Florenz-Dom-Chor
object,E22_Human-Made_Object,object-Florenz-Dom-Langhaus,https://hwgw.uzh.ch/built_work/object-Florenz-Dom-Langhaus
object,E22_Human-Made_Object,object-Florenz-S-Croce-Cavalcanti-Kapelle,https://hwgw.uzh.ch/built_work/object-Florenz-S-Croce-Cavalcanti-Kapelle
object,E22_Human-Made_Object,object-Florenz-SMN-Sakristei,https://hwgw.uzh.ch/built_work/object-Florenz-SMN-Sakristei
object,E22_Human-Made_Object,object-Florenz-SMN-Sakristei-Brunnen,https://hwgw.uzh.ch/built_work/object-Florenz-SMN-Sakristei-Brunnen
object,E22_Human-Made_Object,object-Flussgtter-Tiber-184,https://hwgw.uzh.ch/artwork/object-Flussgtter-Tiber-184
object,E22_Human-Made_Object,object-Fontana-Piazza-Campitelli-Rom,https://hwgw.uzh.ch/built_work/object-Fontana-Piazza-Campitelli-Rom
object,E22_Human-Made_Object,object-Fontana-Rocca-Viterbo,https://hwgw.uzh.ch/built_work/object-Fontana-Rocca-Viterbo
object,E22_Human-Made_Object,object-Fontana-di-Piazza-del-Popolo-Rom,https://hwgw.uzh.ch/built_work/object-Fontana-di-Piazza-del-Popolo-Rom
object,E22_Human-Made_Object,object-Fontane-Piazza-S-Pietro,https://hwgw.uzh.ch/built_work/object-Fontane-Piazza-S-Pietro
object,E22_Human-Made_Object,object-Foppa-Bueste-Papst-Julius-II,https://hwgw.uzh.ch/artwork/object-Foppa-Bueste-Papst-Julius-II
object,E22_Human-Made_Object,object-Fra-Bartolommeo-Evangelist-Markus,https://hwgw.uzh.ch/artwork/object-Fra-Bartolommeo-Evangelist-Markus
object,E22_Human-Made_Object,object-Fra-Bartolommeo-Fuenf-Landschaften,https://hwgw.uzh.ch/artwork/object-Fra-Bartolommeo-Fuenf-Landschaften
object,E22_Human-Made_Object,object-Fra-Bartolommeo-Madonna-Misericordia,https://hwgw.uzh.ch/artwork/object-Fra-Bartolommeo-Madonna-Misericordia
object,E22_Human-Made_Object,object-Fra-Bartolommeo-Pieta,https://hwgw.uzh.ch/artwork/object-Fra-Bartolommeo-Pieta
object,E22_Human-Made_Object,object-Francia-Taufe-Christi,https://hwgw.uzh.ch/artwork/object-Francia-Taufe-Christi
object,E22_Human-Made_Object,object-Fries-Parthenon-Athen,https://hwgw.uzh.ch/artwork/object-Fries-Parthenon-Athen
object,E22_Human-Made_Object,object-Fries-Parthenon-London,https://hwgw.uzh.ch/artwork/object-Fries-Parthenon-London
object,E22_Human-Made_Object,object-Fries-Parthenon-Paris,https://hwgw.uzh.ch/artwork/object-Fries-Parthenon-Paris
object,E22_Human-Made_Object,object-Fries-des-Tempel-150,https://hwgw.uzh.ch/artwork/object-Fries-des-Tempel-150
object,E22_Human-Made_Object,object-Fruchte-mit-Rose-47,https://hwgw.uzh.ch/artwork/object-Fruchte-mit-Rose-47
object,E22_Human-Made_Object,object-Funf-tanzende-Pu-40,https://hwgw.uzh.ch/artwork/object-Funf-tanzende-Pu-40
object,E22_Human-Made_Object,object-Gegend-im-Wallis-12,https://hwgw.uzh.ch/artwork/object-Gegend-im-Wallis-12
object,E22_Human-Made_Object,object-Gegend-im-Wallis-13,https://hwgw.uzh.ch/artwork/object-Gegend-im-Wallis-13
object,E22_Human-Made_Object,object-Gent-Kapelle-Joos-Vydt,https://hwgw.uzh.ch/built_work/object-Gent-Kapelle-Joos-Vydt
object,E22_Human-Made_Object,object-Gessner-Dritte-Folge,https://hwgw.uzh.ch/artwork/object-Gessner-Dritte-Folge
object,E22_Human-Made_Object,object-Gessner-Erste-Folge,https://hwgw.uzh.ch/artwork/object-Gessner-Erste-Folge
object,E22_Human-Made_Object,object-Gessner-Zweite-Folge,https://hwgw.uzh.ch/artwork/object-Gessner-Zweite-Folge
object,E22_Human-Made_Object,object-Ghirlandaio-Geburt-Johannes,https://hwgw.uzh.ch/artwork/object-Ghirlandaio-Geburt-Johannes
object,E22_Human-Made_Object,object-Ghirlandaio-Geburt-Markus,https://hwgw.uzh.ch/artwork/object-Ghirlandaio-Geburt-Markus
object,E22_Human-Made_Object,object-Ghirlandaio-Predigt-Johannes,https://hwgw.uzh.ch/artwork/object-Ghirlandaio-Predigt-Johannes
object,E22_Human-Made_Object,object-Ghirlandaio-Tempelgang,https://hwgw.uzh.ch/artwork/object-Ghirlandaio-Tempelgang
object,E22_Human-Made_Object,object-Giardino-Segreto-Vatikan,https://hwgw.uzh.ch/built_work/object-Giardino-Segreto-Vatikan
object,E22_Human-Made_Object,object-Giuliano-de-Medi-142,https://hwgw.uzh.ch/artwork/object-Giuliano-de-Medi-142
object,E22_Human-Made_Object,object-Gossaert-Adam-und-Eva,https://hwgw.uzh.ch/artwork/object-Gossaert-Adam-und-Eva
object,E22_Human-Made_Object,object-Gossart-Kreuzabnahme,https://hwgw.uzh.ch/artwork/object-Gossart-Kreuzabnahme
object,E22_Human-Made_Object,object-Gozzoli-Geschichte-Noahs,https://hwgw.uzh.ch/artwork/object-Gozzoli-Geschichte-Noahs
object,E22_Human-Made_Object,object-Grablegung-132,https://hwgw.uzh.ch/artwork/object-Grablegung-132
object,E22_Human-Made_Object,object-Grablegung-158,https://hwgw.uzh.ch/artwork/object-Grablegung-158
object,E22_Human-Made_Object,object-Grabmal-Julius-II-della-Rovere,https://hwgw.uzh.ch/artwork/object-Grabmal-Julius-II-della-Rovere
object,E22_Human-Made_Object,object-Grabmal-des-Kard-168,https://hwgw.uzh.ch/artwork/object-Grabmal-des-Kard-168
object,E22_Human-Made_Object,object-Grabmal-fur-Paps-196,https://hwgw.uzh.ch/artwork/object-Grabmal-fur-Paps-196
object,E22_Human-Made_Object,object-Graf-Satyrfamilie,https://hwgw.uzh.ch/artwork/object-Graf-Satyrfamilie
object,E22_Human-Made_Object,object-Greenbury-Duerers-Vater,https://hwgw.uzh.ch/artwork/object-Greenbury-Duerers-Vater
object,E22_Human-Made_Object,object-Grosse-Kreuzigung-109,https://hwgw.uzh.ch/artwork/object-Grosse-Kreuzigung-109
object,E22_Human-Made_Object,object-Gruenewald-Kreuzigung-Christi,https://hwgw.uzh.ch/artwork/object-Gruenewald-Kreuzigung-Christi
object,E22_Human-Made_Object,object-Hagenauer-Altarschrein-Antonius-Abbas,https://hwgw.uzh.ch/artwork/object-Hagenauer-Altarschrein-Antonius-Abbas
object,E22_Human-Made_Object,object-Halberstadt-Petershof,https://hwgw.uzh.ch/built_work/object-Halberstadt-Petershof
object,E22_Human-Made_Object,object-Halberstadt-Petershof-Portal,https://hwgw.uzh.ch/built_work/object-Halberstadt-Petershof-Portal
object,E22_Human-Made_Object,object-Harrich-Mariae-Himmelfahrt-u-Kroenung,https://hwgw.uzh.ch/artwork/object-Harrich-Mariae-Himmelfahrt-u-Kroenung
object,E22_Human-Made_Object,object-Heidelberg-Schloss-Ottheinrichsbau-Fassade,https://hwgw.uzh.ch/built_work/object-Heidelberg-Schloss-Ottheinrichsbau-Fassade
object,E22_Human-Made_Object,object-Heiliger-Ambrosi-98,https://hwgw.uzh.ch/artwork/object-Heiliger-Ambrosi-98
object,E22_Human-Made_Object,object-Heiliger-Christophorus-Holzschnitt,https://hwgw.uzh.ch/artwork/object-Heiliger-Christophorus-Holzschnitt
object,E22_Human-Made_Object,object-Heiliger-Franzis-192,https://hwgw.uzh.ch/artwork/object-Heiliger-Franzis-192
object,E22_Human-Made_Object,object-Heiliger-Georg-124,https://hwgw.uzh.ch/artwork/object-Heiliger-Georg-124
object,E22_Human-Made_Object,object-Heiliger-Johanne-193,https://hwgw.uzh.ch/artwork/object-Heiliger-Johanne-193
object,E22_Human-Made_Object,object-Heiliger-Matthus-111,https://hwgw.uzh.ch/artwork/object-Heiliger-Matthus-111
object,E22_Human-Made_Object,object-Heiliger-Paulus-191,https://hwgw.uzh.ch/artwork/object-Heiliger-Paulus-191
object,E22_Human-Made_Object,object-Heiliger-Petroni-102,https://hwgw.uzh.ch/artwork/object-Heiliger-Petroni-102
object,E22_Human-Made_Object,object-Heiliger-Petroni-97,https://hwgw.uzh.ch/artwork/object-Heiliger-Petroni-97
object,E22_Human-Made_Object,object-Heiliger-Proculu-103,https://hwgw.uzh.ch/artwork/object-Heiliger-Proculu-103
object,E22_Human-Made_Object,object-Herkules-146,https://hwgw.uzh.ch/artwork/object-Herkules-146
object,E22_Human-Made_Object,object-Hieber-Modell-Wallfahrtskirche,https://hwgw.uzh.ch/artwork/object-Hieber-Modell-Wallfahrtskirche
object,E22_Human-Made_Object,object-Holbein-Maria-mit-Kind,https://hwgw.uzh.ch/artwork/object-Holbein-Maria-mit-Kind
object,E22_Human-Made_Object,object-Holbein-d-j-Ecce-Homo,https://hwgw.uzh.ch/artwork/object-Holbein-d-j-Ecce-Homo
object,E22_Human-Made_Object,object-Holbein-d-j-Erasmus,https://hwgw.uzh.ch/artwork/object-Holbein-d-j-Erasmus
object,E22_Human-Made_Object,object-Holbein-d-j-Handwaschung-des-Pilatus,https://hwgw.uzh.ch/artwork/object-Holbein-d-j-Handwaschung-des-Pilatus
object,E22_Human-Made_Object,object-Holbein-d-j-Randzeichungen-zu-Erasmus,https://hwgw.uzh.ch/artwork/object-Holbein-d-j-Randzeichungen-zu-Erasmus
object,E22_Human-Made_Object,object-Idyllen-von-dem-41,https://hwgw.uzh.ch/artwork/object-Idyllen-von-dem-41
object,E22_Human-Made_Object,object-Idyllischer-Haus-55,https://hwgw.uzh.ch/artwork/object-Idyllischer-Haus-55
object,E22_Human-Made_Object,object-Im-Grase-sitzend-50,https://hwgw.uzh.ch/artwork/object-Im-Grase-sitzend-50
object,E22_Human-Made_Object,object-In-umranktem-Gar-45,https://hwgw.uzh.ch/artwork/object-In-umranktem-Gar-45
object,E22_Human-Made_Object,object-Johannes-der-Tuf-137,https://hwgw.uzh.ch/artwork/object-Johannes-der-Tuf-137
object,E22_Human-Made_Object,object-Judith-und-Holof-138,https://hwgw.uzh.ch/artwork/object-Judith-und-Holof-138
object,E22_Human-Made_Object,object-Junger-Bacchus-m-151,https://hwgw.uzh.ch/artwork/object-Junger-Bacchus-m-151
object,E22_Human-Made_Object,object-Junger-Bacchus-u-54,https://hwgw.uzh.ch/artwork/object-Junger-Bacchus-u-54
object,E22_Human-Made_Object,object-Kampf-der-Nackte-104,https://hwgw.uzh.ch/artwork/object-Kampf-der-Nackte-104
object,E22_Human-Made_Object,object-Karyatiden-Erechtheion-Athen,https://hwgw.uzh.ch/artwork/object-Karyatiden-Erechtheion-Athen
object,E22_Human-Made_Object,object-Kniende-Jungfrau-44,https://hwgw.uzh.ch/artwork/object-Kniende-Jungfrau-44
object,E22_Human-Made_Object,object-Kopfstudie-Oxford,https://hwgw.uzh.ch/artwork/object-Kopfstudie-Oxford
object,E22_Human-Made_Object,object-Kraft-Peringsdoerfer-Epitaph,https://hwgw.uzh.ch/artwork/object-Kraft-Peringsdoerfer-Epitaph
object,E22_Human-Made_Object,object-Kraft-Schreyer-Landauersches-Epitaph,https://hwgw.uzh.ch/artwork/object-Kraft-Schreyer-Landauersches-Epitaph
object,E22_Human-Made_Object,object-Kulmbach-Anbetung-der-Koenige,https://hwgw.uzh.ch/artwork/object-Kulmbach-Anbetung-der-Koenige
object,E22_Human-Made_Object,object-Kulmbach-Gefangennahme-Christi,https://hwgw.uzh.ch/artwork/object-Kulmbach-Gefangennahme-Christi
object,E22_Human-Made_Object,object-Kulmbach-Geisselung-Christi,https://hwgw.uzh.ch/artwork/object-Kulmbach-Geisselung-Christi
object,E22_Human-Made_Object,object-Kulmbach-Kroenung-Mariae,https://hwgw.uzh.ch/artwork/object-Kulmbach-Kroenung-Mariae
object,E22_Human-Made_Object,object-Kulmbach-Nackte-Frau-mit-Spiegel,https://hwgw.uzh.ch/artwork/object-Kulmbach-Nackte-Frau-mit-Spiegel
object,E22_Human-Made_Object,object-Kulmbach-hl-Dreifaltigkeit,https://hwgw.uzh.ch/artwork/object-Kulmbach-hl-Dreifaltigkeit
object,E22_Human-Made_Object,object-La-Belle-Jardini-181,https://hwgw.uzh.ch/artwork/object-La-Belle-Jardini-181
object,E22_Human-Made_Object,object-La-cabane-des-pc-29,https://hwgw.uzh.ch/artwork/object-La-cabane-des-pc-29
object,E22_Human-Made_Object,object-La-promenade-sur-26,https://hwgw.uzh.ch/artwork/object-La-promenade-sur-26
object,E22_Human-Made_Object,object-La-solitude-30,https://hwgw.uzh.ch/artwork/object-La-solitude-30
object,E22_Human-Made_Object,object-Le-temple-27,https://hwgw.uzh.ch/artwork/object-Le-temple-27
object,E22_Human-Made_Object,object-Leda-7,https://hwgw.uzh.ch/artwork/object-Leda-7
object,E22_Human-Made_Object,object-Leda-empfngt-den-83,https://hwgw.uzh.ch/artwork/object-Leda-empfngt-den-83
object,E22_Human-Made_Object,object-Leinberger-Jakobus-der-Aeltere,https://hwgw.uzh.ch/artwork/object-Leinberger-Jakobus-der-Aeltere
object,E22_Human-Made_Object,object-Les-bergers-roma-31,https://hwgw.uzh.ch/artwork/object-Les-bergers-roma-31
object,E22_Human-Made_Object,object-Lesende-Madonna-220,https://hwgw.uzh.ch/artwork/object-Lesende-Madonna-220
object,E22_Human-Made_Object,object-Leuchterengel-100,https://hwgw.uzh.ch/artwork/object-Leuchterengel-100
object,E22_Human-Made_Object,object-Leuchterengel-101,https://hwgw.uzh.ch/artwork/object-Leuchterengel-101
object,E22_Human-Made_Object,object-Libyische-und-De-219,https://hwgw.uzh.ch/artwork/object-Libyische-und-De-219
object,E22_Human-Made_Object,object-Liebespaar-am-Wa-37,https://hwgw.uzh.ch/artwork/object-Liebespaar-am-Wa-37
object,E22_Human-Made_Object,object-Lndliches-Gehft-71,https://hwgw.uzh.ch/artwork/object-Lndliches-Gehft-71
object,E22_Human-Made_Object,object-Locher-Muttergottes-Rosenlaube,https://hwgw.uzh.ch/artwork/object-Locher-Muttergottes-Rosenlaube
object,E22_Human-Made_Object,object-Lorenzo-de-Medic-141,https://hwgw.uzh.ch/artwork/object-Lorenzo-de-Medic-141
object,E22_Human-Made_Object,object-Lotto-Maria-mit-Kind,https://hwgw.uzh.ch/artwork/object-Lotto-Maria-mit-Kind
object,E22_Human-Made_Object,object-Louvre-Aphrodite-Venus-Genitrix,https://hwgw.uzh.ch/artwork/object-Louvre-Aphrodite-Venus-Genitrix
object,E22_Human-Made_Object,object-Louvre-Studie-f-weibl-Statue,https://hwgw.uzh.ch/artwork/object-Louvre-Studie-f-weibl-Statue
object,E22_Human-Made_Object,object-Luna-mit-dem-Dra-36,https://hwgw.uzh.ch/artwork/object-Luna-mit-dem-Dra-36
object,E22_Human-Made_Object,object-Lybische-Sibylle-203,https://hwgw.uzh.ch/artwork/object-Lybische-Sibylle-203
object,E22_Human-Made_Object,object-Madonna-182,https://hwgw.uzh.ch/artwork/object-Madonna-182
object,E22_Human-Made_Object,object-Madonna-Bridgewa-106,https://hwgw.uzh.ch/artwork/object-Madonna-Bridgewa-106
object,E22_Human-Made_Object,object-Madonna-Panciati-122,https://hwgw.uzh.ch/artwork/object-Madonna-Panciati-122
object,E22_Human-Made_Object,object-Madonna-dAlba-218,https://hwgw.uzh.ch/artwork/object-Madonna-dAlba-218
object,E22_Human-Made_Object,object-Madonna-della-Se-134,https://hwgw.uzh.ch/artwork/object-Madonna-della-Se-134
object,E22_Human-Made_Object,object-Madonna-mit-den-167,https://hwgw.uzh.ch/artwork/object-Madonna-mit-den-167
object,E22_Human-Made_Object,object-Madonna-mit-zwei-159,https://hwgw.uzh.ch/artwork/object-Madonna-mit-zwei-159
object,E22_Human-Made_Object,object-Magdeburg-Dom-Ernstkapelle,https://hwgw.uzh.ch/built_work/object-Magdeburg-Dom-Ernstkapelle
object,E22_Human-Made_Object,object-Magdeburg-Dom-Tumba-Ernst-Sachsen,https://hwgw.uzh.ch/artwork/object-Magdeburg-Dom-Tumba-Ernst-Sachsen
object,E22_Human-Made_Object,object-Manchester-Madon-157,https://hwgw.uzh.ch/artwork/object-Manchester-Madon-157
object,E22_Human-Made_Object,object-Mantegna-Christus-am-Oelberg,https://hwgw.uzh.ch/artwork/object-Mantegna-Christus-am-Oelberg
object,E22_Human-Made_Object,object-Mantegna-Grablegung-Christi,https://hwgw.uzh.ch/artwork/object-Mantegna-Grablegung-Christi
object,E22_Human-Made_Object,object-Mantegna-Madonna-und-Kind,https://hwgw.uzh.ch/artwork/object-Mantegna-Madonna-und-Kind
object,E22_Human-Made_Object,object-Mantegna-Tod-Mariae,https://hwgw.uzh.ch/artwork/object-Mantegna-Tod-Mariae
object,E22_Human-Made_Object,object-Marforio-Rom,https://hwgw.uzh.ch/artwork/object-Marforio-Rom
object,E22_Human-Made_Object,object-Marienkroenung-Freiburger-Hochaltar,https://hwgw.uzh.ch/artwork/object-Marienkroenung-Freiburger-Hochaltar
object,E22_Human-Made_Object,object-Marienleben,https://hwgw.uzh.ch/artwork/object-Marienleben
object,E22_Human-Made_Object,object-Marter-des-hl-Sebastian-1500,https://hwgw.uzh.ch/artwork/object-Marter-des-hl-Sebastian-1500
object,E22_Human-Made_Object,object-Massys-Desiderius-Erasmus,https://hwgw.uzh.ch/artwork/object-Massys-Desiderius-Erasmus
object,E22_Human-Made_Object,object-Massys-Heilige-Sippe,https://hwgw.uzh.ch/artwork/object-Massys-Heilige-Sippe
object,E22_Human-Made_Object,object-Meister-E-S-Heiland-u-Apostel-stehend,https://hwgw.uzh.ch/artwork/object-Meister-E-S-Heiland-u-Apostel-stehend
object,E22_Human-Made_Object,object-Meister-E-S-Johannes-Patmos,https://hwgw.uzh.ch/artwork/object-Meister-E-S-Johannes-Patmos
object,E22_Human-Made_Object,object-Michelangelo-Aurora-Cappella-Medici,https://hwgw.uzh.ch/artwork/object-Michelangelo-Aurora-Cappella-Medici
object,E22_Human-Made_Object,object-Michelangelo-Bruegger-Madonna-Berlin,https://hwgw.uzh.ch/artwork/object-Michelangelo-Bruegger-Madonna-Berlin
object,E22_Human-Made_Object,object-Michelangelo-Bruegger-Madonna-Florenz,https://hwgw.uzh.ch/artwork/object-Michelangelo-Bruegger-Madonna-Florenz
object,E22_Human-Made_Object,object-Michelangelo-Crepuscolo-Cappella-Medici,https://hwgw.uzh.ch/artwork/object-Michelangelo-Crepuscolo-Cappella-Medici
object,E22_Human-Made_Object,object-Michelangelo-Fassadenprojekt-San-Lorenzo-1516,https://hwgw.uzh.ch/artwork/object-Michelangelo-Fassadenprojekt-San-Lorenzo-1516
object,E22_Human-Made_Object,object-Michelangelo-Fassadenprojekt-San-Lorenzo-1517,https://hwgw.uzh.ch/artwork/object-Michelangelo-Fassadenprojekt-San-Lorenzo-1517
object,E22_Human-Made_Object,object-Michelangelo-Fassadenprojekt-San-Lorenzo-u-Skizzen,https://hwgw.uzh.ch/artwork/object-Michelangelo-Fassadenprojekt-San-Lorenzo-u-Skizzen
object,E22_Human-Made_Object,object-Michelangelo-Gefangene,https://hwgw.uzh.ch/artwork/object-Michelangelo-Gefangene
object,E22_Human-Made_Object,object-Michelangelo-Giorno-Cappella-Medici,https://hwgw.uzh.ch/artwork/object-Michelangelo-Giorno-Cappella-Medici
object,E22_Human-Made_Object,object-Michelangelo-Grundriss-San-Giovanni,https://hwgw.uzh.ch/artwork/object-Michelangelo-Grundriss-San-Giovanni
object,E22_Human-Made_Object,object-Michelangelo-Grundriss-St-Peter,https://hwgw.uzh.ch/artwork/object-Michelangelo-Grundriss-St-Peter
object,E22_Human-Made_Object,object-Michelangelo-Kuppelmodell,https://hwgw.uzh.ch/artwork/object-Michelangelo-Kuppelmodell
object,E22_Human-Made_Object,object-Michelangelo-Maennlicher-Rueckenakt,https://hwgw.uzh.ch/artwork/object-Michelangelo-Maennlicher-Rueckenakt
object,E22_Human-Made_Object,object-Michelangelo-Tag-Grab-Giuliano-Medici,https://hwgw.uzh.ch/artwork/object-Michelangelo-Tag-Grab-Giuliano-Medici
object,E22_Human-Made_Object,object-Minello-Ornament-Ranken-Voegel,https://hwgw.uzh.ch/artwork/object-Minello-Ornament-Ranken-Voegel
object,E22_Human-Made_Object,object-Mit-Putte-tanzen-39,https://hwgw.uzh.ch/artwork/object-Mit-Putte-tanzen-39
object,E22_Human-Made_Object,object-Mit-Putten-kmpfe-43,https://hwgw.uzh.ch/artwork/object-Mit-Putten-kmpfe-43
object,E22_Human-Made_Object,object-Mnnlicher-Akt-st-179,https://hwgw.uzh.ch/artwork/object-Mnnlicher-Akt-st-179
object,E22_Human-Made_Object,object-Mnnlicher-Kopf-u-116,https://hwgw.uzh.ch/artwork/object-Mnnlicher-Kopf-u-116
object,E22_Human-Made_Object,object-Moerlin-Epitaph,https://hwgw.uzh.ch/artwork/object-Moerlin-Epitaph
object,E22_Human-Made_Object,object-Mosca-Lucretia,https://hwgw.uzh.ch/artwork/object-Mosca-Lucretia
object,E22_Human-Made_Object,object-Mr-Ferrara-Tod-des-Orpheus,https://hwgw.uzh.ch/artwork/object-Mr-Ferrara-Tod-des-Orpheus
object,E22_Human-Made_Object,object-Muenchen-Pinakothek-Apostelabschied,https://hwgw.uzh.ch/artwork/object-Muenchen-Pinakothek-Apostelabschied
object,E22_Human-Made_Object,object-Muenchen-Pinakothek-Bildnis-Albrecht-Duerers-d-Ae,https://hwgw.uzh.ch/artwork/object-Muenchen-Pinakothek-Bildnis-Albrecht-Duerers-d-Ae
object,E22_Human-Made_Object,object-Muenchen-Turinerhof,https://hwgw.uzh.ch/built_work/object-Muenchen-Turinerhof
object,E22_Human-Made_Object,object-Naldini-Fassade-Palazzo-Branconio,https://hwgw.uzh.ch/artwork/object-Naldini-Fassade-Palazzo-Branconio
object,E22_Human-Made_Object,object-Narziss-160,https://hwgw.uzh.ch/artwork/object-Narziss-160
object,E22_Human-Made_Object,object-Notke-Gnadenstuhl,https://hwgw.uzh.ch/artwork/object-Notke-Gnadenstuhl
object,E22_Human-Made_Object,object-Notte-143,https://hwgw.uzh.ch/artwork/object-Notte-143
object,E22_Human-Made_Object,object-Nuernberg-Depositum-Altarretabel,https://hwgw.uzh.ch/built_work/object-Nuernberg-Depositum-Altarretabel
object,E22_Human-Made_Object,object-Nuernberg-Jakobskirche-Beweinung-Christi,https://hwgw.uzh.ch/artwork/object-Nuernberg-Jakobskirche-Beweinung-Christi
object,E22_Human-Made_Object,object-Nuernberg-Mauthalle,https://hwgw.uzh.ch/built_work/object-Nuernberg-Mauthalle
object,E22_Human-Made_Object,object-Nuernberg-Muenzkabinett-Albrecht-Duerer-der-Aeltere,https://hwgw.uzh.ch/artwork/object-Nuernberg-Muenzkabinett-Albrecht-Duerer-der-Aeltere
object,E22_Human-Made_Object,object-Nuernberg-Muenzkabinett-Lukretia,https://hwgw.uzh.ch/artwork/object-Nuernberg-Muenzkabinett-Lukretia
object,E22_Human-Made_Object,object-Nuernberg-St-Lorenz-Chor,https://hwgw.uzh.ch/built_work/object-Nuernberg-St-Lorenz-Chor
object,E22_Human-Made_Object,object-Oberkrper-einer-222,https://hwgw.uzh.ch/artwork/object-Oberkrper-einer-222
object,E22_Human-Made_Object,object-Padua-Palazzo-del-Bo,https://hwgw.uzh.ch/built_work/object-Padua-Palazzo-del-Bo
object,E22_Human-Made_Object,object-Palazzo-Apostolico-Stanzen,https://hwgw.uzh.ch/built_work/object-Palazzo-Apostolico-Stanzen
object,E22_Human-Made_Object,object-Palazzo-Gaddi-Niccolini-Amici-Rom,https://hwgw.uzh.ch/built_work/object-Palazzo-Gaddi-Niccolini-Amici-Rom
object,E22_Human-Made_Object,object-Palazzo-Massimi-Rom,https://hwgw.uzh.ch/built_work/object-Palazzo-Massimi-Rom
object,E22_Human-Made_Object,object-Palazzo-Regis-Rom,https://hwgw.uzh.ch/built_work/object-Palazzo-Regis-Rom
object,E22_Human-Made_Object,object-Palazzo-Salviati-alla-Lungara,https://hwgw.uzh.ch/artwork/object-Palazzo-Salviati-alla-Lungara
object,E22_Human-Made_Object,object-Palazzo-Strozzi-136,https://hwgw.uzh.ch/built_work/object-Palazzo-Strozzi-136
object,E22_Human-Made_Object,object-Palazzo-Via-del-Gesu,https://hwgw.uzh.ch/built_work/object-Palazzo-Via-del-Gesu
object,E22_Human-Made_Object,object-Palazzo-di-Firenze-Rom,https://hwgw.uzh.ch/built_work/object-Palazzo-di-Firenze-Rom
object,E22_Human-Made_Object,object-Palette-mit-Pins-67,https://hwgw.uzh.ch/artwork/object-Palette-mit-Pins-67
object,E22_Human-Made_Object,object-Pelerin-Gesellschaft-in-Natur,https://hwgw.uzh.ch/artwork/object-Pelerin-Gesellschaft-in-Natur
object,E22_Human-Made_Object,object-Peringsdoerffer-Altar,https://hwgw.uzh.ch/artwork/object-Peringsdoerffer-Altar
object,E22_Human-Made_Object,object-Perugia-Madonna-Luce,https://hwgw.uzh.ch/built_work/object-Perugia-Madonna-Luce
object,E22_Human-Made_Object,object-Perugino-Bildnis-junges-Maedchen,https://hwgw.uzh.ch/artwork/object-Perugino-Bildnis-junges-Maedchen
object,E22_Human-Made_Object,object-Peruzzi-Profil-Schloss-Carparola,https://hwgw.uzh.ch/artwork/object-Peruzzi-Profil-Schloss-Carparola
object,E22_Human-Made_Object,object-Peruzzi-Skizze-Palazzo-Pubblico,https://hwgw.uzh.ch/artwork/object-Peruzzi-Skizze-Palazzo-Pubblico
object,E22_Human-Made_Object,object-Petit-Trianon-34,https://hwgw.uzh.ch/built_work/object-Petit-Trianon-34
object,E22_Human-Made_Object,object-Peurlin-Epitaph-Heinrich-Lichtenau,https://hwgw.uzh.ch/artwork/object-Peurlin-Epitaph-Heinrich-Lichtenau
object,E22_Human-Made_Object,object-Piccinelli-Venus-Putten,https://hwgw.uzh.ch/artwork/object-Piccinelli-Venus-Putten
object,E22_Human-Made_Object,object-Piccolomini-Alta-190,https://hwgw.uzh.ch/built_work/object-Piccolomini-Alta-190
object,E22_Human-Made_Object,object-Piet-175,https://hwgw.uzh.ch/artwork/object-Piet-175
object,E22_Human-Made_Object,object-Piet-185,https://hwgw.uzh.ch/artwork/object-Piet-185
object,E22_Human-Made_Object,object-Piet-90,https://hwgw.uzh.ch/artwork/object-Piet-90
object,E22_Human-Made_Object,object-Pistoia-Madonna-Umilta-Vestibuel,https://hwgw.uzh.ch/built_work/object-Pistoia-Madonna-Umilta-Vestibuel
object,E22_Human-Made_Object,object-Plalazzo-Baccelli-Florenz,https://hwgw.uzh.ch/built_work/object-Plalazzo-Baccelli-Florenz
object,E22_Human-Made_Object,object-Pleydenwurff-Kreuzigung,https://hwgw.uzh.ch/artwork/object-Pleydenwurff-Kreuzigung
object,E22_Human-Made_Object,object-Pollaiuolo-Bogenschiessender-Herkules,https://hwgw.uzh.ch/artwork/object-Pollaiuolo-Bogenschiessender-Herkules
object,E22_Human-Made_Object,object-Pollaiuolo-Herkules-und-Dejanira,https://hwgw.uzh.ch/artwork/object-Pollaiuolo-Herkules-und-Dejanira
object,E22_Human-Made_Object,object-Pomona-8,https://hwgw.uzh.ch/artwork/object-Pomona-8
object,E22_Human-Made_Object,object-Porta-Grabmahl-Paul-III-Farnese,https://hwgw.uzh.ch/artwork/object-Porta-Grabmahl-Paul-III-Farnese
object,E22_Human-Made_Object,object-Porta-Magna-Pila-95,https://hwgw.uzh.ch/artwork/object-Porta-Magna-Pila-95
object,E22_Human-Made_Object,object-Porta-Magna-San-Petronio,https://hwgw.uzh.ch/built_work/object-Porta-Magna-San-Petronio
object,E22_Human-Made_Object,object-Porta-della-Sagrestia-San-Marco-Venedig,https://hwgw.uzh.ch/built_work/object-Porta-della-Sagrestia-San-Marco-Venedig
object,E22_Human-Made_Object,object-Portrt-Salomon-G-32,https://hwgw.uzh.ch/artwork/object-Portrt-Salomon-G-32
object,E22_Human-Made_Object,object-Prophet-Ezechiel-205,https://hwgw.uzh.ch/artwork/object-Prophet-Ezechiel-205
object,E22_Human-Made_Object,object-Prophet-Jeremias-206,https://hwgw.uzh.ch/artwork/object-Prophet-Jeremias-206
object,E22_Human-Made_Object,object-Prophet-Jesaia-207,https://hwgw.uzh.ch/artwork/object-Prophet-Jesaia-207
object,E22_Human-Made_Object,object-Prophet-Joel-208,https://hwgw.uzh.ch/artwork/object-Prophet-Joel-208
object,E22_Human-Made_Object,object-Prophet-Zacharia-209,https://hwgw.uzh.ch/artwork/object-Prophet-Zacharia-209
object,E22_Human-Made_Object,object-Propheten-204,https://hwgw.uzh.ch/artwork/object-Propheten-204
object,E22_Human-Made_Object,object-Putto-lsst-uber-49,https://hwgw.uzh.ch/artwork/object-Putto-lsst-uber-49
object,E22_Human-Made_Object,object-Quaglio-Liebe-Frau-Muenchen-Radierung,https://hwgw.uzh.ch/artwork/object-Quaglio-Liebe-Frau-Muenchen-Radierung
object,E22_Human-Made_Object,object-Raffael-Tapisserien-Sistina,https://hwgw.uzh.ch/artwork/object-Raffael-Tapisserien-Sistina
object,E22_Human-Made_Object,object-Raffael-zwei-Maennerakte-mit-Kopfstudie,https://hwgw.uzh.ch/artwork/object-Raffael-zwei-Maennerakte-mit-Kopfstudie
object,E22_Human-Made_Object,object-Rebellischer-Skl-177,https://hwgw.uzh.ch/artwork/object-Rebellischer-Skl-177
object,E22_Human-Made_Object,object-Regisole-Pavia,https://hwgw.uzh.ch/artwork/object-Regisole-Pavia
object,E22_Human-Made_Object,object-Reiterschlacht-121,https://hwgw.uzh.ch/artwork/object-Reiterschlacht-121
object,E22_Human-Made_Object,object-Reiterstatue-Marc-Aurel,https://hwgw.uzh.ch/artwork/object-Reiterstatue-Marc-Aurel
object,E22_Human-Made_Object,object-Relief-Gigantomachie-Pergamonaltar,https://hwgw.uzh.ch/artwork/object-Relief-Gigantomachie-Pergamonaltar
object,E22_Human-Made_Object,object-Relief-mit-vier-52,https://hwgw.uzh.ch/artwork/object-Relief-mit-vier-52
object,E22_Human-Made_Object,object-Reliefs-des-Perg-91,https://hwgw.uzh.ch/artwork/object-Reliefs-des-Perg-91
object,E22_Human-Made_Object,object-Reni-dornengekroenter-Christ,https://hwgw.uzh.ch/artwork/object-Reni-dornengekroenter-Christ
object,E22_Human-Made_Object,object-Riemenschneider-Heilig-Blut-Altar,https://hwgw.uzh.ch/built_work/object-Riemenschneider-Heilig-Blut-Altar
object,E22_Human-Made_Object,object-Rom-Grabmahl-Cecilia-Metella,https://hwgw.uzh.ch/artwork/object-Rom-Grabmahl-Cecilia-Metella
object,E22_Human-Made_Object,object-Rom-Senatorenpalast-Nil,https://hwgw.uzh.ch/artwork/object-Rom-Senatorenpalast-Nil
object,E22_Human-Made_Object,object-Rom-Senatorenpalast-Tigris,https://hwgw.uzh.ch/artwork/object-Rom-Senatorenpalast-Tigris
object,E22_Human-Made_Object,object-Rossellino-Grabmal-Pandolfini,https://hwgw.uzh.ch/artwork/object-Rossellino-Grabmal-Pandolfini
object,E22_Human-Made_Object,object-Rothenburg-Hegereiterhaus,https://hwgw.uzh.ch/built_work/object-Rothenburg-Hegereiterhaus
object,E22_Human-Made_Object,object-Rothengurg-Heilig-Blut-Kapelle,https://hwgw.uzh.ch/built_work/object-Rothengurg-Heilig-Blut-Kapelle
object,E22_Human-Made_Object,object-S-Vicenzo-e-Anastasio-Rom,https://hwgw.uzh.ch/built_work/object-S-Vicenzo-e-Anastasio-Rom
object,E22_Human-Made_Object,object-Sacrifice-au-die-28,https://hwgw.uzh.ch/artwork/object-Sacrifice-au-die-28
object,E22_Human-Made_Object,object-Sakristeischrank-Nuernberg,https://hwgw.uzh.ch/built_work/object-Sakristeischrank-Nuernberg
object,E22_Human-Made_Object,object-Salomon-Gessner-22,https://hwgw.uzh.ch/artwork/object-Salomon-Gessner-22
object,E22_Human-Made_Object,object-Salomon-Gessner-25,https://hwgw.uzh.ch/artwork/object-Salomon-Gessner-25
object,E22_Human-Made_Object,object-Salomon-Gessner-33,https://hwgw.uzh.ch/artwork/object-Salomon-Gessner-33
object,E22_Human-Made_Object,object-San-Gallo-Grundriss-Villa-Madama,https://hwgw.uzh.ch/artwork/object-San-Gallo-Grundriss-Villa-Madama
object,E22_Human-Made_Object,object-San-Gallo-Grundriss-Villa-Madama-Fragmente,https://hwgw.uzh.ch/artwork/object-San-Gallo-Grundriss-Villa-Madama-Fragmente
object,E22_Human-Made_Object,object-San-Gallo-Studie-Gaerten-Villa-Madama,https://hwgw.uzh.ch/artwork/object-San-Gallo-Studie-Gaerten-Villa-Madama
object,E22_Human-Made_Object,object-San-Giacomo-degli-Incurabili-Rom,https://hwgw.uzh.ch/built_work/object-San-Giacomo-degli-Incurabili-Rom
object,E22_Human-Made_Object,object-San-Marco-214,https://hwgw.uzh.ch/artwork/object-San-Marco-214
object,E22_Human-Made_Object,object-Sangallo-Terrassierung-Villa-Madama-1356A,https://hwgw.uzh.ch/artwork/object-Sangallo-Terrassierung-Villa-Madama-1356A
object,E22_Human-Made_Object,object-Sangallo-Terrassierung-Villa-Madama-789A,https://hwgw.uzh.ch/artwork/object-Sangallo-Terrassierung-Villa-Madama-789A
object,E22_Human-Made_Object,object-Sansovino-Grab-Ascanio-Maria-Sforza,https://hwgw.uzh.ch/artwork/object-Sansovino-Grab-Ascanio-Maria-Sforza
object,E22_Human-Made_Object,object-Sansovino-Grab-Girolamo-Basso-Rovere,https://hwgw.uzh.ch/artwork/object-Sansovino-Grab-Girolamo-Basso-Rovere
object,E22_Human-Made_Object,object-Santa-Maria-delle-Grazie-Arezzo-Vorhalle,https://hwgw.uzh.ch/built_work/object-Santa-Maria-delle-Grazie-Arezzo-Vorhalle
object,E22_Human-Made_Object,object-Santa-Petronilla-213,https://hwgw.uzh.ch/built_work/object-Santa-Petronilla-213
object,E22_Human-Made_Object,object-Sarburgh-Dresdner-Madonna,https://hwgw.uzh.ch/artwork/object-Sarburgh-Dresdner-Madonna
object,E22_Human-Made_Object,object-Sarto-Predigt-Johannes,https://hwgw.uzh.ch/artwork/object-Sarto-Predigt-Johannes
object,E22_Human-Made_Object,object-Schaeufelin-farbiger-Bauernkopf,https://hwgw.uzh.ch/artwork/object-Schaeufelin-farbiger-Bauernkopf
object,E22_Human-Made_Object,object-Schaffner-Verkuendigung,https://hwgw.uzh.ch/artwork/object-Schaffner-Verkuendigung
object,E22_Human-Made_Object,object-Schlacht-von-Cas-148,https://hwgw.uzh.ch/artwork/object-Schlacht-von-Cas-148
object,E22_Human-Made_Object,object-Schongauer-Baertiger-Greisenkopf,https://hwgw.uzh.ch/artwork/object-Schongauer-Baertiger-Greisenkopf
object,E22_Human-Made_Object,object-Schongauer-Madonna-im-Rosenhag,https://hwgw.uzh.ch/artwork/object-Schongauer-Madonna-im-Rosenhag
object,E22_Human-Made_Object,object-Schwerisstuch-der-Veronika-1510,https://hwgw.uzh.ch/artwork/object-Schwerisstuch-der-Veronika-1510
object,E22_Human-Made_Object,object-Sibyllen-210,https://hwgw.uzh.ch/artwork/object-Sibyllen-210
object,E22_Human-Made_Object,object-Sistina-Chorschranke,https://hwgw.uzh.ch/built_work/object-Sistina-Chorschranke
object,E22_Human-Made_Object,object-Sixtinische-Decke-Schoepfungsszenen,https://hwgw.uzh.ch/artwork/object-Sixtinische-Decke-Schoepfungsszenen
object,E22_Human-Made_Object,object-Skizze-fur-einen-180,https://hwgw.uzh.ch/artwork/object-Skizze-fur-einen-180
object,E22_Human-Made_Object,object-Sklaven-211,https://hwgw.uzh.ch/artwork/object-Sklaven-211
object,E22_Human-Made_Object,object-Sockel-und-Geden-46,https://hwgw.uzh.ch/artwork/object-Sockel-und-Geden-46
object,E22_Human-Made_Object,object-Sodoma-Heiriat-Alexander-Roxane,https://hwgw.uzh.ch/artwork/object-Sodoma-Heiriat-Alexander-Roxane
object,E22_Human-Made_Object,object-Stadttor-durch-d-74,https://hwgw.uzh.ch/artwork/object-Stadttor-durch-d-74
object,E22_Human-Made_Object,object-Stang-Abendmahl,https://hwgw.uzh.ch/artwork/object-Stang-Abendmahl
object,E22_Human-Made_Object,object-Stauffer-Bern-Adorant,https://hwgw.uzh.ch/artwork/object-Stauffer-Bern-Adorant
object,E22_Human-Made_Object,object-Stehender-Jungli-149,https://hwgw.uzh.ch/artwork/object-Stehender-Jungli-149
object,E22_Human-Made_Object,object-Stehender-mnnlic-154,https://hwgw.uzh.ch/artwork/object-Stehender-mnnlic-154
object,E22_Human-Made_Object,object-Sterbender-Adoni-128,https://hwgw.uzh.ch/artwork/object-Sterbender-Adoni-128
object,E22_Human-Made_Object,object-Sterbender-Sklav-178,https://hwgw.uzh.ch/artwork/object-Sterbender-Sklav-178
object,E22_Human-Made_Object,object-Stoss-Englischer-Gruss,https://hwgw.uzh.ch/artwork/object-Stoss-Englischer-Gruss
object,E22_Human-Made_Object,object-Studie-Palazzo-Caprini,https://hwgw.uzh.ch/artwork/object-Studie-Palazzo-Caprini
object,E22_Human-Made_Object,object-Studie-einer-sit-152,https://hwgw.uzh.ch/artwork/object-Studie-einer-sit-152
object,E22_Human-Made_Object,object-Studienblatt-mit-221,https://hwgw.uzh.ch/artwork/object-Studienblatt-mit-221
object,E22_Human-Made_Object,object-Stuttgart-Schloss-Arkadenhof,https://hwgw.uzh.ch/built_work/object-Stuttgart-Schloss-Arkadenhof
object,E22_Human-Made_Object,object-Telamon-Olympeion-Agrigent,https://hwgw.uzh.ch/artwork/object-Telamon-Olympeion-Agrigent
object,E22_Human-Made_Object,object-Testa-divina-171,https://hwgw.uzh.ch/artwork/object-Testa-divina-171
object,E22_Human-Made_Object,object-Thronende-Madonn-144,https://hwgw.uzh.ch/artwork/object-Thronende-Madonn-144
object,E22_Human-Made_Object,object-Thyrsis-reicht-C-59,https://hwgw.uzh.ch/artwork/object-Thyrsis-reicht-C-59
object,E22_Human-Made_Object,object-Tizian-Hieronymus-Wueste,https://hwgw.uzh.ch/artwork/object-Tizian-Hieronymus-Wueste
object,E22_Human-Made_Object,object-Tizian-Mariae-Himmelfahrt,https://hwgw.uzh.ch/artwork/object-Tizian-Mariae-Himmelfahrt
object,E22_Human-Made_Object,object-Tondo-Taddei-Abguss,https://hwgw.uzh.ch/artwork/object-Tondo-Taddei-Abguss
object,E22_Human-Made_Object,object-Tragende-Fraueng-169,https://hwgw.uzh.ch/artwork/object-Tragende-Fraueng-169
object,E22_Human-Made_Object,object-Traut-Taufe-mit-Stifterbild,https://hwgw.uzh.ch/artwork/object-Traut-Taufe-mit-Stifterbild
object,E22_Human-Made_Object,object-Trunkenheit-Noah-212,https://hwgw.uzh.ch/artwork/object-Trunkenheit-Noah-212
object,E22_Human-Made_Object,object-Tympanon-San-Petronio,https://hwgw.uzh.ch/built_work/object-Tympanon-San-Petronio
object,E22_Human-Made_Object,object-Uccello-Grabmalsfresko-John-Hawkwood,https://hwgw.uzh.ch/artwork/object-Uccello-Grabmalsfresko-John-Hawkwood
object,E22_Human-Made_Object,object-Ulm-Kornhaus,https://hwgw.uzh.ch/built_work/object-Ulm-Kornhaus
object,E22_Human-Made_Object,object-Un-Pre-de-famill-18,https://hwgw.uzh.ch/artwork/object-Un-Pre-de-famill-18
object,E22_Human-Made_Object,object-Versuchung-des-h-147,https://hwgw.uzh.ch/artwork/object-Versuchung-des-h-147
object,E22_Human-Made_Object,object-Versuchung-des-h-216,https://hwgw.uzh.ch/artwork/object-Versuchung-des-h-216
object,E22_Human-Made_Object,object-Verteilung-von-Rosenkraenzen-1477,https://hwgw.uzh.ch/artwork/object-Verteilung-von-Rosenkraenzen-1477
object,E22_Human-Made_Object,object-Vicenza-Pal-Thiene-Innenhof,https://hwgw.uzh.ch/built_work/object-Vicenza-Pal-Thiene-Innenhof
object,E22_Human-Made_Object,object-Vier-Europer-bes-68,https://hwgw.uzh.ch/artwork/object-Vier-Europer-bes-68
object,E22_Human-Made_Object,object-Vischer-Epitaph-Anton-Kress,https://hwgw.uzh.ch/artwork/object-Vischer-Epitaph-Anton-Kress
object,E22_Human-Made_Object,object-Vischer-Epitaph-Friedrich-d-Weise,https://hwgw.uzh.ch/artwork/object-Vischer-Epitaph-Friedrich-d-Weise
object,E22_Human-Made_Object,object-Vision-der-7-goldenen-Leuchter-1483,https://hwgw.uzh.ch/artwork/object-Vision-der-7-goldenen-Leuchter-1483
object,E22_Human-Made_Object,object-Waldige-Landscha-75,https://hwgw.uzh.ch/artwork/object-Waldige-Landscha-75
object,E22_Human-Made_Object,object-Wallraf-Erscheinung-des-Engels,https://hwgw.uzh.ch/artwork/object-Wallraf-Erscheinung-des-Engels
object,E22_Human-Made_Object,object-Weckmann-Thronende-Madonna,https://hwgw.uzh.ch/built_work/object-Weckmann-Thronende-Madonna
object,E22_Human-Made_Object,object-Weibliche-Buste-114,https://hwgw.uzh.ch/artwork/object-Weibliche-Buste-114
object,E22_Human-Made_Object,object-Weiblicher-und-m-115,https://hwgw.uzh.ch/artwork/object-Weiblicher-und-m-115
object,E22_Human-Made_Object,object-Wien-KHM-Juengling-Magdalensberg,https://hwgw.uzh.ch/artwork/object-Wien-KHM-Juengling-Magdalensberg
object,E22_Human-Made_Object,object-Witz-hl-Katharina-u-Magdalena,https://hwgw.uzh.ch/artwork/object-Witz-hl-Katharina-u-Magdalena
object,E22_Human-Made_Object,object-Wolgemut-Teufelaehnliche-Gestalt,https://hwgw.uzh.ch/artwork/object-Wolgemut-Teufelaehnliche-Gestalt
object,E22_Human-Made_Object,object-Wolgemut-Tod-Mariae-Hallersches-Epitaph,https://hwgw.uzh.ch/artwork/object-Wolgemut-Tod-Mariae-Hallersches-Epitaph
object,E22_Human-Made_Object,object-Wundertaten-des-174,https://hwgw.uzh.ch/artwork/object-Wundertaten-des-174
object,E22_Human-Made_Object,object-Zasinger-Memento-mori,https://hwgw.uzh.ch/artwork/object-Zasinger-Memento-mori
object,E22_Human-Made_Object,object-Zeitblom-Beweinung-Christi,https://hwgw.uzh.ch/artwork/object-Zeitblom-Beweinung-Christi
object,E22_Human-Made_Object,object-Zoan-Tanz-der-Musen,https://hwgw.uzh.ch/artwork/object-Zoan-Tanz-der-Musen
object,E22_Human-Made_Object,object-Zoan-Tanz-der-vier-Frauen,https://hwgw.uzh.ch/artwork/object-Zoan-Tanz-der-vier-Frauen
object,E22_Human-Made_Object,object-Zuliani-Tod-Petrus,https://hwgw.uzh.ch/artwork/object-Zuliani-Tod-Petrus
object,E22_Human-Made_Object,object-Zwei-bei-einem-B-38,https://hwgw.uzh.ch/artwork/object-Zwei-bei-einem-B-38
object,E22_Human-Made_Object,object-Zwei-nach-einer-57,https://hwgw.uzh.ch/artwork/object-Zwei-nach-einer-57
object,E22_Human-Made_Object,object-Zwei-tanzende-Pu-48,https://hwgw.uzh.ch/artwork/object-Zwei-tanzende-Pu-48
object,E22_Human-Made_Object,object-Zwlf-Studienkpfe-172,https://hwgw.uzh.ch/artwork/object-Zwlf-Studienkpfe-172
object,E22_Human-Made_Object,object-Zwoelf-Apostel-Freiburger-Hochaltar,https://hwgw.uzh.ch/artwork/object-Zwoelf-Apostel-Freiburger-Hochaltar
object,E22_Human-Made_Object,object-cappella-di-san-giovanni-dom-siena,https://hwgw.uzh.ch/built_work/object-cappella-di-san-giovanni-dom-siena
object,E22_Human-Made_Object,object-chor-santa-maria-delle-grazie,https://hwgw.uzh.ch/built_work/object-chor-santa-maria-delle-grazie
object,E22_Human-Made_Object,object-da-Cesena-Allegorie,https://hwgw.uzh.ch/artwork/object-da-Cesena-Allegorie
object,E22_Human-Made_Object,object-da-Vinci-David,https://hwgw.uzh.ch/artwork/object-da-Vinci-David
object,E22_Human-Made_Object,object-da-Vinci-Leda-u-Schwan,https://hwgw.uzh.ch/artwork/object-da-Vinci-Leda-u-Schwan
object,E22_Human-Made_Object,object-da-Vinci-Vorstudia-Reiterdenkmal,https://hwgw.uzh.ch/artwork/object-da-Vinci-Vorstudia-Reiterdenkmal
object,E22_Human-Made_Object,object-de-Barbari-Frauenbueste,https://hwgw.uzh.ch/artwork/object-de-Barbari-Frauenbueste
object,E22_Human-Made_Object,object-de-Barbari-Grosses-Priapopfer,https://hwgw.uzh.ch/artwork/object-de-Barbari-Grosses-Priapopfer
object,E22_Human-Made_Object,object-de-Barbari-Kleopatra,https://hwgw.uzh.ch/artwork/object-de-Barbari-Kleopatra
object,E22_Human-Made_Object,object-de-Barbari-Mars-u-Venus,https://hwgw.uzh.ch/artwork/object-de-Barbari-Mars-u-Venus
object,E22_Human-Made_Object,object-de-Barbari-zwei-Viktorien,https://hwgw.uzh.ch/artwork/object-de-Barbari-zwei-Viktorien
object,E22_Human-Made_Object,object-de-Predis-Profilbildnis-Kaiser-Maximilian-I,https://hwgw.uzh.ch/artwork/object-de-Predis-Profilbildnis-Kaiser-Maximilian-I
object,E22_Human-Made_Object,object-del-Sarto-Geburt-Mariae,https://hwgw.uzh.ch/artwork/object-del-Sarto-Geburt-Mariae
object,E22_Human-Made_Object,object-jardin-de-l-etang-fontainebleau,https://hwgw.uzh.ch/built_work/object-jardin-de-l-etang-fontainebleau
object,E22_Human-Made_Object,object-object-Staufen-Schutzmantelmadonna,https://hwgw.uzh.ch/built_work/object-object-Staufen-Schutzmantelmadonna
object,E22_Human-Made_Object,object-palazzo-del-conte-rosselmini-florenz,https://hwgw.uzh.ch/built_work/object-palazzo-del-conte-rosselmini-florenz
object,E22_Human-Made_Object,object-refektorium-santa-maria-delle-grazie,https://hwgw.uzh.ch/built_work/object-refektorium-santa-maria-delle-grazie
object,E22_Human-Made_Object,object-van-Cleve-Tod-Mariae,https://hwgw.uzh.ch/artwork/object-van-Cleve-Tod-Mariae
object,E22_Human-Made_Object,object-verschollen-Anna-Selbdritt,https://hwgw.uzh.ch/artwork/object-verschollen-Anna-Selbdritt
object,E22_Human-Made_Object,object-via-del-gesu-rom,https://hwgw.uzh.ch/built_work/object-via-del-gesu-rom
object,E22_Human-Made_Object,object-via-di-campo-di-ferro-rom,https://hwgw.uzh.ch/built_work/object-via-di-campo-di-ferro-rom
object,E22_Human-Made_Object,object-von-Orley-Hiob-Triptychon,https://hwgw.uzh.ch/artwork/object-von-Orley-Hiob-Triptychon
organization,E74_Group,gnd-10002463-4,https://hwgw.uzh.ch/organization/gnd-10002463-4
organization,E74_Group,gnd-10004415-3,https://hwgw.uzh.ch/organization/gnd-10004415-3
organization,E74_Group,gnd-10006374-3,https://hwgw.uzh.ch/organization/gnd-10006374-3
organization,E74_Group,gnd-10007120-X,https://hwgw.uzh.ch/organization/gnd-10007120-X
organization,E74_Group,gnd-10010164-1,https://hwgw.uzh.ch/organization/gnd-10010164-1
organization,E74_Group,gnd-1001454-8,https://hwgw.uzh.ch/organization/gnd-1001454-8
organization,E74_Group,gnd-1001520-6,https://hwgw.uzh.ch/organization/gnd-1001520-6
organization,E74_Group,gnd-1003196-0,https://hwgw.uzh.ch/organization/gnd-1003196-0
organization,E74_Group,gnd-1003302-6,https://hwgw.uzh.ch/organization/gnd-1003302-6
organization,E74_Group,gnd-1003319-1,https://hwgw.uzh.ch/organization/gnd-1003319-1
organization,E74_Group,gnd-1003322-1,https://hwgw.uzh.ch/organization/gnd-1003322-1
organization,E74_Group,gnd-1004443-7,https://hwgw.uzh.ch/organization/gnd-1004443-7
organization,E74_Group,gnd-1004733-5,https://hwgw.uzh.ch/organization/gnd-1004733-5
organization,E74_Group,gnd-10048958-8,https://hwgw.uzh.ch/organization/gnd-10048958-8
organization,E74_Group,gnd-1006766-8,https://hwgw.uzh.ch/organization/gnd-1006766-8
organization,E74_Group,gnd-1006837-5,https://hwgw.uzh.ch/organization/gnd-1006837-5
organization,E74_Group,gnd-10069245-X,https://hwgw.uzh.ch/organization/gnd-10069245-X
organization,E74_Group,gnd-1007035-7,https://hwgw.uzh.ch/organization/gnd-1007035-7
organization,E74_Group,gnd-1007069-2,https://hwgw.uzh.ch/organization/gnd-1007069-2
organization,E74_Group,gnd-10070766-X,https://hwgw.uzh.ch/organization/gnd-10070766-X
organization,E74_Group,gnd-10073784-5,https://hwgw.uzh.ch/organization/gnd-10073784-5
organization,E74_Group,gnd-1007556-2,https://hwgw.uzh.ch/organization/gnd-1007556-2
organization,E74_Group,gnd-1007559-8,https://hwgw.uzh.ch/organization/gnd-1007559-8
organization,E74_Group,gnd-1007560-4,https://hwgw.uzh.ch/organization/gnd-1007560-4
organization,E74_Group,gnd-1007583-5,https://hwgw.uzh.ch/organization/gnd-1007583-5
organization,E74_Group,gnd-1007926-9,https://hwgw.uzh.ch/organization/gnd-1007926-9
organization,E74_Group,gnd-1007928-2,https://hwgw.uzh.ch/organization/gnd-1007928-2
organization,E74_Group,gnd-1007965-8,https://hwgw.uzh.ch/organization/gnd-1007965-8
organization,E74_Group,gnd-10081052-4,https://hwgw.uzh.ch/organization/gnd-10081052-4
organization,E74_Group,gnd-1008166-5,https://hwgw.uzh.ch/organization/gnd-1008166-5
organization,E74_Group,gnd-1008914-7,https://hwgw.uzh.ch/organization/gnd-1008914-7
organization,E74_Group,gnd-1009452-0,https://hwgw.uzh.ch/organization/gnd-1009452-0
organization,E74_Group,gnd-10097612-8,https://hwgw.uzh.ch/organization/gnd-10097612-8
organization,E74_Group,gnd-1010575-X,https://hwgw.uzh.ch/organization/gnd-1010575-X
organization,E74_Group,gnd-1012546-2,https://hwgw.uzh.ch/organization/gnd-1012546-2
organization,E74_Group,gnd-10125749-1,https://hwgw.uzh.ch/organization/gnd-10125749-1
organization,E74_Group,gnd-1012979-0,https://hwgw.uzh.ch/organization/gnd-1012979-0
organization,E74_Group,gnd-10132865-5,https://hwgw.uzh.ch/organization/gnd-10132865-5
organization,E74_Group,gnd-10140798-1,https://hwgw.uzh.ch/organization/gnd-10140798-1
organization,E74_Group,gnd-10144092-3,https://hwgw.uzh.ch/organization/gnd-10144092-3
organization,E74_Group,gnd-10148439-2,https://hwgw.uzh.ch/organization/gnd-10148439-2
organization,E74_Group,gnd-10156282-2,https://hwgw.uzh.ch/organization/gnd-10156282-2
organization,E74_Group,gnd-1016783-3,https://hwgw.uzh.ch/organization/gnd-1016783-3
organization,E74_Group,gnd-10171799-4,https://hwgw.uzh.ch/organization/gnd-10171799-4
organization,E74_Group,gnd-1019149-5,https://hwgw.uzh.ch/organization/gnd-1019149-5
organization,E74_Group,gnd-1019500-2,https://hwgw.uzh.ch/organization/gnd-1019500-2
organization,E74_Group,gnd-1020994-3,https://hwgw.uzh.ch/organization/gnd-1020994-3
organization,E74_Group,gnd-1022060-4,https://hwgw.uzh.ch/organization/gnd-1022060-4
organization,E74_Group,gnd-1022123-2,https://hwgw.uzh.ch/organization/gnd-1022123-2
organization,E74_Group,gnd-1022738-6,https://hwgw.uzh.ch/organization/gnd-1022738-6
organization,E74_Group,gnd-1023420-2,https://hwgw.uzh.ch/organization/gnd-1023420-2
organization,E74_Group,gnd-1023738-0,https://hwgw.uzh.ch/organization/gnd-1023738-0
organization,E74_Group,gnd-1024792-0,https://hwgw.uzh.ch/organization/gnd-1024792-0
organization,E74_Group,gnd-1025552-7,https://hwgw.uzh.ch/organization/gnd-1025552-7
organization,E74_Group,gnd-1033853-6,https://hwgw.uzh.ch/organization/gnd-1033853-6
organization,E74_Group,gnd-10357909-6,https://hwgw.uzh.ch/organization/gnd-10357909-6
organization,E74_Group,gnd-10363694-8,https://hwgw.uzh.ch/organization/gnd-10363694-8
organization,E74_Group,gnd-1038847-3,https://hwgw.uzh.ch/organization/gnd-1038847-3
organization,E74_Group,gnd-1043161147,https://hwgw.uzh.ch/organization/gnd-1043161147
organization,E74_Group,gnd-1044123753,https://hwgw.uzh.ch/organization/gnd-1044123753
organization,E74_Group,gnd-1044881-0,https://hwgw.uzh.ch/organization/gnd-1044881-0
organization,E74_Group,gnd-1045047-6,https://hwgw.uzh.ch/organization/gnd-1045047-6
organization,E74_Group,gnd-1046717456,https://hwgw.uzh.ch/organization/gnd-1046717456
organization,E74_Group,gnd-1048275-1,https://hwgw.uzh.ch/organization/gnd-1048275-1
organization,E74_Group,gnd-1052923-8,https://hwgw.uzh.ch/organization/gnd-1052923-8
organization,E74_Group,gnd-1053223-7,https://hwgw.uzh.ch/organization/gnd-1053223-7
organization,E74_Group,gnd-1054877130,https://hwgw.uzh.ch/organization/gnd-1054877130
organization,E74_Group,gnd-1055016-1,https://hwgw.uzh.ch/organization/gnd-1055016-1
organization,E74_Group,gnd-1056275-8,https://hwgw.uzh.ch/organization/gnd-1056275-8
organization,E74_Group,gnd-1058178571,https://hwgw.uzh.ch/organization/gnd-1058178571
organization,E74_Group,gnd-106474009X,https://hwgw.uzh.ch/organization/gnd-106474009X
organization,E74_Group,gnd-1072793652,https://hwgw.uzh.ch/organization/gnd-1072793652
organization,E74_Group,gnd-1072899981,https://hwgw.uzh.ch/organization/gnd-1072899981
organization,E74_Group,gnd-1072939827,https://hwgw.uzh.ch/organization/gnd-1072939827
organization,E74_Group,gnd-1072966123,https://hwgw.uzh.ch/organization/gnd-1072966123
organization,E74_Group,gnd-1072969467,https://hwgw.uzh.ch/organization/gnd-1072969467
organization,E74_Group,gnd-107297603X,https://hwgw.uzh.ch/organization/gnd-107297603X
organization,E74_Group,gnd-1073067890,https://hwgw.uzh.ch/organization/gnd-1073067890
organization,E74_Group,gnd-1078799482,https://hwgw.uzh.ch/organization/gnd-1078799482
organization,E74_Group,gnd-1080431-6,https://hwgw.uzh.ch/organization/gnd-1080431-6
organization,E74_Group,gnd-1080843-7,https://hwgw.uzh.ch/organization/gnd-1080843-7
organization,E74_Group,gnd-1082428-5,https://hwgw.uzh.ch/organization/gnd-1082428-5
organization,E74_Group,gnd-1085075-2,https://hwgw.uzh.ch/organization/gnd-1085075-2
organization,E74_Group,gnd-1085896730,https://hwgw.uzh.ch/organization/gnd-1085896730
organization,E74_Group,gnd-1085951251,https://hwgw.uzh.ch/organization/gnd-1085951251
organization,E74_Group,gnd-1086065719,https://hwgw.uzh.ch/organization/gnd-1086065719
organization,E74_Group,gnd-1086204646,https://hwgw.uzh.ch/organization/gnd-1086204646
organization,E74_Group,gnd-1086220544,https://hwgw.uzh.ch/organization/gnd-1086220544
organization,E74_Group,gnd-1086221923,https://hwgw.uzh.ch/organization/gnd-1086221923
organization,E74_Group,gnd-1086237528,https://hwgw.uzh.ch/organization/gnd-1086237528
organization,E74_Group,gnd-1086465-9,https://hwgw.uzh.ch/organization/gnd-1086465-9
organization,E74_Group,gnd-1086611071,https://hwgw.uzh.ch/organization/gnd-1086611071
organization,E74_Group,gnd-108671976X,https://hwgw.uzh.ch/organization/gnd-108671976X
organization,E74_Group,gnd-1086866495,https://hwgw.uzh.ch/organization/gnd-1086866495
organization,E74_Group,gnd-1086900758,https://hwgw.uzh.ch/organization/gnd-1086900758
organization,E74_Group,gnd-1087187540,https://hwgw.uzh.ch/organization/gnd-1087187540
organization,E74_Group,gnd-1087411882,https://hwgw.uzh.ch/organization/gnd-1087411882
organization,E74_Group,gnd-1087452856,https://hwgw.uzh.ch/organization/gnd-1087452856
organization,E74_Group,gnd-1087529816,https://hwgw.uzh.ch/organization/gnd-1087529816
organization,E74_Group,gnd-1089037147,https://hwgw.uzh.ch/organization/gnd-1089037147
organization,E74_Group,gnd-1089815-3,https://hwgw.uzh.ch/organization/gnd-1089815-3
organization,E74_Group,gnd-1090635-6,https://hwgw.uzh.ch/organization/gnd-1090635-6
organization,E74_Group,gnd-1092301-9,https://hwgw.uzh.ch/organization/gnd-1092301-9
organization,E74_Group,gnd-1094003-0,https://hwgw.uzh.ch/organization/gnd-1094003-0
organization,E74_Group,gnd-1101966483,https://hwgw.uzh.ch/organization/gnd-1101966483
organization,E74_Group,gnd-1122991665,https://hwgw.uzh.ch/organization/gnd-1122991665
organization,E74_Group,gnd-112611-8,https://hwgw.uzh.ch/organization/gnd-112611-8
organization,E74_Group,gnd-1155623401,https://hwgw.uzh.ch/organization/gnd-1155623401
organization,E74_Group,gnd-1158629095,https://hwgw.uzh.ch/organization/gnd-1158629095
organization,E74_Group,gnd-1161697675,https://hwgw.uzh.ch/organization/gnd-1161697675
organization,E74_Group,gnd-116443-0,https://hwgw.uzh.ch/organization/gnd-116443-0
organization,E74_Group,gnd-1174853948,https://hwgw.uzh.ch/organization/gnd-1174853948
organization,E74_Group,gnd-11790-0,https://hwgw.uzh.ch/organization/gnd-11790-0
organization,E74_Group,gnd-1198905700,https://hwgw.uzh.ch/organization/gnd-1198905700
organization,E74_Group,gnd-1201524954,https://hwgw.uzh.ch/organization/gnd-1201524954
organization,E74_Group,gnd-1205573186,https://hwgw.uzh.ch/organization/gnd-1205573186
organization,E74_Group,gnd-1211840-0,https://hwgw.uzh.ch/organization/gnd-1211840-0
organization,E74_Group,gnd-1212352-3,https://hwgw.uzh.ch/organization/gnd-1212352-3
organization,E74_Group,gnd-1214261-X,https://hwgw.uzh.ch/organization/gnd-1214261-X
organization,E74_Group,gnd-1214382274,https://hwgw.uzh.ch/organization/gnd-1214382274
organization,E74_Group,gnd-1214384250,https://hwgw.uzh.ch/organization/gnd-1214384250
organization,E74_Group,gnd-1220138-8,https://hwgw.uzh.ch/organization/gnd-1220138-8
organization,E74_Group,gnd-1221493-0,https://hwgw.uzh.ch/organization/gnd-1221493-0
organization,E74_Group,gnd-122705-1,https://hwgw.uzh.ch/organization/gnd-122705-1
organization,E74_Group,gnd-1229540-1,https://hwgw.uzh.ch/organization/gnd-1229540-1
organization,E74_Group,gnd-1236682-1,https://hwgw.uzh.ch/organization/gnd-1236682-1
organization,E74_Group,gnd-1236805-2,https://hwgw.uzh.ch/organization/gnd-1236805-2
organization,E74_Group,gnd-124498-X,https://hwgw.uzh.ch/organization/gnd-124498-X
organization,E74_Group,gnd-1274664918,https://hwgw.uzh.ch/organization/gnd-1274664918
organization,E74_Group,gnd-127730758X,https://hwgw.uzh.ch/organization/gnd-127730758X
organization,E74_Group,gnd-1286927447,https://hwgw.uzh.ch/organization/gnd-1286927447
organization,E74_Group,gnd-1299778003,https://hwgw.uzh.ch/organization/gnd-1299778003
organization,E74_Group,gnd-1299779581,https://hwgw.uzh.ch/organization/gnd-1299779581
organization,E74_Group,gnd-1300432-3,https://hwgw.uzh.ch/organization/gnd-1300432-3
organization,E74_Group,gnd-1303066742,https://hwgw.uzh.ch/organization/gnd-1303066742
organization,E74_Group,gnd-131520-1,https://hwgw.uzh.ch/organization/gnd-131520-1
organization,E74_Group,gnd-1317217160,https://hwgw.uzh.ch/organization/gnd-1317217160
organization,E74_Group,gnd-1330156234,https://hwgw.uzh.ch/organization/gnd-1330156234
organization,E74_Group,gnd-13315-2,https://hwgw.uzh.ch/organization/gnd-13315-2
organization,E74_Group,gnd-1361589701,https://hwgw.uzh.ch/organization/gnd-1361589701
organization,E74_Group,gnd-1369957114,https://hwgw.uzh.ch/organization/gnd-1369957114
organization,E74_Group,gnd-15514-7,https://hwgw.uzh.ch/organization/gnd-15514-7
organization,E74_Group,gnd-16011480-9,https://hwgw.uzh.ch/organization/gnd-16011480-9
organization,E74_Group,gnd-16019657-7,https://hwgw.uzh.ch/organization/gnd-16019657-7
organization,E74_Group,gnd-16019803-3,https://hwgw.uzh.ch/organization/gnd-16019803-3
organization,E74_Group,gnd-16029354-6,https://hwgw.uzh.ch/organization/gnd-16029354-6
organization,E74_Group,gnd-16039164-7,https://hwgw.uzh.ch/organization/gnd-16039164-7
organization,E74_Group,gnd-16045397-5,https://hwgw.uzh.ch/organization/gnd-16045397-5
organization,E74_Group,gnd-16061456-9,https://hwgw.uzh.ch/organization/gnd-16061456-9
organization,E74_Group,gnd-16140607-5,https://hwgw.uzh.ch/organization/gnd-16140607-5
organization,E74_Group,gnd-16165182-3,https://hwgw.uzh.ch/organization/gnd-16165182-3
organization,E74_Group,gnd-16170301-X,https://hwgw.uzh.ch/organization/gnd-16170301-X
organization,E74_Group,gnd-16272575-9,https://hwgw.uzh.ch/organization/gnd-16272575-9
organization,E74_Group,gnd-16276784-5,https://hwgw.uzh.ch/organization/gnd-16276784-5
organization,E74_Group,gnd-16279444-7,https://hwgw.uzh.ch/organization/gnd-16279444-7
organization,E74_Group,gnd-16285040-2,https://hwgw.uzh.ch/organization/gnd-16285040-2
organization,E74_Group,gnd-16304705-4,https://hwgw.uzh.ch/organization/gnd-16304705-4
organization,E74_Group,gnd-16306233-X,https://hwgw.uzh.ch/organization/gnd-16306233-X
organization,E74_Group,gnd-16313740-7,https://hwgw.uzh.ch/organization/gnd-16313740-7
organization,E74_Group,gnd-16321703-8,https://hwgw.uzh.ch/organization/gnd-16321703-8
organization,E74_Group,gnd-16325629-9,https://hwgw.uzh.ch/organization/gnd-16325629-9
organization,E74_Group,gnd-16910-9,https://hwgw.uzh.ch/organization/gnd-16910-9
organization,E74_Group,gnd-1706390-5,https://hwgw.uzh.ch/organization/gnd-1706390-5
organization,E74_Group,gnd-17078-1,https://hwgw.uzh.ch/organization/gnd-17078-1
organization,E74_Group,gnd-1713-9,https://hwgw.uzh.ch/organization/gnd-1713-9
organization,E74_Group,gnd-18740-9,https://hwgw.uzh.ch/organization/gnd-18740-9
organization,E74_Group,gnd-18741-0,https://hwgw.uzh.ch/organization/gnd-18741-0
organization,E74_Group,gnd-19128-0,https://hwgw.uzh.ch/organization/gnd-19128-0
organization,E74_Group,gnd-19775-0,https://hwgw.uzh.ch/organization/gnd-19775-0
organization,E74_Group,gnd-2000862-4,https://hwgw.uzh.ch/organization/gnd-2000862-4
organization,E74_Group,gnd-2001630-X,https://hwgw.uzh.ch/organization/gnd-2001630-X
organization,E74_Group,gnd-2002498-8,https://hwgw.uzh.ch/organization/gnd-2002498-8
organization,E74_Group,gnd-2002585-3,https://hwgw.uzh.ch/organization/gnd-2002585-3
organization,E74_Group,gnd-2003769-7,https://hwgw.uzh.ch/organization/gnd-2003769-7
organization,E74_Group,gnd-2003891-4,https://hwgw.uzh.ch/organization/gnd-2003891-4
organization,E74_Group,gnd-2004629-7,https://hwgw.uzh.ch/organization/gnd-2004629-7
organization,E74_Group,gnd-2005380-0,https://hwgw.uzh.ch/organization/gnd-2005380-0
organization,E74_Group,gnd-2005486-5,https://hwgw.uzh.ch/organization/gnd-2005486-5
organization,E74_Group,gnd-2005502-X,https://hwgw.uzh.ch/organization/gnd-2005502-X
organization,E74_Group,gnd-2005521-3,https://hwgw.uzh.ch/organization/gnd-2005521-3
organization,E74_Group,gnd-2008620-9,https://hwgw.uzh.ch/organization/gnd-2008620-9
organization,E74_Group,gnd-2010284-7,https://hwgw.uzh.ch/organization/gnd-2010284-7
organization,E74_Group,gnd-2011569-6,https://hwgw.uzh.ch/organization/gnd-2011569-6
organization,E74_Group,gnd-2011585-4,https://hwgw.uzh.ch/organization/gnd-2011585-4
organization,E74_Group,gnd-2011688-3,https://hwgw.uzh.ch/organization/gnd-2011688-3
organization,E74_Group,gnd-2011807-7,https://hwgw.uzh.ch/organization/gnd-2011807-7
organization,E74_Group,gnd-2011815-6,https://hwgw.uzh.ch/organization/gnd-2011815-6
organization,E74_Group,gnd-2012512-4,https://hwgw.uzh.ch/organization/gnd-2012512-4
organization,E74_Group,gnd-2012525-2,https://hwgw.uzh.ch/organization/gnd-2012525-2
organization,E74_Group,gnd-2012974-9,https://hwgw.uzh.ch/organization/gnd-2012974-9
organization,E74_Group,gnd-2013051-X,https://hwgw.uzh.ch/organization/gnd-2013051-X
organization,E74_Group,gnd-2015908-0,https://hwgw.uzh.ch/organization/gnd-2015908-0
organization,E74_Group,gnd-2015909-2,https://hwgw.uzh.ch/organization/gnd-2015909-2
organization,E74_Group,gnd-2016695-3,https://hwgw.uzh.ch/organization/gnd-2016695-3
organization,E74_Group,gnd-2016751-9,https://hwgw.uzh.ch/organization/gnd-2016751-9
organization,E74_Group,gnd-2016790-8,https://hwgw.uzh.ch/organization/gnd-2016790-8
organization,E74_Group,gnd-2016815-9,https://hwgw.uzh.ch/organization/gnd-2016815-9
organization,E74_Group,gnd-2016862-7,https://hwgw.uzh.ch/organization/gnd-2016862-7
organization,E74_Group,gnd-2016864-0,https://hwgw.uzh.ch/organization/gnd-2016864-0
organization,E74_Group,gnd-2017065-8,https://hwgw.uzh.ch/organization/gnd-2017065-8
organization,E74_Group,gnd-2017081-6,https://hwgw.uzh.ch/organization/gnd-2017081-6
organization,E74_Group,gnd-2019354-3,https://hwgw.uzh.ch/organization/gnd-2019354-3
organization,E74_Group,gnd-2019989-2,https://hwgw.uzh.ch/organization/gnd-2019989-2
organization,E74_Group,gnd-2021279-3,https://hwgw.uzh.ch/organization/gnd-2021279-3
organization,E74_Group,gnd-2022341-9,https://hwgw.uzh.ch/organization/gnd-2022341-9
organization,E74_Group,gnd-2022477-1,https://hwgw.uzh.ch/organization/gnd-2022477-1
organization,E74_Group,gnd-2022500-3,https://hwgw.uzh.ch/organization/gnd-2022500-3
organization,E74_Group,gnd-2022516-7,https://hwgw.uzh.ch/organization/gnd-2022516-7
organization,E74_Group,gnd-2022557-X,https://hwgw.uzh.ch/organization/gnd-2022557-X
organization,E74_Group,gnd-2022703-6,https://hwgw.uzh.ch/organization/gnd-2022703-6
organization,E74_Group,gnd-2022780-2,https://hwgw.uzh.ch/organization/gnd-2022780-2
organization,E74_Group,gnd-2023655-4,https://hwgw.uzh.ch/organization/gnd-2023655-4
organization,E74_Group,gnd-2023768-6,https://hwgw.uzh.ch/organization/gnd-2023768-6
organization,E74_Group,gnd-2023928-2,https://hwgw.uzh.ch/organization/gnd-2023928-2
organization,E74_Group,gnd-2024175-6,https://hwgw.uzh.ch/organization/gnd-2024175-6
organization,E74_Group,gnd-2024338-8,https://hwgw.uzh.ch/organization/gnd-2024338-8
organization,E74_Group,gnd-2024343-1,https://hwgw.uzh.ch/organization/gnd-2024343-1
organization,E74_Group,gnd-2024349-2,https://hwgw.uzh.ch/organization/gnd-2024349-2
organization,E74_Group,gnd-2024703-5,https://hwgw.uzh.ch/organization/gnd-2024703-5
organization,E74_Group,gnd-2024938-X,https://hwgw.uzh.ch/organization/gnd-2024938-X
organization,E74_Group,gnd-2029705-1,https://hwgw.uzh.ch/organization/gnd-2029705-1
organization,E74_Group,gnd-2031351-2,https://hwgw.uzh.ch/organization/gnd-2031351-2
organization,E74_Group,gnd-2033570-2,https://hwgw.uzh.ch/organization/gnd-2033570-2
organization,E74_Group,gnd-2042762-1,https://hwgw.uzh.ch/organization/gnd-2042762-1
organization,E74_Group,gnd-2047146-4,https://hwgw.uzh.ch/organization/gnd-2047146-4
organization,E74_Group,gnd-2048845-2,https://hwgw.uzh.ch/organization/gnd-2048845-2
organization,E74_Group,gnd-2053888-1,https://hwgw.uzh.ch/organization/gnd-2053888-1
organization,E74_Group,gnd-2058436-2,https://hwgw.uzh.ch/organization/gnd-2058436-2
organization,E74_Group,gnd-2065927-1,https://hwgw.uzh.ch/organization/gnd-2065927-1
organization,E74_Group,gnd-2066569-6,https://hwgw.uzh.ch/organization/gnd-2066569-6
organization,E74_Group,gnd-2067184-2,https://hwgw.uzh.ch/organization/gnd-2067184-2
organization,E74_Group,gnd-2070231-0,https://hwgw.uzh.ch/organization/gnd-2070231-0
organization,E74_Group,gnd-2070473-2,https://hwgw.uzh.ch/organization/gnd-2070473-2
organization,E74_Group,gnd-2070913-4,https://hwgw.uzh.ch/organization/gnd-2070913-4
organization,E74_Group,gnd-2076066-8,https://hwgw.uzh.ch/organization/gnd-2076066-8
organization,E74_Group,gnd-2077960-4,https://hwgw.uzh.ch/organization/gnd-2077960-4
organization,E74_Group,gnd-2079247-5,https://hwgw.uzh.ch/organization/gnd-2079247-5
organization,E74_Group,gnd-2081099-4,https://hwgw.uzh.ch/organization/gnd-2081099-4
organization,E74_Group,gnd-2082266-2,https://hwgw.uzh.ch/organization/gnd-2082266-2
organization,E74_Group,gnd-2082452-X,https://hwgw.uzh.ch/organization/gnd-2082452-X
organization,E74_Group,gnd-2089554-9,https://hwgw.uzh.ch/organization/gnd-2089554-9
organization,E74_Group,gnd-2096077-3,https://hwgw.uzh.ch/organization/gnd-2096077-3
organization,E74_Group,gnd-2106372-2,https://hwgw.uzh.ch/organization/gnd-2106372-2
organization,E74_Group,gnd-2121572-8,https://hwgw.uzh.ch/organization/gnd-2121572-8
organization,E74_Group,gnd-2124053-X,https://hwgw.uzh.ch/organization/gnd-2124053-X
organization,E74_Group,gnd-2125241-5,https://hwgw.uzh.ch/organization/gnd-2125241-5
organization,E74_Group,gnd-2131094-4,https://hwgw.uzh.ch/organization/gnd-2131094-4
organization,E74_Group,gnd-2153270-9,https://hwgw.uzh.ch/organization/gnd-2153270-9
organization,E74_Group,gnd-2179-9,https://hwgw.uzh.ch/organization/gnd-2179-9
organization,E74_Group,gnd-235092-0,https://hwgw.uzh.ch/organization/gnd-235092-0
organization,E74_Group,gnd-236422-0,https://hwgw.uzh.ch/organization/gnd-236422-0
organization,E74_Group,gnd-252591-4,https://hwgw.uzh.ch/organization/gnd-252591-4
organization,E74_Group,gnd-25478-2,https://hwgw.uzh.ch/organization/gnd-25478-2
organization,E74_Group,gnd-26095-2,https://hwgw.uzh.ch/organization/gnd-26095-2
organization,E74_Group,gnd-26871-9,https://hwgw.uzh.ch/organization/gnd-26871-9
organization,E74_Group,gnd-30026-3,https://hwgw.uzh.ch/organization/gnd-30026-3
organization,E74_Group,gnd-3006368-1,https://hwgw.uzh.ch/organization/gnd-3006368-1
organization,E74_Group,gnd-3013468-7,https://hwgw.uzh.ch/organization/gnd-3013468-7
organization,E74_Group,gnd-3013846-2,https://hwgw.uzh.ch/organization/gnd-3013846-2
organization,E74_Group,gnd-3015145-4,https://hwgw.uzh.ch/organization/gnd-3015145-4
organization,E74_Group,gnd-3017210-X,https://hwgw.uzh.ch/organization/gnd-3017210-X
organization,E74_Group,gnd-30394-X,https://hwgw.uzh.ch/organization/gnd-30394-X
organization,E74_Group,gnd-3044970-4,https://hwgw.uzh.ch/organization/gnd-3044970-4
organization,E74_Group,gnd-3045501-7,https://hwgw.uzh.ch/organization/gnd-3045501-7
organization,E74_Group,gnd-31401-8,https://hwgw.uzh.ch/organization/gnd-31401-8
organization,E74_Group,gnd-35363-2,https://hwgw.uzh.ch/organization/gnd-35363-2
organization,E74_Group,gnd-35495-8,https://hwgw.uzh.ch/organization/gnd-35495-8
organization,E74_Group,gnd-35626-8,https://hwgw.uzh.ch/organization/gnd-35626-8
organization,E74_Group,gnd-35691-8,https://hwgw.uzh.ch/organization/gnd-35691-8
organization,E74_Group,gnd-35742-X,https://hwgw.uzh.ch/organization/gnd-35742-X
organization,E74_Group,gnd-36127-6,https://hwgw.uzh.ch/organization/gnd-36127-6
organization,E74_Group,gnd-36146-X,https://hwgw.uzh.ch/organization/gnd-36146-X
organization,E74_Group,gnd-36150-1,https://hwgw.uzh.ch/organization/gnd-36150-1
organization,E74_Group,gnd-36187-2,https://hwgw.uzh.ch/organization/gnd-36187-2
organization,E74_Group,gnd-36190-2,https://hwgw.uzh.ch/organization/gnd-36190-2
organization,E74_Group,gnd-36193-8,https://hwgw.uzh.ch/organization/gnd-36193-8
organization,E74_Group,gnd-36200-1,https://hwgw.uzh.ch/organization/gnd-36200-1
organization,E74_Group,gnd-36240-2,https://hwgw.uzh.ch/organization/gnd-36240-2
organization,E74_Group,gnd-36241-4,https://hwgw.uzh.ch/organization/gnd-36241-4
organization,E74_Group,gnd-36441-1,https://hwgw.uzh.ch/organization/gnd-36441-1
organization,E74_Group,gnd-37656-5,https://hwgw.uzh.ch/organization/gnd-37656-5
organization,E74_Group,gnd-38230-9,https://hwgw.uzh.ch/organization/gnd-38230-9
organization,E74_Group,gnd-38379-X,https://hwgw.uzh.ch/organization/gnd-38379-X
organization,E74_Group,gnd-38632-7,https://hwgw.uzh.ch/organization/gnd-38632-7
organization,E74_Group,gnd-38796-4,https://hwgw.uzh.ch/organization/gnd-38796-4
organization,E74_Group,gnd-39027-6,https://hwgw.uzh.ch/organization/gnd-39027-6
organization,E74_Group,gnd-40239-4,https://hwgw.uzh.ch/organization/gnd-40239-4
organization,E74_Group,gnd-41006-8,https://hwgw.uzh.ch/organization/gnd-41006-8
organization,E74_Group,gnd-41467-0,https://hwgw.uzh.ch/organization/gnd-41467-0
organization,E74_Group,gnd-4204664-6,https://hwgw.uzh.ch/organization/gnd-4204664-6
organization,E74_Group,gnd-4212746-4,https://hwgw.uzh.ch/organization/gnd-4212746-4
organization,E74_Group,gnd-4251345-5,https://hwgw.uzh.ch/organization/gnd-4251345-5
organization,E74_Group,gnd-4271586-6,https://hwgw.uzh.ch/organization/gnd-4271586-6
organization,E74_Group,gnd-4310216-5,https://hwgw.uzh.ch/organization/gnd-4310216-5
organization,E74_Group,gnd-4369093-2,https://hwgw.uzh.ch/organization/gnd-4369093-2
organization,E74_Group,gnd-4396176-9,https://hwgw.uzh.ch/organization/gnd-4396176-9
organization,E74_Group,gnd-4421115-6,https://hwgw.uzh.ch/organization/gnd-4421115-6
organization,E74_Group,gnd-4430315-4,https://hwgw.uzh.ch/organization/gnd-4430315-4
organization,E74_Group,gnd-4430358-0,https://hwgw.uzh.ch/organization/gnd-4430358-0
organization,E74_Group,gnd-4634047-6,https://hwgw.uzh.ch/organization/gnd-4634047-6
organization,E74_Group,gnd-4634898-0,https://hwgw.uzh.ch/organization/gnd-4634898-0
organization,E74_Group,gnd-4655897-4,https://hwgw.uzh.ch/organization/gnd-4655897-4
organization,E74_Group,gnd-4773558-2,https://hwgw.uzh.ch/organization/gnd-4773558-2
organization,E74_Group,gnd-500580-2,https://hwgw.uzh.ch/organization/gnd-500580-2
organization,E74_Group,gnd-5014401-7,https://hwgw.uzh.ch/organization/gnd-5014401-7
organization,E74_Group,gnd-5023697-0,https://hwgw.uzh.ch/organization/gnd-5023697-0
organization,E74_Group,gnd-5032768-9,https://hwgw.uzh.ch/organization/gnd-5032768-9
organization,E74_Group,gnd-5035651-3,https://hwgw.uzh.ch/organization/gnd-5035651-3
organization,E74_Group,gnd-5035656-2,https://hwgw.uzh.ch/organization/gnd-5035656-2
organization,E74_Group,gnd-5037376-6,https://hwgw.uzh.ch/organization/gnd-5037376-6
organization,E74_Group,gnd-5039859-3,https://hwgw.uzh.ch/organization/gnd-5039859-3
organization,E74_Group,gnd-5040825-2,https://hwgw.uzh.ch/organization/gnd-5040825-2
organization,E74_Group,gnd-5044715-4,https://hwgw.uzh.ch/organization/gnd-5044715-4
organization,E74_Group,gnd-5050464-2,https://hwgw.uzh.ch/organization/gnd-5050464-2
organization,E74_Group,gnd-5065747-1,https://hwgw.uzh.ch/organization/gnd-5065747-1
organization,E74_Group,gnd-5074590-6,https://hwgw.uzh.ch/organization/gnd-5074590-6
organization,E74_Group,gnd-5075708-8,https://hwgw.uzh.ch/organization/gnd-5075708-8
organization,E74_Group,gnd-5077926-6,https://hwgw.uzh.ch/organization/gnd-5077926-6
organization,E74_Group,gnd-508412-X,https://hwgw.uzh.ch/organization/gnd-508412-X
organization,E74_Group,gnd-5087058-0,https://hwgw.uzh.ch/organization/gnd-5087058-0
organization,E74_Group,gnd-5096712-5,https://hwgw.uzh.ch/organization/gnd-5096712-5
organization,E74_Group,gnd-5109972-X,https://hwgw.uzh.ch/organization/gnd-5109972-X
organization,E74_Group,gnd-5128865-5,https://hwgw.uzh.ch/organization/gnd-5128865-5
organization,E74_Group,gnd-5149846-7,https://hwgw.uzh.ch/organization/gnd-5149846-7
organization,E74_Group,gnd-5156217-0,https://hwgw.uzh.ch/organization/gnd-5156217-0
organization,E74_Group,gnd-515706-7,https://hwgw.uzh.ch/organization/gnd-515706-7
organization,E74_Group,gnd-5157250-3,https://hwgw.uzh.ch/organization/gnd-5157250-3
organization,E74_Group,gnd-5165273-0,https://hwgw.uzh.ch/organization/gnd-5165273-0
organization,E74_Group,gnd-5165770-3,https://hwgw.uzh.ch/organization/gnd-5165770-3
organization,E74_Group,gnd-516984-7,https://hwgw.uzh.ch/organization/gnd-516984-7
organization,E74_Group,gnd-5171594-6,https://hwgw.uzh.ch/organization/gnd-5171594-6
organization,E74_Group,gnd-5180842-0,https://hwgw.uzh.ch/organization/gnd-5180842-0
organization,E74_Group,gnd-5190670-3,https://hwgw.uzh.ch/organization/gnd-5190670-3
organization,E74_Group,gnd-5216103-1,https://hwgw.uzh.ch/organization/gnd-5216103-1
organization,E74_Group,gnd-5237527-4,https://hwgw.uzh.ch/organization/gnd-5237527-4
organization,E74_Group,gnd-5249035-X,https://hwgw.uzh.ch/organization/gnd-5249035-X
organization,E74_Group,gnd-5268810-0,https://hwgw.uzh.ch/organization/gnd-5268810-0
organization,E74_Group,gnd-5274630-6,https://hwgw.uzh.ch/organization/gnd-5274630-6
organization,E74_Group,gnd-5293237-0,https://hwgw.uzh.ch/organization/gnd-5293237-0
organization,E74_Group,gnd-5299253-6,https://hwgw.uzh.ch/organization/gnd-5299253-6
organization,E74_Group,gnd-5299904-X,https://hwgw.uzh.ch/organization/gnd-5299904-X
organization,E74_Group,gnd-5313082-0,https://hwgw.uzh.ch/organization/gnd-5313082-0
organization,E74_Group,gnd-5321939-9,https://hwgw.uzh.ch/organization/gnd-5321939-9
organization,E74_Group,gnd-5332729-9,https://hwgw.uzh.ch/organization/gnd-5332729-9
organization,E74_Group,gnd-5337220-7,https://hwgw.uzh.ch/organization/gnd-5337220-7
organization,E74_Group,gnd-5527205-8,https://hwgw.uzh.ch/organization/gnd-5527205-8
organization,E74_Group,gnd-5552246-4,https://hwgw.uzh.ch/organization/gnd-5552246-4
organization,E74_Group,gnd-5559249-1,https://hwgw.uzh.ch/organization/gnd-5559249-1
organization,E74_Group,gnd-5559268-5,https://hwgw.uzh.ch/organization/gnd-5559268-5
organization,E74_Group,gnd-5559270-3,https://hwgw.uzh.ch/organization/gnd-5559270-3
organization,E74_Group,gnd-6045529-9,https://hwgw.uzh.ch/organization/gnd-6045529-9
organization,E74_Group,gnd-6146476-4,https://hwgw.uzh.ch/organization/gnd-6146476-4
organization,E74_Group,gnd-6146528-8,https://hwgw.uzh.ch/organization/gnd-6146528-8
organization,E74_Group,gnd-6146530-6,https://hwgw.uzh.ch/organization/gnd-6146530-6
organization,E74_Group,gnd-6146531-8,https://hwgw.uzh.ch/organization/gnd-6146531-8
organization,E74_Group,gnd-64850-4,https://hwgw.uzh.ch/organization/gnd-64850-4
organization,E74_Group,gnd-65644-6,https://hwgw.uzh.ch/organization/gnd-65644-6
organization,E74_Group,gnd-65835-2,https://hwgw.uzh.ch/organization/gnd-65835-2
organization,E74_Group,gnd-66419-4,https://hwgw.uzh.ch/organization/gnd-66419-4
organization,E74_Group,gnd-673007-3,https://hwgw.uzh.ch/organization/gnd-673007-3
organization,E74_Group,gnd-7511906-7,https://hwgw.uzh.ch/organization/gnd-7511906-7
organization,E74_Group,gnd-7616762-8,https://hwgw.uzh.ch/organization/gnd-7616762-8
organization,E74_Group,gnd-7678422-8,https://hwgw.uzh.ch/organization/gnd-7678422-8
organization,E74_Group,gnd-7792189-6,https://hwgw.uzh.ch/organization/gnd-7792189-6
organization,E74_Group,gnd-7797-5,https://hwgw.uzh.ch/organization/gnd-7797-5
organization,E74_Group,gnd-7854504-3,https://hwgw.uzh.ch/organization/gnd-7854504-3
organization,E74_Group,gnd-806501-9,https://hwgw.uzh.ch/organization/gnd-806501-9
organization,E74_Group,gnd-806975-X,https://hwgw.uzh.ch/organization/gnd-806975-X
organization,E74_Group,gnd-809522-X,https://hwgw.uzh.ch/organization/gnd-809522-X
organization,E74_Group,gnd-811232-0,https://hwgw.uzh.ch/organization/gnd-811232-0
organization,E74_Group,gnd-812653-7,https://hwgw.uzh.ch/organization/gnd-812653-7
organization,E74_Group,gnd-814459-X,https://hwgw.uzh.ch/organization/gnd-814459-X
organization,E74_Group,gnd-81556-1,https://hwgw.uzh.ch/organization/gnd-81556-1
organization,E74_Group,gnd-84368-4,https://hwgw.uzh.ch/organization/gnd-84368-4
organization,E74_Group,gnd-8989-8,https://hwgw.uzh.ch/organization/gnd-8989-8
organization,E74_Group,gnd-9668-4,https://hwgw.uzh.ch/organization/gnd-9668-4
organization,E74_Group,gnd-9697-0,https://hwgw.uzh.ch/organization/gnd-9697-0
person,E21_Person,gnd-100005772,https://hwgw.uzh.ch/person/gnd-100005772
person,E21_Person,gnd-100024483,https://hwgw.uzh.ch/person/gnd-100024483
person,E21_Person,gnd-100076262,https://hwgw.uzh.ch/person/gnd-100076262
person,E21_Person,gnd-100135846,https://hwgw.uzh.ch/person/gnd-100135846
person,E21_Person,gnd-100143172,https://hwgw.uzh.ch/person/gnd-100143172
person,E21_Person,gnd-100164978,https://hwgw.uzh.ch/person/gnd-100164978
person,E21_Person,gnd-100227627,https://hwgw.uzh.ch/person/gnd-100227627
person,E21_Person,gnd-10026705X,https://hwgw.uzh.ch/person/gnd-10026705X
person,E21_Person,gnd-100267904,https://hwgw.uzh.ch/person/gnd-100267904
person,E21_Person,gnd-100423698,https://hwgw.uzh.ch/person/gnd-100423698
person,E21_Person,gnd-100425151,https://hwgw.uzh.ch/person/gnd-100425151
person,E21_Person,gnd-100429521,https://hwgw.uzh.ch/person/gnd-100429521
person,E21_Person,gnd-100503225,https://hwgw.uzh.ch/person/gnd-100503225
person,E21_Person,gnd-100591604,https://hwgw.uzh.ch/person/gnd-100591604
person,E21_Person,gnd-100735797,https://hwgw.uzh.ch/person/gnd-100735797
person,E21_Person,gnd-100804691,https://hwgw.uzh.ch/person/gnd-100804691
person,E21_Person,gnd-101069456,https://hwgw.uzh.ch/person/gnd-101069456
person,E21_Person,gnd-101110464,https://hwgw.uzh.ch/person/gnd-101110464
person,E21_Person,gnd-1011157292,https://hwgw.uzh.ch/person/gnd-1011157292
person,E21_Person,gnd-1011278642,https://hwgw.uzh.ch/person/gnd-1011278642
person,E21_Person,gnd-1011755122,https://hwgw.uzh.ch/person/gnd-1011755122
person,E21_Person,gnd-1012287653,https://hwgw.uzh.ch/person/gnd-1012287653
person,E21_Person,gnd-1012364712,https://hwgw.uzh.ch/person/gnd-1012364712
person,E21_Person,gnd-1012405516,https://hwgw.uzh.ch/person/gnd-1012405516
person,E21_Person,gnd-1012542211,https://hwgw.uzh.ch/person/gnd-1012542211
person,E21_Person,gnd-101304153,https://hwgw.uzh.ch/person/gnd-101304153
person,E21_Person,gnd-1013629523,https://hwgw.uzh.ch/person/gnd-1013629523
person,E21_Person,gnd-101384327,https://hwgw.uzh.ch/person/gnd-101384327
person,E21_Person,gnd-1014601681,https://hwgw.uzh.ch/person/gnd-1014601681
person,E21_Person,gnd-1015299733,https://hwgw.uzh.ch/person/gnd-1015299733
person,E21_Person,gnd-101769822,https://hwgw.uzh.ch/person/gnd-101769822
person,E21_Person,gnd-1017885060,https://hwgw.uzh.ch/person/gnd-1017885060
person,E21_Person,gnd-101893108,https://hwgw.uzh.ch/person/gnd-101893108
person,E21_Person,gnd-1019536497,https://hwgw.uzh.ch/person/gnd-1019536497
person,E21_Person,gnd-102121982,https://hwgw.uzh.ch/person/gnd-102121982
person,E21_Person,gnd-1021278475,https://hwgw.uzh.ch/person/gnd-1021278475
person,E21_Person,gnd-102128065,https://hwgw.uzh.ch/person/gnd-102128065
person,E21_Person,gnd-1022364006,https://hwgw.uzh.ch/person/gnd-1022364006
person,E21_Person,gnd-1022698346,https://hwgw.uzh.ch/person/gnd-1022698346
person,E21_Person,gnd-102417296,https://hwgw.uzh.ch/person/gnd-102417296
person,E21_Person,gnd-102421978,https://hwgw.uzh.ch/person/gnd-102421978
person,E21_Person,gnd-102458979,https://hwgw.uzh.ch/person/gnd-102458979
person,E21_Person,gnd-1025669266,https://hwgw.uzh.ch/person/gnd-1025669266
person,E21_Person,gnd-1026697271,https://hwgw.uzh.ch/person/gnd-1026697271
person,E21_Person,gnd-1029583129,https://hwgw.uzh.ch/person/gnd-1029583129
person,E21_Person,gnd-1029584877,https://hwgw.uzh.ch/person/gnd-1029584877
person,E21_Person,gnd-1029908850,https://hwgw.uzh.ch/person/gnd-1029908850
person,E21_Person,gnd-103080392,https://hwgw.uzh.ch/person/gnd-103080392
person,E21_Person,gnd-103126414,https://hwgw.uzh.ch/person/gnd-103126414
person,E21_Person,gnd-1032592680,https://hwgw.uzh.ch/person/gnd-1032592680
person,E21_Person,gnd-1033629529,https://hwgw.uzh.ch/person/gnd-1033629529
person,E21_Person,gnd-1034055178,https://hwgw.uzh.ch/person/gnd-1034055178
person,E21_Person,gnd-1034063480,https://hwgw.uzh.ch/person/gnd-1034063480
person,E21_Person,gnd-1034433482,https://hwgw.uzh.ch/person/gnd-1034433482
person,E21_Person,gnd-1034693433,https://hwgw.uzh.ch/person/gnd-1034693433
person,E21_Person,gnd-1034931733,https://hwgw.uzh.ch/person/gnd-1034931733
person,E21_Person,gnd-1036320758,https://hwgw.uzh.ch/person/gnd-1036320758
person,E21_Person,gnd-1036664503,https://hwgw.uzh.ch/person/gnd-1036664503
person,E21_Person,gnd-1036870537,https://hwgw.uzh.ch/person/gnd-1036870537
person,E21_Person,gnd-1037150023,https://hwgw.uzh.ch/person/gnd-1037150023
person,E21_Person,gnd-1037550331,https://hwgw.uzh.ch/person/gnd-1037550331
person,E21_Person,gnd-103765034,https://hwgw.uzh.ch/person/gnd-103765034
person,E21_Person,gnd-104047712,https://hwgw.uzh.ch/person/gnd-104047712
person,E21_Person,gnd-104051566,https://hwgw.uzh.ch/person/gnd-104051566
person,E21_Person,gnd-10405672X,https://hwgw.uzh.ch/person/gnd-10405672X
person,E21_Person,gnd-104069279,https://hwgw.uzh.ch/person/gnd-104069279
person,E21_Person,gnd-104079479,https://hwgw.uzh.ch/person/gnd-104079479
person,E21_Person,gnd-104106514,https://hwgw.uzh.ch/person/gnd-104106514
person,E21_Person,gnd-104125489,https://hwgw.uzh.ch/person/gnd-104125489
person,E21_Person,gnd-1041337795,https://hwgw.uzh.ch/person/gnd-1041337795
person,E21_Person,gnd-104187980,https://hwgw.uzh.ch/person/gnd-104187980
person,E21_Person,gnd-104199148,https://hwgw.uzh.ch/person/gnd-104199148
person,E21_Person,gnd-104213701,https://hwgw.uzh.ch/person/gnd-104213701
person,E21_Person,gnd-104270632,https://hwgw.uzh.ch/person/gnd-104270632
person,E21_Person,gnd-1042966206,https://hwgw.uzh.ch/person/gnd-1042966206
person,E21_Person,gnd-104318511,https://hwgw.uzh.ch/person/gnd-104318511
person,E21_Person,gnd-104329939,https://hwgw.uzh.ch/person/gnd-104329939
person,E21_Person,gnd-104337478,https://hwgw.uzh.ch/person/gnd-104337478
person,E21_Person,gnd-1043444637,https://hwgw.uzh.ch/person/gnd-1043444637
person,E21_Person,gnd-104361158,https://hwgw.uzh.ch/person/gnd-104361158
person,E21_Person,gnd-1043883568,https://hwgw.uzh.ch/person/gnd-1043883568
person,E21_Person,gnd-1046244868,https://hwgw.uzh.ch/person/gnd-1046244868
person,E21_Person,gnd-1047741458,https://hwgw.uzh.ch/person/gnd-1047741458
person,E21_Person,gnd-1048339165,https://hwgw.uzh.ch/person/gnd-1048339165
person,E21_Person,gnd-1048363759,https://hwgw.uzh.ch/person/gnd-1048363759
person,E21_Person,gnd-1051285445,https://hwgw.uzh.ch/person/gnd-1051285445
person,E21_Person,gnd-1052832822,https://hwgw.uzh.ch/person/gnd-1052832822
person,E21_Person,gnd-1052872204,https://hwgw.uzh.ch/person/gnd-1052872204
person,E21_Person,gnd-105368536X,https://hwgw.uzh.ch/person/gnd-105368536X
person,E21_Person,gnd-105509007X,https://hwgw.uzh.ch/person/gnd-105509007X
person,E21_Person,gnd-1055179690,https://hwgw.uzh.ch/person/gnd-1055179690
person,E21_Person,gnd-1055454241,https://hwgw.uzh.ch/person/gnd-1055454241
person,E21_Person,gnd-1055460152,https://hwgw.uzh.ch/person/gnd-1055460152
person,E21_Person,gnd-1055512446,https://hwgw.uzh.ch/person/gnd-1055512446
person,E21_Person,gnd-1055522069,https://hwgw.uzh.ch/person/gnd-1055522069
person,E21_Person,gnd-1056053801,https://hwgw.uzh.ch/person/gnd-1056053801
person,E21_Person,gnd-1056250003,https://hwgw.uzh.ch/person/gnd-1056250003
person,E21_Person,gnd-1056354763,https://hwgw.uzh.ch/person/gnd-1056354763
person,E21_Person,gnd-1056403667,https://hwgw.uzh.ch/person/gnd-1056403667
person,E21_Person,gnd-1059227975,https://hwgw.uzh.ch/person/gnd-1059227975
person,E21_Person,gnd-1061006131,https://hwgw.uzh.ch/person/gnd-1061006131
person,E21_Person,gnd-1062499549,https://hwgw.uzh.ch/person/gnd-1062499549
person,E21_Person,gnd-1065633092,https://hwgw.uzh.ch/person/gnd-1065633092
person,E21_Person,gnd-1068537019,https://hwgw.uzh.ch/person/gnd-1068537019
person,E21_Person,gnd-1069180084,https://hwgw.uzh.ch/person/gnd-1069180084
person,E21_Person,gnd-106960836X,https://hwgw.uzh.ch/person/gnd-106960836X
person,E21_Person,gnd-1069791245,https://hwgw.uzh.ch/person/gnd-1069791245
person,E21_Person,gnd-1071239708,https://hwgw.uzh.ch/person/gnd-1071239708
person,E21_Person,gnd-1074261801,https://hwgw.uzh.ch/person/gnd-1074261801
person,E21_Person,gnd-107609936X,https://hwgw.uzh.ch/person/gnd-107609936X
person,E21_Person,gnd-1076494072,https://hwgw.uzh.ch/person/gnd-1076494072
person,E21_Person,gnd-107946246,https://hwgw.uzh.ch/person/gnd-107946246
person,E21_Person,gnd-1079821368,https://hwgw.uzh.ch/person/gnd-1079821368
person,E21_Person,gnd-1081304081,https://hwgw.uzh.ch/person/gnd-1081304081
person,E21_Person,gnd-1081463511,https://hwgw.uzh.ch/person/gnd-1081463511
person,E21_Person,gnd-108160491,https://hwgw.uzh.ch/person/gnd-108160491
person,E21_Person,gnd-1081837101,https://hwgw.uzh.ch/person/gnd-1081837101
person,E21_Person,gnd-108352129,https://hwgw.uzh.ch/person/gnd-108352129
person,E21_Person,gnd-1088346294,https://hwgw.uzh.ch/person/gnd-1088346294
person,E21_Person,gnd-1089110189,https://hwgw.uzh.ch/person/gnd-1089110189
person,E21_Person,gnd-1089130260,https://hwgw.uzh.ch/person/gnd-1089130260
person,E21_Person,gnd-1089394462,https://hwgw.uzh.ch/person/gnd-1089394462
person,E21_Person,gnd-108941031X,https://hwgw.uzh.ch/person/gnd-108941031X
person,E21_Person,gnd-108942891X,https://hwgw.uzh.ch/person/gnd-108942891X
person,E21_Person,gnd-1089433735,https://hwgw.uzh.ch/person/gnd-1089433735
person,E21_Person,gnd-1089484062,https://hwgw.uzh.ch/person/gnd-1089484062
person,E21_Person,gnd-1089570317,https://hwgw.uzh.ch/person/gnd-1089570317
person,E21_Person,gnd-1089597193,https://hwgw.uzh.ch/person/gnd-1089597193
person,E21_Person,gnd-1089633947,https://hwgw.uzh.ch/person/gnd-1089633947
person,E21_Person,gnd-1089910436,https://hwgw.uzh.ch/person/gnd-1089910436
person,E21_Person,gnd-1089910444,https://hwgw.uzh.ch/person/gnd-1089910444
person,E21_Person,gnd-1105569047,https://hwgw.uzh.ch/person/gnd-1105569047
person,E21_Person,gnd-1110930305,https://hwgw.uzh.ch/person/gnd-1110930305
person,E21_Person,gnd-1110930631,https://hwgw.uzh.ch/person/gnd-1110930631
person,E21_Person,gnd-111493402X,https://hwgw.uzh.ch/person/gnd-111493402X
person,E21_Person,gnd-1114934771,https://hwgw.uzh.ch/person/gnd-1114934771
person,E21_Person,gnd-111672278X,https://hwgw.uzh.ch/person/gnd-111672278X
person,E21_Person,gnd-1122839537,https://hwgw.uzh.ch/person/gnd-1122839537
person,E21_Person,gnd-1125971363,https://hwgw.uzh.ch/person/gnd-1125971363
person,E21_Person,gnd-1127584812,https://hwgw.uzh.ch/person/gnd-1127584812
person,E21_Person,gnd-1127655043,https://hwgw.uzh.ch/person/gnd-1127655043
person,E21_Person,gnd-1128105470,https://hwgw.uzh.ch/person/gnd-1128105470
person,E21_Person,gnd-1136494154,https://hwgw.uzh.ch/person/gnd-1136494154
person,E21_Person,gnd-1137827807,https://hwgw.uzh.ch/person/gnd-1137827807
person,E21_Person,gnd-113838514,https://hwgw.uzh.ch/person/gnd-113838514
person,E21_Person,gnd-1139203592,https://hwgw.uzh.ch/person/gnd-1139203592
person,E21_Person,gnd-114588010X,https://hwgw.uzh.ch/person/gnd-114588010X
person,E21_Person,gnd-114614749X,https://hwgw.uzh.ch/person/gnd-114614749X
person,E21_Person,gnd-1150708972,https://hwgw.uzh.ch/person/gnd-1150708972
person,E21_Person,gnd-1151418757,https://hwgw.uzh.ch/person/gnd-1151418757
person,E21_Person,gnd-1151823201,https://hwgw.uzh.ch/person/gnd-1151823201
person,E21_Person,gnd-115351057X,https://hwgw.uzh.ch/person/gnd-115351057X
person,E21_Person,gnd-115417680,https://hwgw.uzh.ch/person/gnd-115417680
person,E21_Person,gnd-115418792,https://hwgw.uzh.ch/person/gnd-115418792
person,E21_Person,gnd-115424105,https://hwgw.uzh.ch/person/gnd-115424105
person,E21_Person,gnd-115437320,https://hwgw.uzh.ch/person/gnd-115437320
person,E21_Person,gnd-115445277,https://hwgw.uzh.ch/person/gnd-115445277
person,E21_Person,gnd-1154540162,https://hwgw.uzh.ch/person/gnd-1154540162
person,E21_Person,gnd-115481291X,https://hwgw.uzh.ch/person/gnd-115481291X
person,E21_Person,gnd-115547827,https://hwgw.uzh.ch/person/gnd-115547827
person,E21_Person,gnd-115563482,https://hwgw.uzh.ch/person/gnd-115563482
person,E21_Person,gnd-1155887905,https://hwgw.uzh.ch/person/gnd-1155887905
person,E21_Person,gnd-11560720X,https://hwgw.uzh.ch/person/gnd-11560720X
person,E21_Person,gnd-11566212X,https://hwgw.uzh.ch/person/gnd-11566212X
person,E21_Person,gnd-115671994,https://hwgw.uzh.ch/person/gnd-115671994
person,E21_Person,gnd-115722769,https://hwgw.uzh.ch/person/gnd-115722769
person,E21_Person,gnd-1157833616,https://hwgw.uzh.ch/person/gnd-1157833616
person,E21_Person,gnd-1158336047,https://hwgw.uzh.ch/person/gnd-1158336047
person,E21_Person,gnd-1158506341,https://hwgw.uzh.ch/person/gnd-1158506341
person,E21_Person,gnd-115855610,https://hwgw.uzh.ch/person/gnd-115855610
person,E21_Person,gnd-11586055X,https://hwgw.uzh.ch/person/gnd-11586055X
person,E21_Person,gnd-1160063591,https://hwgw.uzh.ch/person/gnd-1160063591
person,E21_Person,gnd-116020725,https://hwgw.uzh.ch/person/gnd-116020725
person,E21_Person,gnd-11602996X,https://hwgw.uzh.ch/person/gnd-11602996X
person,E21_Person,gnd-116032227,https://hwgw.uzh.ch/person/gnd-116032227
person,E21_Person,gnd-116032251,https://hwgw.uzh.ch/person/gnd-116032251
person,E21_Person,gnd-116039191,https://hwgw.uzh.ch/person/gnd-116039191
person,E21_Person,gnd-116042761,https://hwgw.uzh.ch/person/gnd-116042761
person,E21_Person,gnd-116061707,https://hwgw.uzh.ch/person/gnd-116061707
person,E21_Person,gnd-116079312,https://hwgw.uzh.ch/person/gnd-116079312
person,E21_Person,gnd-116089725,https://hwgw.uzh.ch/person/gnd-116089725
person,E21_Person,gnd-116091606,https://hwgw.uzh.ch/person/gnd-116091606
person,E21_Person,gnd-116093498,https://hwgw.uzh.ch/person/gnd-116093498
person,E21_Person,gnd-116096438,https://hwgw.uzh.ch/person/gnd-116096438
person,E21_Person,gnd-116120894,https://hwgw.uzh.ch/person/gnd-116120894
person,E21_Person,gnd-116130067,https://hwgw.uzh.ch/person/gnd-116130067
person,E21_Person,gnd-116134690,https://hwgw.uzh.ch/person/gnd-116134690
person,E21_Person,gnd-11613724X,https://hwgw.uzh.ch/person/gnd-11613724X
person,E21_Person,gnd-116137258,https://hwgw.uzh.ch/person/gnd-116137258
person,E21_Person,gnd-1161384197,https://hwgw.uzh.ch/person/gnd-1161384197
person,E21_Person,gnd-11615215X,https://hwgw.uzh.ch/person/gnd-11615215X
person,E21_Person,gnd-116155795,https://hwgw.uzh.ch/person/gnd-116155795
person,E21_Person,gnd-116163542,https://hwgw.uzh.ch/person/gnd-116163542
person,E21_Person,gnd-116165669,https://hwgw.uzh.ch/person/gnd-116165669
person,E21_Person,gnd-116169249,https://hwgw.uzh.ch/person/gnd-116169249
person,E21_Person,gnd-116170905,https://hwgw.uzh.ch/person/gnd-116170905
person,E21_Person,gnd-116172878,https://hwgw.uzh.ch/person/gnd-116172878
person,E21_Person,gnd-116182172,https://hwgw.uzh.ch/person/gnd-116182172
person,E21_Person,gnd-116184256,https://hwgw.uzh.ch/person/gnd-116184256
person,E21_Person,gnd-116204303,https://hwgw.uzh.ch/person/gnd-116204303
person,E21_Person,gnd-116205849,https://hwgw.uzh.ch/person/gnd-116205849
person,E21_Person,gnd-116207191,https://hwgw.uzh.ch/person/gnd-116207191
person,E21_Person,gnd-116207213,https://hwgw.uzh.ch/person/gnd-116207213
person,E21_Person,gnd-116207469,https://hwgw.uzh.ch/person/gnd-116207469
person,E21_Person,gnd-116215631,https://hwgw.uzh.ch/person/gnd-116215631
person,E21_Person,gnd-116216328,https://hwgw.uzh.ch/person/gnd-116216328
person,E21_Person,gnd-116220406,https://hwgw.uzh.ch/person/gnd-116220406
person,E21_Person,gnd-116224711,https://hwgw.uzh.ch/person/gnd-116224711
person,E21_Person,gnd-116226560,https://hwgw.uzh.ch/person/gnd-116226560
person,E21_Person,gnd-116228024,https://hwgw.uzh.ch/person/gnd-116228024
person,E21_Person,gnd-116238909,https://hwgw.uzh.ch/person/gnd-116238909
person,E21_Person,gnd-116238925,https://hwgw.uzh.ch/person/gnd-116238925
person,E21_Person,gnd-116239131,https://hwgw.uzh.ch/person/gnd-116239131
person,E21_Person,gnd-11624397X,https://hwgw.uzh.ch/person/gnd-11624397X
person,E21_Person,gnd-116246197,https://hwgw.uzh.ch/person/gnd-116246197
person,E21_Person,gnd-116253037,https://hwgw.uzh.ch/person/gnd-116253037
person,E21_Person,gnd-11625615X,https://hwgw.uzh.ch/person/gnd-11625615X
person,E21_Person,gnd-116297506,https://hwgw.uzh.ch/person/gnd-116297506
person,E21_Person,gnd-116297875,https://hwgw.uzh.ch/person/gnd-116297875
person,E21_Person,gnd-116307161,https://hwgw.uzh.ch/person/gnd-116307161
person,E21_Person,gnd-116331194,https://hwgw.uzh.ch/person/gnd-116331194
person,E21_Person,gnd-116343311,https://hwgw.uzh.ch/person/gnd-116343311
person,E21_Person,gnd-116357673,https://hwgw.uzh.ch/person/gnd-116357673
person,E21_Person,gnd-116361980,https://hwgw.uzh.ch/person/gnd-116361980
person,E21_Person,gnd-116362324,https://hwgw.uzh.ch/person/gnd-116362324
person,E21_Person,gnd-116368462,https://hwgw.uzh.ch/person/gnd-116368462
person,E21_Person,gnd-116371862,https://hwgw.uzh.ch/person/gnd-116371862
person,E21_Person,gnd-116379693,https://hwgw.uzh.ch/person/gnd-116379693
person,E21_Person,gnd-11638039X,https://hwgw.uzh.ch/person/gnd-11638039X
person,E21_Person,gnd-116389621,https://hwgw.uzh.ch/person/gnd-116389621
person,E21_Person,gnd-116408936,https://hwgw.uzh.ch/person/gnd-116408936
person,E21_Person,gnd-116417722,https://hwgw.uzh.ch/person/gnd-116417722
person,E21_Person,gnd-116418435,https://hwgw.uzh.ch/person/gnd-116418435
person,E21_Person,gnd-116419261,https://hwgw.uzh.ch/person/gnd-116419261
person,E21_Person,gnd-116428880,https://hwgw.uzh.ch/person/gnd-116428880
person,E21_Person,gnd-116431520,https://hwgw.uzh.ch/person/gnd-116431520
person,E21_Person,gnd-116435488,https://hwgw.uzh.ch/person/gnd-116435488
person,E21_Person,gnd-116466138,https://hwgw.uzh.ch/person/gnd-116466138
person,E21_Person,gnd-116481021,https://hwgw.uzh.ch/person/gnd-116481021
person,E21_Person,gnd-116494476,https://hwgw.uzh.ch/person/gnd-116494476
person,E21_Person,gnd-116507748,https://hwgw.uzh.ch/person/gnd-116507748
person,E21_Person,gnd-116510269,https://hwgw.uzh.ch/person/gnd-116510269
person,E21_Person,gnd-116512288,https://hwgw.uzh.ch/person/gnd-116512288
person,E21_Person,gnd-116516844,https://hwgw.uzh.ch/person/gnd-116516844
person,E21_Person,gnd-116521570,https://hwgw.uzh.ch/person/gnd-116521570
person,E21_Person,gnd-116530391,https://hwgw.uzh.ch/person/gnd-116530391
person,E21_Person,gnd-116533196,https://hwgw.uzh.ch/person/gnd-116533196
person,E21_Person,gnd-116537507,https://hwgw.uzh.ch/person/gnd-116537507
person,E21_Person,gnd-116541008,https://hwgw.uzh.ch/person/gnd-116541008
person,E21_Person,gnd-116546859,https://hwgw.uzh.ch/person/gnd-116546859
person,E21_Person,gnd-116549955,https://hwgw.uzh.ch/person/gnd-116549955
person,E21_Person,gnd-116551194,https://hwgw.uzh.ch/person/gnd-116551194
person,E21_Person,gnd-116552484,https://hwgw.uzh.ch/person/gnd-116552484
person,E21_Person,gnd-116563508,https://hwgw.uzh.ch/person/gnd-116563508
person,E21_Person,gnd-116570164,https://hwgw.uzh.ch/person/gnd-116570164
person,E21_Person,gnd-116571217,https://hwgw.uzh.ch/person/gnd-116571217
person,E21_Person,gnd-116572167,https://hwgw.uzh.ch/person/gnd-116572167
person,E21_Person,gnd-116577797,https://hwgw.uzh.ch/person/gnd-116577797
person,E21_Person,gnd-116588659,https://hwgw.uzh.ch/person/gnd-116588659
person,E21_Person,gnd-116595671,https://hwgw.uzh.ch/person/gnd-116595671
person,E21_Person,gnd-116597704,https://hwgw.uzh.ch/person/gnd-116597704
person,E21_Person,gnd-116599995,https://hwgw.uzh.ch/person/gnd-116599995
person,E21_Person,gnd-116600217,https://hwgw.uzh.ch/person/gnd-116600217
person,E21_Person,gnd-116602031,https://hwgw.uzh.ch/person/gnd-116602031
person,E21_Person,gnd-116609052,https://hwgw.uzh.ch/person/gnd-116609052
person,E21_Person,gnd-11661191X,https://hwgw.uzh.ch/person/gnd-11661191X
person,E21_Person,gnd-116618485,https://hwgw.uzh.ch/person/gnd-116618485
person,E21_Person,gnd-116635134,https://hwgw.uzh.ch/person/gnd-116635134
person,E21_Person,gnd-116642718,https://hwgw.uzh.ch/person/gnd-116642718
person,E21_Person,gnd-116650613,https://hwgw.uzh.ch/person/gnd-116650613
person,E21_Person,gnd-116650826,https://hwgw.uzh.ch/person/gnd-116650826
person,E21_Person,gnd-11666827X,https://hwgw.uzh.ch/person/gnd-11666827X
person,E21_Person,gnd-11667928X,https://hwgw.uzh.ch/person/gnd-11667928X
person,E21_Person,gnd-116680016,https://hwgw.uzh.ch/person/gnd-116680016
person,E21_Person,gnd-116680105,https://hwgw.uzh.ch/person/gnd-116680105
person,E21_Person,gnd-116680733,https://hwgw.uzh.ch/person/gnd-116680733
person,E21_Person,gnd-116681942,https://hwgw.uzh.ch/person/gnd-116681942
person,E21_Person,gnd-116694300,https://hwgw.uzh.ch/person/gnd-116694300
person,E21_Person,gnd-116698918,https://hwgw.uzh.ch/person/gnd-116698918
person,E21_Person,gnd-116703652,https://hwgw.uzh.ch/person/gnd-116703652
person,E21_Person,gnd-116709022,https://hwgw.uzh.ch/person/gnd-116709022
person,E21_Person,gnd-116709510,https://hwgw.uzh.ch/person/gnd-116709510
person,E21_Person,gnd-116718846,https://hwgw.uzh.ch/person/gnd-116718846
person,E21_Person,gnd-11672580X,https://hwgw.uzh.ch/person/gnd-11672580X
person,E21_Person,gnd-116726199,https://hwgw.uzh.ch/person/gnd-116726199
person,E21_Person,gnd-116726245,https://hwgw.uzh.ch/person/gnd-116726245
person,E21_Person,gnd-116726342,https://hwgw.uzh.ch/person/gnd-116726342
person,E21_Person,gnd-116741708,https://hwgw.uzh.ch/person/gnd-116741708
person,E21_Person,gnd-116752858,https://hwgw.uzh.ch/person/gnd-116752858
person,E21_Person,gnd-116757620,https://hwgw.uzh.ch/person/gnd-116757620
person,E21_Person,gnd-116764201,https://hwgw.uzh.ch/person/gnd-116764201
person,E21_Person,gnd-116766557,https://hwgw.uzh.ch/person/gnd-116766557
person,E21_Person,gnd-116774290,https://hwgw.uzh.ch/person/gnd-116774290
person,E21_Person,gnd-116777273,https://hwgw.uzh.ch/person/gnd-116777273
person,E21_Person,gnd-116781963,https://hwgw.uzh.ch/person/gnd-116781963
person,E21_Person,gnd-116781998,https://hwgw.uzh.ch/person/gnd-116781998
person,E21_Person,gnd-116782544,https://hwgw.uzh.ch/person/gnd-116782544
person,E21_Person,gnd-116784024,https://hwgw.uzh.ch/person/gnd-116784024
person,E21_Person,gnd-116784946,https://hwgw.uzh.ch/person/gnd-116784946
person,E21_Person,gnd-116793465,https://hwgw.uzh.ch/person/gnd-116793465
person,E21_Person,gnd-116794054,https://hwgw.uzh.ch/person/gnd-116794054
person,E21_Person,gnd-116795794,https://hwgw.uzh.ch/person/gnd-116795794
person,E21_Person,gnd-116811994,https://hwgw.uzh.ch/person/gnd-116811994
person,E21_Person,gnd-116827157,https://hwgw.uzh.ch/person/gnd-116827157
person,E21_Person,gnd-116836008,https://hwgw.uzh.ch/person/gnd-116836008
person,E21_Person,gnd-116842660,https://hwgw.uzh.ch/person/gnd-116842660
person,E21_Person,gnd-116844086,https://hwgw.uzh.ch/person/gnd-116844086
person,E21_Person,gnd-116847638,https://hwgw.uzh.ch/person/gnd-116847638
person,E21_Person,gnd-116852186,https://hwgw.uzh.ch/person/gnd-116852186
person,E21_Person,gnd-11685555X,https://hwgw.uzh.ch/person/gnd-11685555X
person,E21_Person,gnd-116857498,https://hwgw.uzh.ch/person/gnd-116857498
person,E21_Person,gnd-116862742,https://hwgw.uzh.ch/person/gnd-116862742
person,E21_Person,gnd-116863684,https://hwgw.uzh.ch/person/gnd-116863684
person,E21_Person,gnd-116876638,https://hwgw.uzh.ch/person/gnd-116876638
person,E21_Person,gnd-116877138,https://hwgw.uzh.ch/person/gnd-116877138
person,E21_Person,gnd-116878118,https://hwgw.uzh.ch/person/gnd-116878118
person,E21_Person,gnd-116897104,https://hwgw.uzh.ch/person/gnd-116897104
person,E21_Person,gnd-116898186,https://hwgw.uzh.ch/person/gnd-116898186
person,E21_Person,gnd-116916567,https://hwgw.uzh.ch/person/gnd-116916567
person,E21_Person,gnd-11691727X,https://hwgw.uzh.ch/person/gnd-11691727X
person,E21_Person,gnd-116920556,https://hwgw.uzh.ch/person/gnd-116920556
person,E21_Person,gnd-116922656,https://hwgw.uzh.ch/person/gnd-116922656
person,E21_Person,gnd-116926805,https://hwgw.uzh.ch/person/gnd-116926805
person,E21_Person,gnd-116947799,https://hwgw.uzh.ch/person/gnd-116947799
person,E21_Person,gnd-116948876,https://hwgw.uzh.ch/person/gnd-116948876
person,E21_Person,gnd-116951095,https://hwgw.uzh.ch/person/gnd-116951095
person,E21_Person,gnd-116951796,https://hwgw.uzh.ch/person/gnd-116951796
person,E21_Person,gnd-116970243,https://hwgw.uzh.ch/person/gnd-116970243
person,E21_Person,gnd-116970413,https://hwgw.uzh.ch/person/gnd-116970413
person,E21_Person,gnd-116970448,https://hwgw.uzh.ch/person/gnd-116970448
person,E21_Person,gnd-11697124X,https://hwgw.uzh.ch/person/gnd-11697124X
person,E21_Person,gnd-116974338,https://hwgw.uzh.ch/person/gnd-116974338
person,E21_Person,gnd-116985364,https://hwgw.uzh.ch/person/gnd-116985364
person,E21_Person,gnd-116989440,https://hwgw.uzh.ch/person/gnd-116989440
person,E21_Person,gnd-11699908X,https://hwgw.uzh.ch/person/gnd-11699908X
person,E21_Person,gnd-117003646,https://hwgw.uzh.ch/person/gnd-117003646
person,E21_Person,gnd-117004669,https://hwgw.uzh.ch/person/gnd-117004669
person,E21_Person,gnd-117006238,https://hwgw.uzh.ch/person/gnd-117006238
person,E21_Person,gnd-11701348X,https://hwgw.uzh.ch/person/gnd-11701348X
person,E21_Person,gnd-117023779,https://hwgw.uzh.ch/person/gnd-117023779
person,E21_Person,gnd-117031518,https://hwgw.uzh.ch/person/gnd-117031518
person,E21_Person,gnd-117031933,https://hwgw.uzh.ch/person/gnd-117031933
person,E21_Person,gnd-117042277,https://hwgw.uzh.ch/person/gnd-117042277
person,E21_Person,gnd-117044504,https://hwgw.uzh.ch/person/gnd-117044504
person,E21_Person,gnd-117044865,https://hwgw.uzh.ch/person/gnd-117044865
person,E21_Person,gnd-117048879,https://hwgw.uzh.ch/person/gnd-117048879
person,E21_Person,gnd-117057436,https://hwgw.uzh.ch/person/gnd-117057436
person,E21_Person,gnd-117063878,https://hwgw.uzh.ch/person/gnd-117063878
person,E21_Person,gnd-117075159,https://hwgw.uzh.ch/person/gnd-117075159
person,E21_Person,gnd-11707862X,https://hwgw.uzh.ch/person/gnd-11707862X
person,E21_Person,gnd-117078654,https://hwgw.uzh.ch/person/gnd-117078654
person,E21_Person,gnd-117078719,https://hwgw.uzh.ch/person/gnd-117078719
person,E21_Person,gnd-117079502,https://hwgw.uzh.ch/person/gnd-117079502
person,E21_Person,gnd-117086401,https://hwgw.uzh.ch/person/gnd-117086401
person,E21_Person,gnd-11708820X,https://hwgw.uzh.ch/person/gnd-11708820X
person,E21_Person,gnd-117091499,https://hwgw.uzh.ch/person/gnd-117091499
person,E21_Person,gnd-117095931,https://hwgw.uzh.ch/person/gnd-117095931
person,E21_Person,gnd-117096563,https://hwgw.uzh.ch/person/gnd-117096563
person,E21_Person,gnd-11710468X,https://hwgw.uzh.ch/person/gnd-11710468X
person,E21_Person,gnd-117106194,https://hwgw.uzh.ch/person/gnd-117106194
person,E21_Person,gnd-117108456,https://hwgw.uzh.ch/person/gnd-117108456
person,E21_Person,gnd-117117102,https://hwgw.uzh.ch/person/gnd-117117102
person,E21_Person,gnd-117122238,https://hwgw.uzh.ch/person/gnd-117122238
person,E21_Person,gnd-117130028,https://hwgw.uzh.ch/person/gnd-117130028
person,E21_Person,gnd-117137332,https://hwgw.uzh.ch/person/gnd-117137332
person,E21_Person,gnd-117146161,https://hwgw.uzh.ch/person/gnd-117146161
person,E21_Person,gnd-117148199,https://hwgw.uzh.ch/person/gnd-117148199
person,E21_Person,gnd-117150606,https://hwgw.uzh.ch/person/gnd-117150606
person,E21_Person,gnd-117155004,https://hwgw.uzh.ch/person/gnd-117155004
person,E21_Person,gnd-117156868,https://hwgw.uzh.ch/person/gnd-117156868
person,E21_Person,gnd-117160571,https://hwgw.uzh.ch/person/gnd-117160571
person,E21_Person,gnd-117161195,https://hwgw.uzh.ch/person/gnd-117161195
person,E21_Person,gnd-117162450,https://hwgw.uzh.ch/person/gnd-117162450
person,E21_Person,gnd-117164852,https://hwgw.uzh.ch/person/gnd-117164852
person,E21_Person,gnd-117170577,https://hwgw.uzh.ch/person/gnd-117170577
person,E21_Person,gnd-117172413,https://hwgw.uzh.ch/person/gnd-117172413
person,E21_Person,gnd-117176567,https://hwgw.uzh.ch/person/gnd-117176567
person,E21_Person,gnd-11717887X,https://hwgw.uzh.ch/person/gnd-11717887X
person,E21_Person,gnd-117184934,https://hwgw.uzh.ch/person/gnd-117184934
person,E21_Person,gnd-1171868782,https://hwgw.uzh.ch/person/gnd-1171868782
person,E21_Person,gnd-117192120,https://hwgw.uzh.ch/person/gnd-117192120
person,E21_Person,gnd-117192619,https://hwgw.uzh.ch/person/gnd-117192619
person,E21_Person,gnd-117195561,https://hwgw.uzh.ch/person/gnd-117195561
person,E21_Person,gnd-117202223,https://hwgw.uzh.ch/person/gnd-117202223
person,E21_Person,gnd-117203300,https://hwgw.uzh.ch/person/gnd-117203300
person,E21_Person,gnd-117209856,https://hwgw.uzh.ch/person/gnd-117209856
person,E21_Person,gnd-117212105,https://hwgw.uzh.ch/person/gnd-117212105
person,E21_Person,gnd-117219320,https://hwgw.uzh.ch/person/gnd-117219320
person,E21_Person,gnd-117224561,https://hwgw.uzh.ch/person/gnd-117224561
person,E21_Person,gnd-117229253,https://hwgw.uzh.ch/person/gnd-117229253
person,E21_Person,gnd-117236047,https://hwgw.uzh.ch/person/gnd-117236047
person,E21_Person,gnd-117236136,https://hwgw.uzh.ch/person/gnd-117236136
person,E21_Person,gnd-117258172,https://hwgw.uzh.ch/person/gnd-117258172
person,E21_Person,gnd-117259012,https://hwgw.uzh.ch/person/gnd-117259012
person,E21_Person,gnd-117261521,https://hwgw.uzh.ch/person/gnd-117261521
person,E21_Person,gnd-117264571,https://hwgw.uzh.ch/person/gnd-117264571
person,E21_Person,gnd-117278998,https://hwgw.uzh.ch/person/gnd-117278998
person,E21_Person,gnd-117290416,https://hwgw.uzh.ch/person/gnd-117290416
person,E21_Person,gnd-117291013,https://hwgw.uzh.ch/person/gnd-117291013
person,E21_Person,gnd-117300322,https://hwgw.uzh.ch/person/gnd-117300322
person,E21_Person,gnd-117303321,https://hwgw.uzh.ch/person/gnd-117303321
person,E21_Person,gnd-117307599,https://hwgw.uzh.ch/person/gnd-117307599
person,E21_Person,gnd-117307947,https://hwgw.uzh.ch/person/gnd-117307947
person,E21_Person,gnd-117311235,https://hwgw.uzh.ch/person/gnd-117311235
person,E21_Person,gnd-117319813,https://hwgw.uzh.ch/person/gnd-117319813
person,E21_Person,gnd-117322962,https://hwgw.uzh.ch/person/gnd-117322962
person,E21_Person,gnd-117322989,https://hwgw.uzh.ch/person/gnd-117322989
person,E21_Person,gnd-117323667,https://hwgw.uzh.ch/person/gnd-117323667
person,E21_Person,gnd-117331058,https://hwgw.uzh.ch/person/gnd-117331058
person,E21_Person,gnd-117337811,https://hwgw.uzh.ch/person/gnd-117337811
person,E21_Person,gnd-11733829X,https://hwgw.uzh.ch/person/gnd-11733829X
person,E21_Person,gnd-117354325,https://hwgw.uzh.ch/person/gnd-117354325
person,E21_Person,gnd-117371726,https://hwgw.uzh.ch/person/gnd-117371726
person,E21_Person,gnd-117373192,https://hwgw.uzh.ch/person/gnd-117373192
person,E21_Person,gnd-117374377,https://hwgw.uzh.ch/person/gnd-117374377
person,E21_Person,gnd-11737542X,https://hwgw.uzh.ch/person/gnd-11737542X
person,E21_Person,gnd-11738612X,https://hwgw.uzh.ch/person/gnd-11738612X
person,E21_Person,gnd-117386693,https://hwgw.uzh.ch/person/gnd-117386693
person,E21_Person,gnd-11739386X,https://hwgw.uzh.ch/person/gnd-11739386X
person,E21_Person,gnd-117402524,https://hwgw.uzh.ch/person/gnd-117402524
person,E21_Person,gnd-117414778,https://hwgw.uzh.ch/person/gnd-117414778
person,E21_Person,gnd-117416673,https://hwgw.uzh.ch/person/gnd-117416673
person,E21_Person,gnd-117416908,https://hwgw.uzh.ch/person/gnd-117416908
person,E21_Person,gnd-117434965,https://hwgw.uzh.ch/person/gnd-117434965
person,E21_Person,gnd-117436658,https://hwgw.uzh.ch/person/gnd-117436658
person,E21_Person,gnd-117437999,https://hwgw.uzh.ch/person/gnd-117437999
person,E21_Person,gnd-117450502,https://hwgw.uzh.ch/person/gnd-117450502
person,E21_Person,gnd-117450596,https://hwgw.uzh.ch/person/gnd-117450596
person,E21_Person,gnd-117451746,https://hwgw.uzh.ch/person/gnd-117451746
person,E21_Person,gnd-117453471,https://hwgw.uzh.ch/person/gnd-117453471
person,E21_Person,gnd-11745351X,https://hwgw.uzh.ch/person/gnd-11745351X
person,E21_Person,gnd-117454184,https://hwgw.uzh.ch/person/gnd-117454184
person,E21_Person,gnd-11745561X,https://hwgw.uzh.ch/person/gnd-11745561X
person,E21_Person,gnd-117456322,https://hwgw.uzh.ch/person/gnd-117456322
person,E21_Person,gnd-117460141,https://hwgw.uzh.ch/person/gnd-117460141
person,E21_Person,gnd-117464260,https://hwgw.uzh.ch/person/gnd-117464260
person,E21_Person,gnd-117465224,https://hwgw.uzh.ch/person/gnd-117465224
person,E21_Person,gnd-117470902,https://hwgw.uzh.ch/person/gnd-117470902
person,E21_Person,gnd-117478598,https://hwgw.uzh.ch/person/gnd-117478598
person,E21_Person,gnd-117479373,https://hwgw.uzh.ch/person/gnd-117479373
person,E21_Person,gnd-117479853,https://hwgw.uzh.ch/person/gnd-117479853
person,E21_Person,gnd-117485934,https://hwgw.uzh.ch/person/gnd-117485934
person,E21_Person,gnd-117486973,https://hwgw.uzh.ch/person/gnd-117486973
person,E21_Person,gnd-117491896,https://hwgw.uzh.ch/person/gnd-117491896
person,E21_Person,gnd-117491950,https://hwgw.uzh.ch/person/gnd-117491950
person,E21_Person,gnd-11749366X,https://hwgw.uzh.ch/person/gnd-11749366X
person,E21_Person,gnd-117494909,https://hwgw.uzh.ch/person/gnd-117494909
person,E21_Person,gnd-117498963,https://hwgw.uzh.ch/person/gnd-117498963
person,E21_Person,gnd-117541524,https://hwgw.uzh.ch/person/gnd-117541524
person,E21_Person,gnd-117565164,https://hwgw.uzh.ch/person/gnd-117565164
person,E21_Person,gnd-117579866,https://hwgw.uzh.ch/person/gnd-117579866
person,E21_Person,gnd-117591289,https://hwgw.uzh.ch/person/gnd-117591289
person,E21_Person,gnd-117595950,https://hwgw.uzh.ch/person/gnd-117595950
person,E21_Person,gnd-117600717,https://hwgw.uzh.ch/person/gnd-117600717
person,E21_Person,gnd-117605832,https://hwgw.uzh.ch/person/gnd-117605832
person,E21_Person,gnd-117632783,https://hwgw.uzh.ch/person/gnd-117632783
person,E21_Person,gnd-117670901,https://hwgw.uzh.ch/person/gnd-117670901
person,E21_Person,gnd-117674168,https://hwgw.uzh.ch/person/gnd-117674168
person,E21_Person,gnd-117683515,https://hwgw.uzh.ch/person/gnd-117683515
person,E21_Person,gnd-117693162,https://hwgw.uzh.ch/person/gnd-117693162
person,E21_Person,gnd-117698121,https://hwgw.uzh.ch/person/gnd-117698121
person,E21_Person,gnd-117701076,https://hwgw.uzh.ch/person/gnd-117701076
person,E21_Person,gnd-117751669,https://hwgw.uzh.ch/person/gnd-117751669
person,E21_Person,gnd-117752266,https://hwgw.uzh.ch/person/gnd-117752266
person,E21_Person,gnd-118011561,https://hwgw.uzh.ch/person/gnd-118011561
person,E21_Person,gnd-118038656,https://hwgw.uzh.ch/person/gnd-118038656
person,E21_Person,gnd-118087517,https://hwgw.uzh.ch/person/gnd-118087517
person,E21_Person,gnd-118096834,https://hwgw.uzh.ch/person/gnd-118096834
person,E21_Person,gnd-118500074,https://hwgw.uzh.ch/person/gnd-118500074
person,E21_Person,gnd-118500619,https://hwgw.uzh.ch/person/gnd-118500619
person,E21_Person,gnd-118500856,https://hwgw.uzh.ch/person/gnd-118500856
person,E21_Person,gnd-11850147X,https://hwgw.uzh.ch/person/gnd-11850147X
person,E21_Person,gnd-118501755,https://hwgw.uzh.ch/person/gnd-118501755
person,E21_Person,gnd-11850181X,https://hwgw.uzh.ch/person/gnd-11850181X
person,E21_Person,gnd-118501828,https://hwgw.uzh.ch/person/gnd-118501828
person,E21_Person,gnd-118502220,https://hwgw.uzh.ch/person/gnd-118502220
person,E21_Person,gnd-118502697,https://hwgw.uzh.ch/person/gnd-118502697
person,E21_Person,gnd-118503081,https://hwgw.uzh.ch/person/gnd-118503081
person,E21_Person,gnd-118503243,https://hwgw.uzh.ch/person/gnd-118503243
person,E21_Person,gnd-118503952,https://hwgw.uzh.ch/person/gnd-118503952
person,E21_Person,gnd-11850553X,https://hwgw.uzh.ch/person/gnd-11850553X
person,E21_Person,gnd-118505645,https://hwgw.uzh.ch/person/gnd-118505645
person,E21_Person,gnd-118505696,https://hwgw.uzh.ch/person/gnd-118505696
person,E21_Person,gnd-118505742,https://hwgw.uzh.ch/person/gnd-118505742
person,E21_Person,gnd-118505831,https://hwgw.uzh.ch/person/gnd-118505831
person,E21_Person,gnd-118506188,https://hwgw.uzh.ch/person/gnd-118506188
person,E21_Person,gnd-118507605,https://hwgw.uzh.ch/person/gnd-118507605
person,E21_Person,gnd-118508318,https://hwgw.uzh.ch/person/gnd-118508318
person,E21_Person,gnd-118508326,https://hwgw.uzh.ch/person/gnd-118508326
person,E21_Person,gnd-118508679,https://hwgw.uzh.ch/person/gnd-118508679
person,E21_Person,gnd-118509675,https://hwgw.uzh.ch/person/gnd-118509675
person,E21_Person,gnd-118509926,https://hwgw.uzh.ch/person/gnd-118509926
person,E21_Person,gnd-118510029,https://hwgw.uzh.ch/person/gnd-118510029
person,E21_Person,gnd-118510169,https://hwgw.uzh.ch/person/gnd-118510169
person,E21_Person,gnd-11851024X,https://hwgw.uzh.ch/person/gnd-11851024X
person,E21_Person,gnd-11851136X,https://hwgw.uzh.ch/person/gnd-11851136X
person,E21_Person,gnd-118512153,https://hwgw.uzh.ch/person/gnd-118512153
person,E21_Person,gnd-11851217X,https://hwgw.uzh.ch/person/gnd-11851217X
person,E21_Person,gnd-118512315,https://hwgw.uzh.ch/person/gnd-118512315
person,E21_Person,gnd-118512374,https://hwgw.uzh.ch/person/gnd-118512374
person,E21_Person,gnd-118513745,https://hwgw.uzh.ch/person/gnd-118513745
person,E21_Person,gnd-118514008,https://hwgw.uzh.ch/person/gnd-118514008
person,E21_Person,gnd-118514253,https://hwgw.uzh.ch/person/gnd-118514253
person,E21_Person,gnd-11851427X,https://hwgw.uzh.ch/person/gnd-11851427X
person,E21_Person,gnd-118514474,https://hwgw.uzh.ch/person/gnd-118514474
person,E21_Person,gnd-118514601,https://hwgw.uzh.ch/person/gnd-118514601
person,E21_Person,gnd-118514881,https://hwgw.uzh.ch/person/gnd-118514881
person,E21_Person,gnd-118515195,https://hwgw.uzh.ch/person/gnd-118515195
person,E21_Person,gnd-118515586,https://hwgw.uzh.ch/person/gnd-118515586
person,E21_Person,gnd-118516086,https://hwgw.uzh.ch/person/gnd-118516086
person,E21_Person,gnd-118516175,https://hwgw.uzh.ch/person/gnd-118516175
person,E21_Person,gnd-118516221,https://hwgw.uzh.ch/person/gnd-118516221
person,E21_Person,gnd-118517252,https://hwgw.uzh.ch/person/gnd-118517252
person,E21_Person,gnd-11851752X,https://hwgw.uzh.ch/person/gnd-11851752X
person,E21_Person,gnd-118518208,https://hwgw.uzh.ch/person/gnd-118518208
person,E21_Person,gnd-118518488,https://hwgw.uzh.ch/person/gnd-118518488
person,E21_Person,gnd-118518569,https://hwgw.uzh.ch/person/gnd-118518569
person,E21_Person,gnd-118519034,https://hwgw.uzh.ch/person/gnd-118519034
person,E21_Person,gnd-118519204,https://hwgw.uzh.ch/person/gnd-118519204
person,E21_Person,gnd-118519255,https://hwgw.uzh.ch/person/gnd-118519255
person,E21_Person,gnd-118519522,https://hwgw.uzh.ch/person/gnd-118519522
person,E21_Person,gnd-118519573,https://hwgw.uzh.ch/person/gnd-118519573
person,E21_Person,gnd-118519719,https://hwgw.uzh.ch/person/gnd-118519719
person,E21_Person,gnd-118519786,https://hwgw.uzh.ch/person/gnd-118519786
person,E21_Person,gnd-118519794,https://hwgw.uzh.ch/person/gnd-118519794
person,E21_Person,gnd-118519875,https://hwgw.uzh.ch/person/gnd-118519875
person,E21_Person,gnd-118519891,https://hwgw.uzh.ch/person/gnd-118519891
person,E21_Person,gnd-118520326,https://hwgw.uzh.ch/person/gnd-118520326
person,E21_Person,gnd-118520512,https://hwgw.uzh.ch/person/gnd-118520512
person,E21_Person,gnd-118520814,https://hwgw.uzh.ch/person/gnd-118520814
person,E21_Person,gnd-118521373,https://hwgw.uzh.ch/person/gnd-118521373
person,E21_Person,gnd-118521748,https://hwgw.uzh.ch/person/gnd-118521748
person,E21_Person,gnd-118521756,https://hwgw.uzh.ch/person/gnd-118521756
person,E21_Person,gnd-118522175,https://hwgw.uzh.ch/person/gnd-118522175
person,E21_Person,gnd-118522582,https://hwgw.uzh.ch/person/gnd-118522582
person,E21_Person,gnd-118522779,https://hwgw.uzh.ch/person/gnd-118522779
person,E21_Person,gnd-118523104,https://hwgw.uzh.ch/person/gnd-118523104
person,E21_Person,gnd-118523147,https://hwgw.uzh.ch/person/gnd-118523147
person,E21_Person,gnd-118523368,https://hwgw.uzh.ch/person/gnd-118523368
person,E21_Person,gnd-118523708,https://hwgw.uzh.ch/person/gnd-118523708
person,E21_Person,gnd-118523813,https://hwgw.uzh.ch/person/gnd-118523813
person,E21_Person,gnd-118523945,https://hwgw.uzh.ch/person/gnd-118523945
person,E21_Person,gnd-118524275,https://hwgw.uzh.ch/person/gnd-118524275
person,E21_Person,gnd-11852433X,https://hwgw.uzh.ch/person/gnd-11852433X
person,E21_Person,gnd-118524461,https://hwgw.uzh.ch/person/gnd-118524461
person,E21_Person,gnd-11852464X,https://hwgw.uzh.ch/person/gnd-11852464X
person,E21_Person,gnd-118524844,https://hwgw.uzh.ch/person/gnd-118524844
person,E21_Person,gnd-118525239,https://hwgw.uzh.ch/person/gnd-118525239
person,E21_Person,gnd-118525263,https://hwgw.uzh.ch/person/gnd-118525263
person,E21_Person,gnd-118525727,https://hwgw.uzh.ch/person/gnd-118525727
person,E21_Person,gnd-118526243,https://hwgw.uzh.ch/person/gnd-118526243
person,E21_Person,gnd-118526693,https://hwgw.uzh.ch/person/gnd-118526693
person,E21_Person,gnd-118527665,https://hwgw.uzh.ch/person/gnd-118527665
person,E21_Person,gnd-11852786X,https://hwgw.uzh.ch/person/gnd-11852786X
person,E21_Person,gnd-118527878,https://hwgw.uzh.ch/person/gnd-118527878
person,E21_Person,gnd-118527983,https://hwgw.uzh.ch/person/gnd-118527983
person,E21_Person,gnd-118528378,https://hwgw.uzh.ch/person/gnd-118528378
person,E21_Person,gnd-118528777,https://hwgw.uzh.ch/person/gnd-118528777
person,E21_Person,gnd-118530127,https://hwgw.uzh.ch/person/gnd-118530127
person,E21_Person,gnd-118530224,https://hwgw.uzh.ch/person/gnd-118530224
person,E21_Person,gnd-118530585,https://hwgw.uzh.ch/person/gnd-118530585
person,E21_Person,gnd-118530666,https://hwgw.uzh.ch/person/gnd-118530666
person,E21_Person,gnd-118531549,https://hwgw.uzh.ch/person/gnd-118531549
person,E21_Person,gnd-118531557,https://hwgw.uzh.ch/person/gnd-118531557
person,E21_Person,gnd-118532154,https://hwgw.uzh.ch/person/gnd-118532154
person,E21_Person,gnd-118532731,https://hwgw.uzh.ch/person/gnd-118532731
person,E21_Person,gnd-118532847,https://hwgw.uzh.ch/person/gnd-118532847
person,E21_Person,gnd-118532855,https://hwgw.uzh.ch/person/gnd-118532855
person,E21_Person,gnd-118533010,https://hwgw.uzh.ch/person/gnd-118533010
person,E21_Person,gnd-118534017,https://hwgw.uzh.ch/person/gnd-118534017
person,E21_Person,gnd-118534246,https://hwgw.uzh.ch/person/gnd-118534246
person,E21_Person,gnd-118534947,https://hwgw.uzh.ch/person/gnd-118534947
person,E21_Person,gnd-118534963,https://hwgw.uzh.ch/person/gnd-118534963
person,E21_Person,gnd-118535021,https://hwgw.uzh.ch/person/gnd-118535021
person,E21_Person,gnd-118535315,https://hwgw.uzh.ch/person/gnd-118535315
person,E21_Person,gnd-118535455,https://hwgw.uzh.ch/person/gnd-118535455
person,E21_Person,gnd-118535714,https://hwgw.uzh.ch/person/gnd-118535714
person,E21_Person,gnd-118535749,https://hwgw.uzh.ch/person/gnd-118535749
person,E21_Person,gnd-118535773,https://hwgw.uzh.ch/person/gnd-118535773
person,E21_Person,gnd-11853579X,https://hwgw.uzh.ch/person/gnd-11853579X
person,E21_Person,gnd-118535927,https://hwgw.uzh.ch/person/gnd-118535927
person,E21_Person,gnd-118535986,https://hwgw.uzh.ch/person/gnd-118535986
person,E21_Person,gnd-11853601X,https://hwgw.uzh.ch/person/gnd-11853601X
person,E21_Person,gnd-118536036,https://hwgw.uzh.ch/person/gnd-118536036
person,E21_Person,gnd-118536745,https://hwgw.uzh.ch/person/gnd-118536745
person,E21_Person,gnd-118537083,https://hwgw.uzh.ch/person/gnd-118537083
person,E21_Person,gnd-118537202,https://hwgw.uzh.ch/person/gnd-118537202
person,E21_Person,gnd-118537229,https://hwgw.uzh.ch/person/gnd-118537229
person,E21_Person,gnd-11853811X,https://hwgw.uzh.ch/person/gnd-11853811X
person,E21_Person,gnd-118538322,https://hwgw.uzh.ch/person/gnd-118538322
person,E21_Person,gnd-118538918,https://hwgw.uzh.ch/person/gnd-118538918
person,E21_Person,gnd-118538969,https://hwgw.uzh.ch/person/gnd-118538969
person,E21_Person,gnd-118539086,https://hwgw.uzh.ch/person/gnd-118539086
person,E21_Person,gnd-118539469,https://hwgw.uzh.ch/person/gnd-118539469
person,E21_Person,gnd-118539477,https://hwgw.uzh.ch/person/gnd-118539477
person,E21_Person,gnd-118540157,https://hwgw.uzh.ch/person/gnd-118540157
person,E21_Person,gnd-118540238,https://hwgw.uzh.ch/person/gnd-118540238
person,E21_Person,gnd-118540505,https://hwgw.uzh.ch/person/gnd-118540505
person,E21_Person,gnd-118540637,https://hwgw.uzh.ch/person/gnd-118540637
person,E21_Person,gnd-118541013,https://hwgw.uzh.ch/person/gnd-118541013
person,E21_Person,gnd-118541951,https://hwgw.uzh.ch/person/gnd-118541951
person,E21_Person,gnd-118542265,https://hwgw.uzh.ch/person/gnd-118542265
person,E21_Person,gnd-118542907,https://hwgw.uzh.ch/person/gnd-118542907
person,E21_Person,gnd-118543628,https://hwgw.uzh.ch/person/gnd-118543628
person,E21_Person,gnd-118545140,https://hwgw.uzh.ch/person/gnd-118545140
person,E21_Person,gnd-11854523X,https://hwgw.uzh.ch/person/gnd-11854523X
person,E21_Person,gnd-118545248,https://hwgw.uzh.ch/person/gnd-118545248
person,E21_Person,gnd-118545825,https://hwgw.uzh.ch/person/gnd-118545825
person,E21_Person,gnd-118546252,https://hwgw.uzh.ch/person/gnd-118546252
person,E21_Person,gnd-118546961,https://hwgw.uzh.ch/person/gnd-118546961
person,E21_Person,gnd-118546996,https://hwgw.uzh.ch/person/gnd-118546996
person,E21_Person,gnd-118547003,https://hwgw.uzh.ch/person/gnd-118547003
person,E21_Person,gnd-118547380,https://hwgw.uzh.ch/person/gnd-118547380
person,E21_Person,gnd-118547658,https://hwgw.uzh.ch/person/gnd-118547658
person,E21_Person,gnd-118547739,https://hwgw.uzh.ch/person/gnd-118547739
person,E21_Person,gnd-118547798,https://hwgw.uzh.ch/person/gnd-118547798
person,E21_Person,gnd-11854893X,https://hwgw.uzh.ch/person/gnd-11854893X
person,E21_Person,gnd-118549065,https://hwgw.uzh.ch/person/gnd-118549065
person,E21_Person,gnd-11854943X,https://hwgw.uzh.ch/person/gnd-11854943X
person,E21_Person,gnd-118549553,https://hwgw.uzh.ch/person/gnd-118549553
person,E21_Person,gnd-118550071,https://hwgw.uzh.ch/person/gnd-118550071
person,E21_Person,gnd-118550365,https://hwgw.uzh.ch/person/gnd-118550365
person,E21_Person,gnd-11855042X,https://hwgw.uzh.ch/person/gnd-11855042X
person,E21_Person,gnd-118550772,https://hwgw.uzh.ch/person/gnd-118550772
person,E21_Person,gnd-118550934,https://hwgw.uzh.ch/person/gnd-118550934
person,E21_Person,gnd-118551655,https://hwgw.uzh.ch/person/gnd-118551655
person,E21_Person,gnd-118551817,https://hwgw.uzh.ch/person/gnd-118551817
person,E21_Person,gnd-118551981,https://hwgw.uzh.ch/person/gnd-118551981
person,E21_Person,gnd-118552341,https://hwgw.uzh.ch/person/gnd-118552341
person,E21_Person,gnd-118552708,https://hwgw.uzh.ch/person/gnd-118552708
person,E21_Person,gnd-118552759,https://hwgw.uzh.ch/person/gnd-118552759
person,E21_Person,gnd-118552945,https://hwgw.uzh.ch/person/gnd-118552945
person,E21_Person,gnd-118552953,https://hwgw.uzh.ch/person/gnd-118552953
person,E21_Person,gnd-118553070,https://hwgw.uzh.ch/person/gnd-118553070
person,E21_Person,gnd-118553313,https://hwgw.uzh.ch/person/gnd-118553313
person,E21_Person,gnd-11855333X,https://hwgw.uzh.ch/person/gnd-11855333X
person,E21_Person,gnd-118553569,https://hwgw.uzh.ch/person/gnd-118553569
person,E21_Person,gnd-118554115,https://hwgw.uzh.ch/person/gnd-118554115
person,E21_Person,gnd-118554190,https://hwgw.uzh.ch/person/gnd-118554190
person,E21_Person,gnd-118554336,https://hwgw.uzh.ch/person/gnd-118554336
person,E21_Person,gnd-118554654,https://hwgw.uzh.ch/person/gnd-118554654
person,E21_Person,gnd-118554700,https://hwgw.uzh.ch/person/gnd-118554700
person,E21_Person,gnd-118554727,https://hwgw.uzh.ch/person/gnd-118554727
person,E21_Person,gnd-118555006,https://hwgw.uzh.ch/person/gnd-118555006
person,E21_Person,gnd-118555359,https://hwgw.uzh.ch/person/gnd-118555359
person,E21_Person,gnd-11855591X,https://hwgw.uzh.ch/person/gnd-11855591X
person,E21_Person,gnd-118555952,https://hwgw.uzh.ch/person/gnd-118555952
person,E21_Person,gnd-118556126,https://hwgw.uzh.ch/person/gnd-118556126
person,E21_Person,gnd-118556312,https://hwgw.uzh.ch/person/gnd-118556312
person,E21_Person,gnd-118556703,https://hwgw.uzh.ch/person/gnd-118556703
person,E21_Person,gnd-118556851,https://hwgw.uzh.ch/person/gnd-118556851
person,E21_Person,gnd-11855686X,https://hwgw.uzh.ch/person/gnd-11855686X
person,E21_Person,gnd-118557882,https://hwgw.uzh.ch/person/gnd-118557882
person,E21_Person,gnd-118557912,https://hwgw.uzh.ch/person/gnd-118557912
person,E21_Person,gnd-118559737,https://hwgw.uzh.ch/person/gnd-118559737
person,E21_Person,gnd-118559796,https://hwgw.uzh.ch/person/gnd-118559796
person,E21_Person,gnd-118560093,https://hwgw.uzh.ch/person/gnd-118560093
person,E21_Person,gnd-118560166,https://hwgw.uzh.ch/person/gnd-118560166
person,E21_Person,gnd-118560565,https://hwgw.uzh.ch/person/gnd-118560565
person,E21_Person,gnd-118560751,https://hwgw.uzh.ch/person/gnd-118560751
person,E21_Person,gnd-118560883,https://hwgw.uzh.ch/person/gnd-118560883
person,E21_Person,gnd-118561057,https://hwgw.uzh.ch/person/gnd-118561057
person,E21_Person,gnd-11856109X,https://hwgw.uzh.ch/person/gnd-11856109X
person,E21_Person,gnd-11856224X,https://hwgw.uzh.ch/person/gnd-11856224X
person,E21_Person,gnd-11856269X,https://hwgw.uzh.ch/person/gnd-11856269X
person,E21_Person,gnd-118563211,https://hwgw.uzh.ch/person/gnd-118563211
person,E21_Person,gnd-118563335,https://hwgw.uzh.ch/person/gnd-118563335
person,E21_Person,gnd-118563386,https://hwgw.uzh.ch/person/gnd-118563386
person,E21_Person,gnd-118563599,https://hwgw.uzh.ch/person/gnd-118563599
person,E21_Person,gnd-118563890,https://hwgw.uzh.ch/person/gnd-118563890
person,E21_Person,gnd-118564781,https://hwgw.uzh.ch/person/gnd-118564781
person,E21_Person,gnd-118565273,https://hwgw.uzh.ch/person/gnd-118565273
person,E21_Person,gnd-118567780,https://hwgw.uzh.ch/person/gnd-118567780
person,E21_Person,gnd-118567993,https://hwgw.uzh.ch/person/gnd-118567993
person,E21_Person,gnd-11856871X,https://hwgw.uzh.ch/person/gnd-11856871X
person,E21_Person,gnd-118569333,https://hwgw.uzh.ch/person/gnd-118569333
person,E21_Person,gnd-118570293,https://hwgw.uzh.ch/person/gnd-118570293
person,E21_Person,gnd-118571249,https://hwgw.uzh.ch/person/gnd-118571249
person,E21_Person,gnd-118571311,https://hwgw.uzh.ch/person/gnd-118571311
person,E21_Person,gnd-118571834,https://hwgw.uzh.ch/person/gnd-118571834
person,E21_Person,gnd-118572121,https://hwgw.uzh.ch/person/gnd-118572121
person,E21_Person,gnd-118572652,https://hwgw.uzh.ch/person/gnd-118572652
person,E21_Person,gnd-118572695,https://hwgw.uzh.ch/person/gnd-118572695
person,E21_Person,gnd-118573527,https://hwgw.uzh.ch/person/gnd-118573527
person,E21_Person,gnd-118573624,https://hwgw.uzh.ch/person/gnd-118573624
person,E21_Person,gnd-118573748,https://hwgw.uzh.ch/person/gnd-118573748
person,E21_Person,gnd-118574078,https://hwgw.uzh.ch/person/gnd-118574078
person,E21_Person,gnd-118574213,https://hwgw.uzh.ch/person/gnd-118574213
person,E21_Person,gnd-118574418,https://hwgw.uzh.ch/person/gnd-118574418
person,E21_Person,gnd-118574450,https://hwgw.uzh.ch/person/gnd-118574450
person,E21_Person,gnd-118574574,https://hwgw.uzh.ch/person/gnd-118574574
person,E21_Person,gnd-118574701,https://hwgw.uzh.ch/person/gnd-118574701
person,E21_Person,gnd-118574884,https://hwgw.uzh.ch/person/gnd-118574884
person,E21_Person,gnd-118574949,https://hwgw.uzh.ch/person/gnd-118574949
person,E21_Person,gnd-118576682,https://hwgw.uzh.ch/person/gnd-118576682
person,E21_Person,gnd-118577166,https://hwgw.uzh.ch/person/gnd-118577166
person,E21_Person,gnd-118577336,https://hwgw.uzh.ch/person/gnd-118577336
person,E21_Person,gnd-118577379,https://hwgw.uzh.ch/person/gnd-118577379
person,E21_Person,gnd-118577662,https://hwgw.uzh.ch/person/gnd-118577662
person,E21_Person,gnd-11857776X,https://hwgw.uzh.ch/person/gnd-11857776X
person,E21_Person,gnd-118578073,https://hwgw.uzh.ch/person/gnd-118578073
person,E21_Person,gnd-118578618,https://hwgw.uzh.ch/person/gnd-118578618
person,E21_Person,gnd-118579029,https://hwgw.uzh.ch/person/gnd-118579029
person,E21_Person,gnd-118579320,https://hwgw.uzh.ch/person/gnd-118579320
person,E21_Person,gnd-118579355,https://hwgw.uzh.ch/person/gnd-118579355
person,E21_Person,gnd-118579371,https://hwgw.uzh.ch/person/gnd-118579371
person,E21_Person,gnd-118580337,https://hwgw.uzh.ch/person/gnd-118580337
person,E21_Person,gnd-118580388,https://hwgw.uzh.ch/person/gnd-118580388
person,E21_Person,gnd-11858040X,https://hwgw.uzh.ch/person/gnd-11858040X
person,E21_Person,gnd-118580485,https://hwgw.uzh.ch/person/gnd-118580485
person,E21_Person,gnd-118580647,https://hwgw.uzh.ch/person/gnd-118580647
person,E21_Person,gnd-118580914,https://hwgw.uzh.ch/person/gnd-118580914
person,E21_Person,gnd-118581007,https://hwgw.uzh.ch/person/gnd-118581007
person,E21_Person,gnd-118581899,https://hwgw.uzh.ch/person/gnd-118581899
person,E21_Person,gnd-118582054,https://hwgw.uzh.ch/person/gnd-118582054
person,E21_Person,gnd-118582143,https://hwgw.uzh.ch/person/gnd-118582143
person,E21_Person,gnd-118582186,https://hwgw.uzh.ch/person/gnd-118582186
person,E21_Person,gnd-118582461,https://hwgw.uzh.ch/person/gnd-118582461
person,E21_Person,gnd-118582550,https://hwgw.uzh.ch/person/gnd-118582550
person,E21_Person,gnd-118582607,https://hwgw.uzh.ch/person/gnd-118582607
person,E21_Person,gnd-11858314X,https://hwgw.uzh.ch/person/gnd-11858314X
person,E21_Person,gnd-118583425,https://hwgw.uzh.ch/person/gnd-118583425
person,E21_Person,gnd-118583573,https://hwgw.uzh.ch/person/gnd-118583573
person,E21_Person,gnd-118584162,https://hwgw.uzh.ch/person/gnd-118584162
person,E21_Person,gnd-118584596,https://hwgw.uzh.ch/person/gnd-118584596
person,E21_Person,gnd-118584871,https://hwgw.uzh.ch/person/gnd-118584871
person,E21_Person,gnd-118585045,https://hwgw.uzh.ch/person/gnd-118585045
person,E21_Person,gnd-118585053,https://hwgw.uzh.ch/person/gnd-118585053
person,E21_Person,gnd-118585568,https://hwgw.uzh.ch/person/gnd-118585568
person,E21_Person,gnd-118585800,https://hwgw.uzh.ch/person/gnd-118585800
person,E21_Person,gnd-118585967,https://hwgw.uzh.ch/person/gnd-118585967
person,E21_Person,gnd-118586416,https://hwgw.uzh.ch/person/gnd-118586416
person,E21_Person,gnd-118587269,https://hwgw.uzh.ch/person/gnd-118587269
person,E21_Person,gnd-118587668,https://hwgw.uzh.ch/person/gnd-118587668
person,E21_Person,gnd-118587943,https://hwgw.uzh.ch/person/gnd-118587943
person,E21_Person,gnd-118588842,https://hwgw.uzh.ch/person/gnd-118588842
person,E21_Person,gnd-118590111,https://hwgw.uzh.ch/person/gnd-118590111
person,E21_Person,gnd-118590278,https://hwgw.uzh.ch/person/gnd-118590278
person,E21_Person,gnd-118590995,https://hwgw.uzh.ch/person/gnd-118590995
person,E21_Person,gnd-118591355,https://hwgw.uzh.ch/person/gnd-118591355
person,E21_Person,gnd-118591568,https://hwgw.uzh.ch/person/gnd-118591568
person,E21_Person,gnd-118591975,https://hwgw.uzh.ch/person/gnd-118591975
person,E21_Person,gnd-118592068,https://hwgw.uzh.ch/person/gnd-118592068
person,E21_Person,gnd-118592246,https://hwgw.uzh.ch/person/gnd-118592246
person,E21_Person,gnd-118592343,https://hwgw.uzh.ch/person/gnd-118592343
person,E21_Person,gnd-118592602,https://hwgw.uzh.ch/person/gnd-118592602
person,E21_Person,gnd-118592661,https://hwgw.uzh.ch/person/gnd-118592661
person,E21_Person,gnd-118592815,https://hwgw.uzh.ch/person/gnd-118592815
person,E21_Person,gnd-118592912,https://hwgw.uzh.ch/person/gnd-118592912
person,E21_Person,gnd-118593730,https://hwgw.uzh.ch/person/gnd-118593730
person,E21_Person,gnd-118593765,https://hwgw.uzh.ch/person/gnd-118593765
person,E21_Person,gnd-118594001,https://hwgw.uzh.ch/person/gnd-118594001
person,E21_Person,gnd-118594117,https://hwgw.uzh.ch/person/gnd-118594117
person,E21_Person,gnd-118594575,https://hwgw.uzh.ch/person/gnd-118594575
person,E21_Person,gnd-118594605,https://hwgw.uzh.ch/person/gnd-118594605
person,E21_Person,gnd-118594702,https://hwgw.uzh.ch/person/gnd-118594702
person,E21_Person,gnd-118594893,https://hwgw.uzh.ch/person/gnd-118594893
person,E21_Person,gnd-118595083,https://hwgw.uzh.ch/person/gnd-118595083
person,E21_Person,gnd-118595164,https://hwgw.uzh.ch/person/gnd-118595164
person,E21_Person,gnd-118595237,https://hwgw.uzh.ch/person/gnd-118595237
person,E21_Person,gnd-118595512,https://hwgw.uzh.ch/person/gnd-118595512
person,E21_Person,gnd-118595741,https://hwgw.uzh.ch/person/gnd-118595741
person,E21_Person,gnd-118596047,https://hwgw.uzh.ch/person/gnd-118596047
person,E21_Person,gnd-118596225,https://hwgw.uzh.ch/person/gnd-118596225
person,E21_Person,gnd-118596764,https://hwgw.uzh.ch/person/gnd-118596764
person,E21_Person,gnd-118596772,https://hwgw.uzh.ch/person/gnd-118596772
person,E21_Person,gnd-11859687X,https://hwgw.uzh.ch/person/gnd-11859687X
person,E21_Person,gnd-118597248,https://hwgw.uzh.ch/person/gnd-118597248
person,E21_Person,gnd-118597256,https://hwgw.uzh.ch/person/gnd-118597256
person,E21_Person,gnd-118597396,https://hwgw.uzh.ch/person/gnd-118597396
person,E21_Person,gnd-118597442,https://hwgw.uzh.ch/person/gnd-118597442
person,E21_Person,gnd-118597787,https://hwgw.uzh.ch/person/gnd-118597787
person,E21_Person,gnd-118598279,https://hwgw.uzh.ch/person/gnd-118598279
person,E21_Person,gnd-118598406,https://hwgw.uzh.ch/person/gnd-118598406
person,E21_Person,gnd-11859964X,https://hwgw.uzh.ch/person/gnd-11859964X
person,E21_Person,gnd-118599712,https://hwgw.uzh.ch/person/gnd-118599712
person,E21_Person,gnd-118600346,https://hwgw.uzh.ch/person/gnd-118600346
person,E21_Person,gnd-118600486,https://hwgw.uzh.ch/person/gnd-118600486
person,E21_Person,gnd-118600818,https://hwgw.uzh.ch/person/gnd-118600818
person,E21_Person,gnd-118600850,https://hwgw.uzh.ch/person/gnd-118600850
person,E21_Person,gnd-118600877,https://hwgw.uzh.ch/person/gnd-118600877
person,E21_Person,gnd-118600885,https://hwgw.uzh.ch/person/gnd-118600885
person,E21_Person,gnd-118601024,https://hwgw.uzh.ch/person/gnd-118601024
person,E21_Person,gnd-118601318,https://hwgw.uzh.ch/person/gnd-118601318
person,E21_Person,gnd-118603345,https://hwgw.uzh.ch/person/gnd-118603345
person,E21_Person,gnd-118603426,https://hwgw.uzh.ch/person/gnd-118603426
person,E21_Person,gnd-11860354X,https://hwgw.uzh.ch/person/gnd-11860354X
person,E21_Person,gnd-118603701,https://hwgw.uzh.ch/person/gnd-118603701
person,E21_Person,gnd-118604090,https://hwgw.uzh.ch/person/gnd-118604090
person,E21_Person,gnd-118605348,https://hwgw.uzh.ch/person/gnd-118605348
person,E21_Person,gnd-118605747,https://hwgw.uzh.ch/person/gnd-118605747
person,E21_Person,gnd-118606042,https://hwgw.uzh.ch/person/gnd-118606042
person,E21_Person,gnd-118606522,https://hwgw.uzh.ch/person/gnd-118606522
person,E21_Person,gnd-118606964,https://hwgw.uzh.ch/person/gnd-118606964
person,E21_Person,gnd-118607057,https://hwgw.uzh.ch/person/gnd-118607057
person,E21_Person,gnd-118607200,https://hwgw.uzh.ch/person/gnd-118607200
person,E21_Person,gnd-118607626,https://hwgw.uzh.ch/person/gnd-118607626
person,E21_Person,gnd-118607782,https://hwgw.uzh.ch/person/gnd-118607782
person,E21_Person,gnd-118607960,https://hwgw.uzh.ch/person/gnd-118607960
person,E21_Person,gnd-118607987,https://hwgw.uzh.ch/person/gnd-118607987
person,E21_Person,gnd-118607995,https://hwgw.uzh.ch/person/gnd-118607995
person,E21_Person,gnd-118608045,https://hwgw.uzh.ch/person/gnd-118608045
person,E21_Person,gnd-118608746,https://hwgw.uzh.ch/person/gnd-118608746
person,E21_Person,gnd-118609378,https://hwgw.uzh.ch/person/gnd-118609378
person,E21_Person,gnd-118610430,https://hwgw.uzh.ch/person/gnd-118610430
person,E21_Person,gnd-118610465,https://hwgw.uzh.ch/person/gnd-118610465
person,E21_Person,gnd-118612409,https://hwgw.uzh.ch/person/gnd-118612409
person,E21_Person,gnd-118613154,https://hwgw.uzh.ch/person/gnd-118613154
person,E21_Person,gnd-118613200,https://hwgw.uzh.ch/person/gnd-118613200
person,E21_Person,gnd-118613693,https://hwgw.uzh.ch/person/gnd-118613693
person,E21_Person,gnd-118613723,https://hwgw.uzh.ch/person/gnd-118613723
person,E21_Person,gnd-118614185,https://hwgw.uzh.ch/person/gnd-118614185
person,E21_Person,gnd-118614436,https://hwgw.uzh.ch/person/gnd-118614436
person,E21_Person,gnd-118615270,https://hwgw.uzh.ch/person/gnd-118615270
person,E21_Person,gnd-118615688,https://hwgw.uzh.ch/person/gnd-118615688
person,E21_Person,gnd-118615904,https://hwgw.uzh.ch/person/gnd-118615904
person,E21_Person,gnd-118616080,https://hwgw.uzh.ch/person/gnd-118616080
person,E21_Person,gnd-118616110,https://hwgw.uzh.ch/person/gnd-118616110
person,E21_Person,gnd-118616242,https://hwgw.uzh.ch/person/gnd-118616242
person,E21_Person,gnd-118616277,https://hwgw.uzh.ch/person/gnd-118616277
person,E21_Person,gnd-118617222,https://hwgw.uzh.ch/person/gnd-118617222
person,E21_Person,gnd-118617648,https://hwgw.uzh.ch/person/gnd-118617648
person,E21_Person,gnd-118618156,https://hwgw.uzh.ch/person/gnd-118618156
person,E21_Person,gnd-118618768,https://hwgw.uzh.ch/person/gnd-118618768
person,E21_Person,gnd-11861908X,https://hwgw.uzh.ch/person/gnd-11861908X
person,E21_Person,gnd-118619861,https://hwgw.uzh.ch/person/gnd-118619861
person,E21_Person,gnd-118619926,https://hwgw.uzh.ch/person/gnd-118619926
person,E21_Person,gnd-118620452,https://hwgw.uzh.ch/person/gnd-118620452
person,E21_Person,gnd-118620495,https://hwgw.uzh.ch/person/gnd-118620495
person,E21_Person,gnd-11862055X,https://hwgw.uzh.ch/person/gnd-11862055X
person,E21_Person,gnd-118620916,https://hwgw.uzh.ch/person/gnd-118620916
person,E21_Person,gnd-118621335,https://hwgw.uzh.ch/person/gnd-118621335
person,E21_Person,gnd-118621769,https://hwgw.uzh.ch/person/gnd-118621769
person,E21_Person,gnd-118622005,https://hwgw.uzh.ch/person/gnd-118622005
person,E21_Person,gnd-118622064,https://hwgw.uzh.ch/person/gnd-118622064
person,E21_Person,gnd-118622277,https://hwgw.uzh.ch/person/gnd-118622277
person,E21_Person,gnd-118622315,https://hwgw.uzh.ch/person/gnd-118622315
person,E21_Person,gnd-11862251X,https://hwgw.uzh.ch/person/gnd-11862251X
person,E21_Person,gnd-118622625,https://hwgw.uzh.ch/person/gnd-118622625
person,E21_Person,gnd-118622854,https://hwgw.uzh.ch/person/gnd-118622854
person,E21_Person,gnd-118622994,https://hwgw.uzh.ch/person/gnd-118622994
person,E21_Person,gnd-118623761,https://hwgw.uzh.ch/person/gnd-118623761
person,E21_Person,gnd-11862380X,https://hwgw.uzh.ch/person/gnd-11862380X
person,E21_Person,gnd-118624024,https://hwgw.uzh.ch/person/gnd-118624024
person,E21_Person,gnd-118624377,https://hwgw.uzh.ch/person/gnd-118624377
person,E21_Person,gnd-118625063,https://hwgw.uzh.ch/person/gnd-118625063
person,E21_Person,gnd-118625756,https://hwgw.uzh.ch/person/gnd-118625756
person,E21_Person,gnd-118625985,https://hwgw.uzh.ch/person/gnd-118625985
person,E21_Person,gnd-118626213,https://hwgw.uzh.ch/person/gnd-118626213
person,E21_Person,gnd-118626426,https://hwgw.uzh.ch/person/gnd-118626426
person,E21_Person,gnd-118626574,https://hwgw.uzh.ch/person/gnd-118626574
person,E21_Person,gnd-118626647,https://hwgw.uzh.ch/person/gnd-118626647
person,E21_Person,gnd-118626876,https://hwgw.uzh.ch/person/gnd-118626876
person,E21_Person,gnd-118627198,https://hwgw.uzh.ch/person/gnd-118627198
person,E21_Person,gnd-11862721X,https://hwgw.uzh.ch/person/gnd-11862721X
person,E21_Person,gnd-118627252,https://hwgw.uzh.ch/person/gnd-118627252
person,E21_Person,gnd-118627724,https://hwgw.uzh.ch/person/gnd-118627724
person,E21_Person,gnd-118627813,https://hwgw.uzh.ch/person/gnd-118627813
person,E21_Person,gnd-118627910,https://hwgw.uzh.ch/person/gnd-118627910
person,E21_Person,gnd-118628038,https://hwgw.uzh.ch/person/gnd-118628038
person,E21_Person,gnd-118628097,https://hwgw.uzh.ch/person/gnd-118628097
person,E21_Person,gnd-118628860,https://hwgw.uzh.ch/person/gnd-118628860
person,E21_Person,gnd-11862914X,https://hwgw.uzh.ch/person/gnd-11862914X
person,E21_Person,gnd-118629433,https://hwgw.uzh.ch/person/gnd-118629433
person,E21_Person,gnd-118629492,https://hwgw.uzh.ch/person/gnd-118629492
person,E21_Person,gnd-118630563,https://hwgw.uzh.ch/person/gnd-118630563
person,E21_Person,gnd-118630903,https://hwgw.uzh.ch/person/gnd-118630903
person,E21_Person,gnd-118632477,https://hwgw.uzh.ch/person/gnd-118632477
person,E21_Person,gnd-118632884,https://hwgw.uzh.ch/person/gnd-118632884
person,E21_Person,gnd-118633600,https://hwgw.uzh.ch/person/gnd-118633600
person,E21_Person,gnd-118633635,https://hwgw.uzh.ch/person/gnd-118633635
person,E21_Person,gnd-118634496,https://hwgw.uzh.ch/person/gnd-118634496
person,E21_Person,gnd-118634771,https://hwgw.uzh.ch/person/gnd-118634771
person,E21_Person,gnd-118635212,https://hwgw.uzh.ch/person/gnd-118635212
person,E21_Person,gnd-11863562X,https://hwgw.uzh.ch/person/gnd-11863562X
person,E21_Person,gnd-118635964,https://hwgw.uzh.ch/person/gnd-118635964
person,E21_Person,gnd-118636383,https://hwgw.uzh.ch/person/gnd-118636383
person,E21_Person,gnd-118636979,https://hwgw.uzh.ch/person/gnd-118636979
person,E21_Person,gnd-118637002,https://hwgw.uzh.ch/person/gnd-118637002
person,E21_Person,gnd-118637223,https://hwgw.uzh.ch/person/gnd-118637223
person,E21_Person,gnd-118637479,https://hwgw.uzh.ch/person/gnd-118637479
person,E21_Person,gnd-118638394,https://hwgw.uzh.ch/person/gnd-118638394
person,E21_Person,gnd-118638521,https://hwgw.uzh.ch/person/gnd-118638521
person,E21_Person,gnd-118638599,https://hwgw.uzh.ch/person/gnd-118638599
person,E21_Person,gnd-118638688,https://hwgw.uzh.ch/person/gnd-118638688
person,E21_Person,gnd-118638696,https://hwgw.uzh.ch/person/gnd-118638696
person,E21_Person,gnd-118638831,https://hwgw.uzh.ch/person/gnd-118638831
person,E21_Person,gnd-118638955,https://hwgw.uzh.ch/person/gnd-118638955
person,E21_Person,gnd-118639056,https://hwgw.uzh.ch/person/gnd-118639056
person,E21_Person,gnd-118639242,https://hwgw.uzh.ch/person/gnd-118639242
person,E21_Person,gnd-118640437,https://hwgw.uzh.ch/person/gnd-118640437
person,E21_Person,gnd-118640445,https://hwgw.uzh.ch/person/gnd-118640445
person,E21_Person,gnd-118641158,https://hwgw.uzh.ch/person/gnd-118641158
person,E21_Person,gnd-118641301,https://hwgw.uzh.ch/person/gnd-118641301
person,E21_Person,gnd-118641425,https://hwgw.uzh.ch/person/gnd-118641425
person,E21_Person,gnd-118643096,https://hwgw.uzh.ch/person/gnd-118643096
person,E21_Person,gnd-118644599,https://hwgw.uzh.ch/person/gnd-118644599
person,E21_Person,gnd-118645021,https://hwgw.uzh.ch/person/gnd-118645021
person,E21_Person,gnd-118645927,https://hwgw.uzh.ch/person/gnd-118645927
person,E21_Person,gnd-11864601X,https://hwgw.uzh.ch/person/gnd-11864601X
person,E21_Person,gnd-118647180,https://hwgw.uzh.ch/person/gnd-118647180
person,E21_Person,gnd-118647733,https://hwgw.uzh.ch/person/gnd-118647733
person,E21_Person,gnd-118649035,https://hwgw.uzh.ch/person/gnd-118649035
person,E21_Person,gnd-118650130,https://hwgw.uzh.ch/person/gnd-118650130
person,E21_Person,gnd-118651218,https://hwgw.uzh.ch/person/gnd-118651218
person,E21_Person,gnd-118652702,https://hwgw.uzh.ch/person/gnd-118652702
person,E21_Person,gnd-118653377,https://hwgw.uzh.ch/person/gnd-118653377
person,E21_Person,gnd-118653830,https://hwgw.uzh.ch/person/gnd-118653830
person,E21_Person,gnd-118654438,https://hwgw.uzh.ch/person/gnd-118654438
person,E21_Person,gnd-118655183,https://hwgw.uzh.ch/person/gnd-118655183
person,E21_Person,gnd-118656759,https://hwgw.uzh.ch/person/gnd-118656759
person,E21_Person,gnd-118657100,https://hwgw.uzh.ch/person/gnd-118657100
person,E21_Person,gnd-118657917,https://hwgw.uzh.ch/person/gnd-118657917
person,E21_Person,gnd-118658336,https://hwgw.uzh.ch/person/gnd-118658336
person,E21_Person,gnd-118658344,https://hwgw.uzh.ch/person/gnd-118658344
person,E21_Person,gnd-118659472,https://hwgw.uzh.ch/person/gnd-118659472
person,E21_Person,gnd-118659561,https://hwgw.uzh.ch/person/gnd-118659561
person,E21_Person,gnd-118660233,https://hwgw.uzh.ch/person/gnd-118660233
person,E21_Person,gnd-118660551,https://hwgw.uzh.ch/person/gnd-118660551
person,E21_Person,gnd-11866106X,https://hwgw.uzh.ch/person/gnd-11866106X
person,E21_Person,gnd-118661078,https://hwgw.uzh.ch/person/gnd-118661078
person,E21_Person,gnd-118662244,https://hwgw.uzh.ch/person/gnd-118662244
person,E21_Person,gnd-118664123,https://hwgw.uzh.ch/person/gnd-118664123
person,E21_Person,gnd-118665200,https://hwgw.uzh.ch/person/gnd-118665200
person,E21_Person,gnd-118668021,https://hwgw.uzh.ch/person/gnd-118668021
person,E21_Person,gnd-118668463,https://hwgw.uzh.ch/person/gnd-118668463
person,E21_Person,gnd-118668498,https://hwgw.uzh.ch/person/gnd-118668498
person,E21_Person,gnd-118668536,https://hwgw.uzh.ch/person/gnd-118668536
person,E21_Person,gnd-118668544,https://hwgw.uzh.ch/person/gnd-118668544
person,E21_Person,gnd-118669478,https://hwgw.uzh.ch/person/gnd-118669478
person,E21_Person,gnd-118669818,https://hwgw.uzh.ch/person/gnd-118669818
person,E21_Person,gnd-118670999,https://hwgw.uzh.ch/person/gnd-118670999
person,E21_Person,gnd-11867109X,https://hwgw.uzh.ch/person/gnd-11867109X
person,E21_Person,gnd-118671499,https://hwgw.uzh.ch/person/gnd-118671499
person,E21_Person,gnd-118671863,https://hwgw.uzh.ch/person/gnd-118671863
person,E21_Person,gnd-118672312,https://hwgw.uzh.ch/person/gnd-118672312
person,E21_Person,gnd-118672541,https://hwgw.uzh.ch/person/gnd-118672541
person,E21_Person,gnd-118672797,https://hwgw.uzh.ch/person/gnd-118672797
person,E21_Person,gnd-118674048,https://hwgw.uzh.ch/person/gnd-118674048
person,E21_Person,gnd-118674129,https://hwgw.uzh.ch/person/gnd-118674129
person,E21_Person,gnd-118674315,https://hwgw.uzh.ch/person/gnd-118674315
person,E21_Person,gnd-118674935,https://hwgw.uzh.ch/person/gnd-118674935
person,E21_Person,gnd-118675508,https://hwgw.uzh.ch/person/gnd-118675508
person,E21_Person,gnd-118676717,https://hwgw.uzh.ch/person/gnd-118676717
person,E21_Person,gnd-118676903,https://hwgw.uzh.ch/person/gnd-118676903
person,E21_Person,gnd-11867692X,https://hwgw.uzh.ch/person/gnd-11867692X
person,E21_Person,gnd-118677071,https://hwgw.uzh.ch/person/gnd-118677071
person,E21_Person,gnd-118677330,https://hwgw.uzh.ch/person/gnd-118677330
person,E21_Person,gnd-11867790X,https://hwgw.uzh.ch/person/gnd-11867790X
person,E21_Person,gnd-118678930,https://hwgw.uzh.ch/person/gnd-118678930
person,E21_Person,gnd-11867935X,https://hwgw.uzh.ch/person/gnd-11867935X
person,E21_Person,gnd-118679376,https://hwgw.uzh.ch/person/gnd-118679376
person,E21_Person,gnd-118681311,https://hwgw.uzh.ch/person/gnd-118681311
person,E21_Person,gnd-118682334,https://hwgw.uzh.ch/person/gnd-118682334
person,E21_Person,gnd-118682571,https://hwgw.uzh.ch/person/gnd-118682571
person,E21_Person,gnd-118683500,https://hwgw.uzh.ch/person/gnd-118683500
person,E21_Person,gnd-118683551,https://hwgw.uzh.ch/person/gnd-118683551
person,E21_Person,gnd-11868390X,https://hwgw.uzh.ch/person/gnd-11868390X
person,E21_Person,gnd-118684086,https://hwgw.uzh.ch/person/gnd-118684086
person,E21_Person,gnd-118684175,https://hwgw.uzh.ch/person/gnd-118684175
person,E21_Person,gnd-118685139,https://hwgw.uzh.ch/person/gnd-118685139
person,E21_Person,gnd-118685147,https://hwgw.uzh.ch/person/gnd-118685147
person,E21_Person,gnd-118685414,https://hwgw.uzh.ch/person/gnd-118685414
person,E21_Person,gnd-118685899,https://hwgw.uzh.ch/person/gnd-118685899
person,E21_Person,gnd-118686151,https://hwgw.uzh.ch/person/gnd-118686151
person,E21_Person,gnd-118687387,https://hwgw.uzh.ch/person/gnd-118687387
person,E21_Person,gnd-118689746,https://hwgw.uzh.ch/person/gnd-118689746
person,E21_Person,gnd-118690957,https://hwgw.uzh.ch/person/gnd-118690957
person,E21_Person,gnd-118692437,https://hwgw.uzh.ch/person/gnd-118692437
person,E21_Person,gnd-118693220,https://hwgw.uzh.ch/person/gnd-118693220
person,E21_Person,gnd-118693441,https://hwgw.uzh.ch/person/gnd-118693441
person,E21_Person,gnd-118693840,https://hwgw.uzh.ch/person/gnd-118693840
person,E21_Person,gnd-118694413,https://hwgw.uzh.ch/person/gnd-118694413
person,E21_Person,gnd-118695630,https://hwgw.uzh.ch/person/gnd-118695630
person,E21_Person,gnd-118695908,https://hwgw.uzh.ch/person/gnd-118695908
person,E21_Person,gnd-118696211,https://hwgw.uzh.ch/person/gnd-118696211
person,E21_Person,gnd-118696602,https://hwgw.uzh.ch/person/gnd-118696602
person,E21_Person,gnd-118696831,https://hwgw.uzh.ch/person/gnd-118696831
person,E21_Person,gnd-11869703X,https://hwgw.uzh.ch/person/gnd-11869703X
person,E21_Person,gnd-118697064,https://hwgw.uzh.ch/person/gnd-118697064
person,E21_Person,gnd-118697609,https://hwgw.uzh.ch/person/gnd-118697609
person,E21_Person,gnd-118697765,https://hwgw.uzh.ch/person/gnd-118697765
person,E21_Person,gnd-118697773,https://hwgw.uzh.ch/person/gnd-118697773
person,E21_Person,gnd-118698753,https://hwgw.uzh.ch/person/gnd-118698753
person,E21_Person,gnd-118698761,https://hwgw.uzh.ch/person/gnd-118698761
person,E21_Person,gnd-118698923,https://hwgw.uzh.ch/person/gnd-118698923
person,E21_Person,gnd-118699598,https://hwgw.uzh.ch/person/gnd-118699598
person,E21_Person,gnd-118700421,https://hwgw.uzh.ch/person/gnd-118700421
person,E21_Person,gnd-118703382,https://hwgw.uzh.ch/person/gnd-118703382
person,E21_Person,gnd-118704281,https://hwgw.uzh.ch/person/gnd-118704281
person,E21_Person,gnd-118704370,https://hwgw.uzh.ch/person/gnd-118704370
person,E21_Person,gnd-118704613,https://hwgw.uzh.ch/person/gnd-118704613
person,E21_Person,gnd-118706187,https://hwgw.uzh.ch/person/gnd-118706187
person,E21_Person,gnd-118710036,https://hwgw.uzh.ch/person/gnd-118710036
person,E21_Person,gnd-118710605,https://hwgw.uzh.ch/person/gnd-118710605
person,E21_Person,gnd-118711350,https://hwgw.uzh.ch/person/gnd-118711350
person,E21_Person,gnd-118714090,https://hwgw.uzh.ch/person/gnd-118714090
person,E21_Person,gnd-118714325,https://hwgw.uzh.ch/person/gnd-118714325
person,E21_Person,gnd-118715372,https://hwgw.uzh.ch/person/gnd-118715372
person,E21_Person,gnd-118716077,https://hwgw.uzh.ch/person/gnd-118716077
person,E21_Person,gnd-118716816,https://hwgw.uzh.ch/person/gnd-118716816
person,E21_Person,gnd-118716840,https://hwgw.uzh.ch/person/gnd-118716840
person,E21_Person,gnd-118716891,https://hwgw.uzh.ch/person/gnd-118716891
person,E21_Person,gnd-118717162,https://hwgw.uzh.ch/person/gnd-118717162
person,E21_Person,gnd-118717227,https://hwgw.uzh.ch/person/gnd-118717227
person,E21_Person,gnd-118717367,https://hwgw.uzh.ch/person/gnd-118717367
person,E21_Person,gnd-118717758,https://hwgw.uzh.ch/person/gnd-118717758
person,E21_Person,gnd-118717782,https://hwgw.uzh.ch/person/gnd-118717782
person,E21_Person,gnd-11871788X,https://hwgw.uzh.ch/person/gnd-11871788X
person,E21_Person,gnd-118717995,https://hwgw.uzh.ch/person/gnd-118717995
person,E21_Person,gnd-118718525,https://hwgw.uzh.ch/person/gnd-118718525
person,E21_Person,gnd-118718762,https://hwgw.uzh.ch/person/gnd-118718762
person,E21_Person,gnd-118718789,https://hwgw.uzh.ch/person/gnd-118718789
person,E21_Person,gnd-118719297,https://hwgw.uzh.ch/person/gnd-118719297
person,E21_Person,gnd-118720317,https://hwgw.uzh.ch/person/gnd-118720317
person,E21_Person,gnd-118720856,https://hwgw.uzh.ch/person/gnd-118720856
person,E21_Person,gnd-118721224,https://hwgw.uzh.ch/person/gnd-118721224
person,E21_Person,gnd-118722158,https://hwgw.uzh.ch/person/gnd-118722158
person,E21_Person,gnd-118722778,https://hwgw.uzh.ch/person/gnd-118722778
person,E21_Person,gnd-118723499,https://hwgw.uzh.ch/person/gnd-118723499
person,E21_Person,gnd-118723510,https://hwgw.uzh.ch/person/gnd-118723510
person,E21_Person,gnd-118724010,https://hwgw.uzh.ch/person/gnd-118724010
person,E21_Person,gnd-11872634X,https://hwgw.uzh.ch/person/gnd-11872634X
person,E21_Person,gnd-118728539,https://hwgw.uzh.ch/person/gnd-118728539
person,E21_Person,gnd-118728679,https://hwgw.uzh.ch/person/gnd-118728679
person,E21_Person,gnd-118729314,https://hwgw.uzh.ch/person/gnd-118729314
person,E21_Person,gnd-11873069X,https://hwgw.uzh.ch/person/gnd-11873069X
person,E21_Person,gnd-118730983,https://hwgw.uzh.ch/person/gnd-118730983
person,E21_Person,gnd-118731610,https://hwgw.uzh.ch/person/gnd-118731610
person,E21_Person,gnd-118731890,https://hwgw.uzh.ch/person/gnd-118731890
person,E21_Person,gnd-118732773,https://hwgw.uzh.ch/person/gnd-118732773
person,E21_Person,gnd-118733141,https://hwgw.uzh.ch/person/gnd-118733141
person,E21_Person,gnd-118734911,https://hwgw.uzh.ch/person/gnd-118734911
person,E21_Person,gnd-118735225,https://hwgw.uzh.ch/person/gnd-118735225
person,E21_Person,gnd-11873685X,https://hwgw.uzh.ch/person/gnd-11873685X
person,E21_Person,gnd-118736876,https://hwgw.uzh.ch/person/gnd-118736876
person,E21_Person,gnd-118737066,https://hwgw.uzh.ch/person/gnd-118737066
person,E21_Person,gnd-118737805,https://hwgw.uzh.ch/person/gnd-118737805
person,E21_Person,gnd-118737945,https://hwgw.uzh.ch/person/gnd-118737945
person,E21_Person,gnd-118738968,https://hwgw.uzh.ch/person/gnd-118738968
person,E21_Person,gnd-118739549,https://hwgw.uzh.ch/person/gnd-118739549
person,E21_Person,gnd-118739603,https://hwgw.uzh.ch/person/gnd-118739603
person,E21_Person,gnd-118740091,https://hwgw.uzh.ch/person/gnd-118740091
person,E21_Person,gnd-118740652,https://hwgw.uzh.ch/person/gnd-118740652
person,E21_Person,gnd-11874111X,https://hwgw.uzh.ch/person/gnd-11874111X
person,E21_Person,gnd-118741292,https://hwgw.uzh.ch/person/gnd-118741292
person,E21_Person,gnd-118741691,https://hwgw.uzh.ch/person/gnd-118741691
person,E21_Person,gnd-118742752,https://hwgw.uzh.ch/person/gnd-118742752
person,E21_Person,gnd-118742930,https://hwgw.uzh.ch/person/gnd-118742930
person,E21_Person,gnd-118743171,https://hwgw.uzh.ch/person/gnd-118743171
person,E21_Person,gnd-118743368,https://hwgw.uzh.ch/person/gnd-118743368
person,E21_Person,gnd-118744305,https://hwgw.uzh.ch/person/gnd-118744305
person,E21_Person,gnd-118744364,https://hwgw.uzh.ch/person/gnd-118744364
person,E21_Person,gnd-118744615,https://hwgw.uzh.ch/person/gnd-118744615
person,E21_Person,gnd-118746324,https://hwgw.uzh.ch/person/gnd-118746324
person,E21_Person,gnd-118748173,https://hwgw.uzh.ch/person/gnd-118748173
person,E21_Person,gnd-11874836X,https://hwgw.uzh.ch/person/gnd-11874836X
person,E21_Person,gnd-118748394,https://hwgw.uzh.ch/person/gnd-118748394
person,E21_Person,gnd-118749218,https://hwgw.uzh.ch/person/gnd-118749218
person,E21_Person,gnd-118751034,https://hwgw.uzh.ch/person/gnd-118751034
person,E21_Person,gnd-118751611,https://hwgw.uzh.ch/person/gnd-118751611
person,E21_Person,gnd-11875257X,https://hwgw.uzh.ch/person/gnd-11875257X
person,E21_Person,gnd-118752588,https://hwgw.uzh.ch/person/gnd-118752588
person,E21_Person,gnd-11875288X,https://hwgw.uzh.ch/person/gnd-11875288X
person,E21_Person,gnd-118754211,https://hwgw.uzh.ch/person/gnd-118754211
person,E21_Person,gnd-118754599,https://hwgw.uzh.ch/person/gnd-118754599
person,E21_Person,gnd-118754815,https://hwgw.uzh.ch/person/gnd-118754815
person,E21_Person,gnd-118754971,https://hwgw.uzh.ch/person/gnd-118754971
person,E21_Person,gnd-118755544,https://hwgw.uzh.ch/person/gnd-118755544
person,E21_Person,gnd-118755552,https://hwgw.uzh.ch/person/gnd-118755552
person,E21_Person,gnd-118755951,https://hwgw.uzh.ch/person/gnd-118755951
person,E21_Person,gnd-11875596X,https://hwgw.uzh.ch/person/gnd-11875596X
person,E21_Person,gnd-118758071,https://hwgw.uzh.ch/person/gnd-118758071
person,E21_Person,gnd-11875811X,https://hwgw.uzh.ch/person/gnd-11875811X
person,E21_Person,gnd-118761412,https://hwgw.uzh.ch/person/gnd-118761412
person,E21_Person,gnd-118763202,https://hwgw.uzh.ch/person/gnd-118763202
person,E21_Person,gnd-118763350,https://hwgw.uzh.ch/person/gnd-118763350
person,E21_Person,gnd-11876425X,https://hwgw.uzh.ch/person/gnd-11876425X
person,E21_Person,gnd-118764608,https://hwgw.uzh.ch/person/gnd-118764608
person,E21_Person,gnd-118765361,https://hwgw.uzh.ch/person/gnd-118765361
person,E21_Person,gnd-118765671,https://hwgw.uzh.ch/person/gnd-118765671
person,E21_Person,gnd-118765817,https://hwgw.uzh.ch/person/gnd-118765817
person,E21_Person,gnd-118766341,https://hwgw.uzh.ch/person/gnd-118766341
person,E21_Person,gnd-118766759,https://hwgw.uzh.ch/person/gnd-118766759
person,E21_Person,gnd-118768158,https://hwgw.uzh.ch/person/gnd-118768158
person,E21_Person,gnd-118768484,https://hwgw.uzh.ch/person/gnd-118768484
person,E21_Person,gnd-118768654,https://hwgw.uzh.ch/person/gnd-118768654
person,E21_Person,gnd-118768662,https://hwgw.uzh.ch/person/gnd-118768662
person,E21_Person,gnd-118768840,https://hwgw.uzh.ch/person/gnd-118768840
person,E21_Person,gnd-118769189,https://hwgw.uzh.ch/person/gnd-118769189
person,E21_Person,gnd-118769340,https://hwgw.uzh.ch/person/gnd-118769340
person,E21_Person,gnd-118769677,https://hwgw.uzh.ch/person/gnd-118769677
person,E21_Person,gnd-118770411,https://hwgw.uzh.ch/person/gnd-118770411
person,E21_Person,gnd-118771175,https://hwgw.uzh.ch/person/gnd-118771175
person,E21_Person,gnd-11877171X,https://hwgw.uzh.ch/person/gnd-11877171X
person,E21_Person,gnd-118773232,https://hwgw.uzh.ch/person/gnd-118773232
person,E21_Person,gnd-118773593,https://hwgw.uzh.ch/person/gnd-118773593
person,E21_Person,gnd-118774077,https://hwgw.uzh.ch/person/gnd-118774077
person,E21_Person,gnd-118774328,https://hwgw.uzh.ch/person/gnd-118774328
person,E21_Person,gnd-118775367,https://hwgw.uzh.ch/person/gnd-118775367
person,E21_Person,gnd-118775960,https://hwgw.uzh.ch/person/gnd-118775960
person,E21_Person,gnd-118776533,https://hwgw.uzh.ch/person/gnd-118776533
person,E21_Person,gnd-118776908,https://hwgw.uzh.ch/person/gnd-118776908
person,E21_Person,gnd-11877820X,https://hwgw.uzh.ch/person/gnd-11877820X
person,E21_Person,gnd-118778366,https://hwgw.uzh.ch/person/gnd-118778366
person,E21_Person,gnd-118779532,https://hwgw.uzh.ch/person/gnd-118779532
person,E21_Person,gnd-118779966,https://hwgw.uzh.ch/person/gnd-118779966
person,E21_Person,gnd-118780123,https://hwgw.uzh.ch/person/gnd-118780123
person,E21_Person,gnd-118780417,https://hwgw.uzh.ch/person/gnd-118780417
person,E21_Person,gnd-118780530,https://hwgw.uzh.ch/person/gnd-118780530
person,E21_Person,gnd-118781154,https://hwgw.uzh.ch/person/gnd-118781154
person,E21_Person,gnd-118781197,https://hwgw.uzh.ch/person/gnd-118781197
person,E21_Person,gnd-118781529,https://hwgw.uzh.ch/person/gnd-118781529
person,E21_Person,gnd-118782991,https://hwgw.uzh.ch/person/gnd-118782991
person,E21_Person,gnd-118783017,https://hwgw.uzh.ch/person/gnd-118783017
person,E21_Person,gnd-118783270,https://hwgw.uzh.ch/person/gnd-118783270
person,E21_Person,gnd-118783947,https://hwgw.uzh.ch/person/gnd-118783947
person,E21_Person,gnd-118784013,https://hwgw.uzh.ch/person/gnd-118784013
person,E21_Person,gnd-118784153,https://hwgw.uzh.ch/person/gnd-118784153
person,E21_Person,gnd-118784536,https://hwgw.uzh.ch/person/gnd-118784536
person,E21_Person,gnd-118784609,https://hwgw.uzh.ch/person/gnd-118784609
person,E21_Person,gnd-118784722,https://hwgw.uzh.ch/person/gnd-118784722
person,E21_Person,gnd-118784889,https://hwgw.uzh.ch/person/gnd-118784889
person,E21_Person,gnd-118784900,https://hwgw.uzh.ch/person/gnd-118784900
person,E21_Person,gnd-118786067,https://hwgw.uzh.ch/person/gnd-118786067
person,E21_Person,gnd-118786792,https://hwgw.uzh.ch/person/gnd-118786792
person,E21_Person,gnd-118787748,https://hwgw.uzh.ch/person/gnd-118787748
person,E21_Person,gnd-118787764,https://hwgw.uzh.ch/person/gnd-118787764
person,E21_Person,gnd-118788604,https://hwgw.uzh.ch/person/gnd-118788604
person,E21_Person,gnd-118788663,https://hwgw.uzh.ch/person/gnd-118788663
person,E21_Person,gnd-118789902,https://hwgw.uzh.ch/person/gnd-118789902
person,E21_Person,gnd-118790692,https://hwgw.uzh.ch/person/gnd-118790692
person,E21_Person,gnd-118791141,https://hwgw.uzh.ch/person/gnd-118791141
person,E21_Person,gnd-118791214,https://hwgw.uzh.ch/person/gnd-118791214
person,E21_Person,gnd-118791273,https://hwgw.uzh.ch/person/gnd-118791273
person,E21_Person,gnd-118791745,https://hwgw.uzh.ch/person/gnd-118791745
person,E21_Person,gnd-118791974,https://hwgw.uzh.ch/person/gnd-118791974
person,E21_Person,gnd-118792237,https://hwgw.uzh.ch/person/gnd-118792237
person,E21_Person,gnd-118792261,https://hwgw.uzh.ch/person/gnd-118792261
person,E21_Person,gnd-118792741,https://hwgw.uzh.ch/person/gnd-118792741
person,E21_Person,gnd-118793241,https://hwgw.uzh.ch/person/gnd-118793241
person,E21_Person,gnd-118793764,https://hwgw.uzh.ch/person/gnd-118793764
person,E21_Person,gnd-118794078,https://hwgw.uzh.ch/person/gnd-118794078
person,E21_Person,gnd-11879437X,https://hwgw.uzh.ch/person/gnd-11879437X
person,E21_Person,gnd-118794396,https://hwgw.uzh.ch/person/gnd-118794396
person,E21_Person,gnd-118794426,https://hwgw.uzh.ch/person/gnd-118794426
person,E21_Person,gnd-118794450,https://hwgw.uzh.ch/person/gnd-118794450
person,E21_Person,gnd-118794469,https://hwgw.uzh.ch/person/gnd-118794469
person,E21_Person,gnd-118794477,https://hwgw.uzh.ch/person/gnd-118794477
person,E21_Person,gnd-118794485,https://hwgw.uzh.ch/person/gnd-118794485
person,E21_Person,gnd-118794604,https://hwgw.uzh.ch/person/gnd-118794604
person,E21_Person,gnd-118794817,https://hwgw.uzh.ch/person/gnd-118794817
person,E21_Person,gnd-118794957,https://hwgw.uzh.ch/person/gnd-118794957
person,E21_Person,gnd-118795163,https://hwgw.uzh.ch/person/gnd-118795163
person,E21_Person,gnd-118795686,https://hwgw.uzh.ch/person/gnd-118795686
person,E21_Person,gnd-118795937,https://hwgw.uzh.ch/person/gnd-118795937
person,E21_Person,gnd-118796224,https://hwgw.uzh.ch/person/gnd-118796224
person,E21_Person,gnd-118797026,https://hwgw.uzh.ch/person/gnd-118797026
person,E21_Person,gnd-118797859,https://hwgw.uzh.ch/person/gnd-118797859
person,E21_Person,gnd-118798588,https://hwgw.uzh.ch/person/gnd-118798588
person,E21_Person,gnd-118799193,https://hwgw.uzh.ch/person/gnd-118799193
person,E21_Person,gnd-118799223,https://hwgw.uzh.ch/person/gnd-118799223
person,E21_Person,gnd-11879941X,https://hwgw.uzh.ch/person/gnd-11879941X
person,E21_Person,gnd-118799541,https://hwgw.uzh.ch/person/gnd-118799541
person,E21_Person,gnd-118799770,https://hwgw.uzh.ch/person/gnd-118799770
person,E21_Person,gnd-118801945,https://hwgw.uzh.ch/person/gnd-118801945
person,E21_Person,gnd-11880295X,https://hwgw.uzh.ch/person/gnd-11880295X
person,E21_Person,gnd-118803549,https://hwgw.uzh.ch/person/gnd-118803549
person,E21_Person,gnd-11880362X,https://hwgw.uzh.ch/person/gnd-11880362X
person,E21_Person,gnd-118803921,https://hwgw.uzh.ch/person/gnd-118803921
person,E21_Person,gnd-118804898,https://hwgw.uzh.ch/person/gnd-118804898
person,E21_Person,gnd-118805371,https://hwgw.uzh.ch/person/gnd-118805371
person,E21_Person,gnd-118805525,https://hwgw.uzh.ch/person/gnd-118805525
person,E21_Person,gnd-118807722,https://hwgw.uzh.ch/person/gnd-118807722
person,E21_Person,gnd-118807900,https://hwgw.uzh.ch/person/gnd-118807900
person,E21_Person,gnd-118808613,https://hwgw.uzh.ch/person/gnd-118808613
person,E21_Person,gnd-118808761,https://hwgw.uzh.ch/person/gnd-118808761
person,E21_Person,gnd-118808850,https://hwgw.uzh.ch/person/gnd-118808850
person,E21_Person,gnd-118809466,https://hwgw.uzh.ch/person/gnd-118809466
person,E21_Person,gnd-118816829,https://hwgw.uzh.ch/person/gnd-118816829
person,E21_Person,gnd-118818619,https://hwgw.uzh.ch/person/gnd-118818619
person,E21_Person,gnd-118818686,https://hwgw.uzh.ch/person/gnd-118818686
person,E21_Person,gnd-118820745,https://hwgw.uzh.ch/person/gnd-118820745
person,E21_Person,gnd-118822713,https://hwgw.uzh.ch/person/gnd-118822713
person,E21_Person,gnd-118823329,https://hwgw.uzh.ch/person/gnd-118823329
person,E21_Person,gnd-118825003,https://hwgw.uzh.ch/person/gnd-118825003
person,E21_Person,gnd-1188270443,https://hwgw.uzh.ch/person/gnd-1188270443
person,E21_Person,gnd-118827359,https://hwgw.uzh.ch/person/gnd-118827359
person,E21_Person,gnd-118828622,https://hwgw.uzh.ch/person/gnd-118828622
person,E21_Person,gnd-118832328,https://hwgw.uzh.ch/person/gnd-118832328
person,E21_Person,gnd-118835556,https://hwgw.uzh.ch/person/gnd-118835556
person,E21_Person,gnd-118835874,https://hwgw.uzh.ch/person/gnd-118835874
person,E21_Person,gnd-118837095,https://hwgw.uzh.ch/person/gnd-118837095
person,E21_Person,gnd-118837125,https://hwgw.uzh.ch/person/gnd-118837125
person,E21_Person,gnd-118838296,https://hwgw.uzh.ch/person/gnd-118838296
person,E21_Person,gnd-118840266,https://hwgw.uzh.ch/person/gnd-118840266
person,E21_Person,gnd-11884041X,https://hwgw.uzh.ch/person/gnd-11884041X
person,E21_Person,gnd-118840428,https://hwgw.uzh.ch/person/gnd-118840428
person,E21_Person,gnd-118841270,https://hwgw.uzh.ch/person/gnd-118841270
person,E21_Person,gnd-118841726,https://hwgw.uzh.ch/person/gnd-118841726
person,E21_Person,gnd-118844105,https://hwgw.uzh.ch/person/gnd-118844105
person,E21_Person,gnd-118844520,https://hwgw.uzh.ch/person/gnd-118844520
person,E21_Person,gnd-118852744,https://hwgw.uzh.ch/person/gnd-118852744
person,E21_Person,gnd-118855492,https://hwgw.uzh.ch/person/gnd-118855492
person,E21_Person,gnd-118858610,https://hwgw.uzh.ch/person/gnd-118858610
person,E21_Person,gnd-118860143,https://hwgw.uzh.ch/person/gnd-118860143
person,E21_Person,gnd-118869051,https://hwgw.uzh.ch/person/gnd-118869051
person,E21_Person,gnd-118869183,https://hwgw.uzh.ch/person/gnd-118869183
person,E21_Person,gnd-118870734,https://hwgw.uzh.ch/person/gnd-118870734
person,E21_Person,gnd-118871056,https://hwgw.uzh.ch/person/gnd-118871056
person,E21_Person,gnd-118872176,https://hwgw.uzh.ch/person/gnd-118872176
person,E21_Person,gnd-118885804,https://hwgw.uzh.ch/person/gnd-118885804
person,E21_Person,gnd-118886339,https://hwgw.uzh.ch/person/gnd-118886339
person,E21_Person,gnd-118887122,https://hwgw.uzh.ch/person/gnd-118887122
person,E21_Person,gnd-118891812,https://hwgw.uzh.ch/person/gnd-118891812
person,E21_Person,gnd-118891987,https://hwgw.uzh.ch/person/gnd-118891987
person,E21_Person,gnd-118892479,https://hwgw.uzh.ch/person/gnd-118892479
person,E21_Person,gnd-118896644,https://hwgw.uzh.ch/person/gnd-118896644
person,E21_Person,gnd-118897411,https://hwgw.uzh.ch/person/gnd-118897411
person,E21_Person,gnd-118898825,https://hwgw.uzh.ch/person/gnd-118898825
person,E21_Person,gnd-118902156,https://hwgw.uzh.ch/person/gnd-118902156
person,E21_Person,gnd-118905481,https://hwgw.uzh.ch/person/gnd-118905481
person,E21_Person,gnd-118907832,https://hwgw.uzh.ch/person/gnd-118907832
person,E21_Person,gnd-118908154,https://hwgw.uzh.ch/person/gnd-118908154
person,E21_Person,gnd-118908545,https://hwgw.uzh.ch/person/gnd-118908545
person,E21_Person,gnd-118912860,https://hwgw.uzh.ch/person/gnd-118912860
person,E21_Person,gnd-118914448,https://hwgw.uzh.ch/person/gnd-118914448
person,E21_Person,gnd-118921703,https://hwgw.uzh.ch/person/gnd-118921703
person,E21_Person,gnd-11892186X,https://hwgw.uzh.ch/person/gnd-11892186X
person,E21_Person,gnd-118928651,https://hwgw.uzh.ch/person/gnd-118928651
person,E21_Person,gnd-118931504,https://hwgw.uzh.ch/person/gnd-118931504
person,E21_Person,gnd-118931725,https://hwgw.uzh.ch/person/gnd-118931725
person,E21_Person,gnd-118933299,https://hwgw.uzh.ch/person/gnd-118933299
person,E21_Person,gnd-118933876,https://hwgw.uzh.ch/person/gnd-118933876
person,E21_Person,gnd-118940147,https://hwgw.uzh.ch/person/gnd-118940147
person,E21_Person,gnd-118940783,https://hwgw.uzh.ch/person/gnd-118940783
person,E21_Person,gnd-118942271,https://hwgw.uzh.ch/person/gnd-118942271
person,E21_Person,gnd-118950347,https://hwgw.uzh.ch/person/gnd-118950347
person,E21_Person,gnd-118955314,https://hwgw.uzh.ch/person/gnd-118955314
person,E21_Person,gnd-118958437,https://hwgw.uzh.ch/person/gnd-118958437
person,E21_Person,gnd-118966928,https://hwgw.uzh.ch/person/gnd-118966928
person,E21_Person,gnd-118968416,https://hwgw.uzh.ch/person/gnd-118968416
person,E21_Person,gnd-118968580,https://hwgw.uzh.ch/person/gnd-118968580
person,E21_Person,gnd-118976419,https://hwgw.uzh.ch/person/gnd-118976419
person,E21_Person,gnd-118976435,https://hwgw.uzh.ch/person/gnd-118976435
person,E21_Person,gnd-118977326,https://hwgw.uzh.ch/person/gnd-118977326
person,E21_Person,gnd-118977547,https://hwgw.uzh.ch/person/gnd-118977547
person,E21_Person,gnd-118978128,https://hwgw.uzh.ch/person/gnd-118978128
person,E21_Person,gnd-118987224,https://hwgw.uzh.ch/person/gnd-118987224
person,E21_Person,gnd-118992376,https://hwgw.uzh.ch/person/gnd-118992376
person,E21_Person,gnd-119001632,https://hwgw.uzh.ch/person/gnd-119001632
person,E21_Person,gnd-119002248,https://hwgw.uzh.ch/person/gnd-119002248
person,E21_Person,gnd-119015056,https://hwgw.uzh.ch/person/gnd-119015056
person,E21_Person,gnd-119020602,https://hwgw.uzh.ch/person/gnd-119020602
person,E21_Person,gnd-119020890,https://hwgw.uzh.ch/person/gnd-119020890
person,E21_Person,gnd-119023776,https://hwgw.uzh.ch/person/gnd-119023776
person,E21_Person,gnd-119023784,https://hwgw.uzh.ch/person/gnd-119023784
person,E21_Person,gnd-119024268,https://hwgw.uzh.ch/person/gnd-119024268
person,E21_Person,gnd-119025701,https://hwgw.uzh.ch/person/gnd-119025701
person,E21_Person,gnd-119034700,https://hwgw.uzh.ch/person/gnd-119034700
person,E21_Person,gnd-119034921,https://hwgw.uzh.ch/person/gnd-119034921
person,E21_Person,gnd-11903493X,https://hwgw.uzh.ch/person/gnd-11903493X
person,E21_Person,gnd-11903719X,https://hwgw.uzh.ch/person/gnd-11903719X
person,E21_Person,gnd-11904627X,https://hwgw.uzh.ch/person/gnd-11904627X
person,E21_Person,gnd-119055732,https://hwgw.uzh.ch/person/gnd-119055732
person,E21_Person,gnd-119056046,https://hwgw.uzh.ch/person/gnd-119056046
person,E21_Person,gnd-119056054,https://hwgw.uzh.ch/person/gnd-119056054
person,E21_Person,gnd-119059614,https://hwgw.uzh.ch/person/gnd-119059614
person,E21_Person,gnd-119060485,https://hwgw.uzh.ch/person/gnd-119060485
person,E21_Person,gnd-119065037,https://hwgw.uzh.ch/person/gnd-119065037
person,E21_Person,gnd-11906510X,https://hwgw.uzh.ch/person/gnd-11906510X
person,E21_Person,gnd-119066777,https://hwgw.uzh.ch/person/gnd-119066777
person,E21_Person,gnd-119066874,https://hwgw.uzh.ch/person/gnd-119066874
person,E21_Person,gnd-119068583,https://hwgw.uzh.ch/person/gnd-119068583
person,E21_Person,gnd-119079194,https://hwgw.uzh.ch/person/gnd-119079194
person,E21_Person,gnd-119079208,https://hwgw.uzh.ch/person/gnd-119079208
person,E21_Person,gnd-119080478,https://hwgw.uzh.ch/person/gnd-119080478
person,E21_Person,gnd-119091771,https://hwgw.uzh.ch/person/gnd-119091771
person,E21_Person,gnd-119106930,https://hwgw.uzh.ch/person/gnd-119106930
person,E21_Person,gnd-119107392,https://hwgw.uzh.ch/person/gnd-119107392
person,E21_Person,gnd-119113643,https://hwgw.uzh.ch/person/gnd-119113643
person,E21_Person,gnd-119115387,https://hwgw.uzh.ch/person/gnd-119115387
person,E21_Person,gnd-119115565,https://hwgw.uzh.ch/person/gnd-119115565
person,E21_Person,gnd-119116898,https://hwgw.uzh.ch/person/gnd-119116898
person,E21_Person,gnd-119117223,https://hwgw.uzh.ch/person/gnd-119117223
person,E21_Person,gnd-119120224,https://hwgw.uzh.ch/person/gnd-119120224
person,E21_Person,gnd-11912761X,https://hwgw.uzh.ch/person/gnd-11912761X
person,E21_Person,gnd-119132281,https://hwgw.uzh.ch/person/gnd-119132281
person,E21_Person,gnd-119138484,https://hwgw.uzh.ch/person/gnd-119138484
person,E21_Person,gnd-119138883,https://hwgw.uzh.ch/person/gnd-119138883
person,E21_Person,gnd-119139162,https://hwgw.uzh.ch/person/gnd-119139162
person,E21_Person,gnd-119148226,https://hwgw.uzh.ch/person/gnd-119148226
person,E21_Person,gnd-119148455,https://hwgw.uzh.ch/person/gnd-119148455
person,E21_Person,gnd-119154951,https://hwgw.uzh.ch/person/gnd-119154951
person,E21_Person,gnd-119158299,https://hwgw.uzh.ch/person/gnd-119158299
person,E21_Person,gnd-119160285,https://hwgw.uzh.ch/person/gnd-119160285
person,E21_Person,gnd-11916437X,https://hwgw.uzh.ch/person/gnd-11916437X
person,E21_Person,gnd-119168774,https://hwgw.uzh.ch/person/gnd-119168774
person,E21_Person,gnd-119171090,https://hwgw.uzh.ch/person/gnd-119171090
person,E21_Person,gnd-11918236X,https://hwgw.uzh.ch/person/gnd-11918236X
person,E21_Person,gnd-119202662,https://hwgw.uzh.ch/person/gnd-119202662
person,E21_Person,gnd-119205459,https://hwgw.uzh.ch/person/gnd-119205459
person,E21_Person,gnd-119208199,https://hwgw.uzh.ch/person/gnd-119208199
person,E21_Person,gnd-119229218,https://hwgw.uzh.ch/person/gnd-119229218
person,E21_Person,gnd-119232111,https://hwgw.uzh.ch/person/gnd-119232111
person,E21_Person,gnd-119234890,https://hwgw.uzh.ch/person/gnd-119234890
person,E21_Person,gnd-119242575,https://hwgw.uzh.ch/person/gnd-119242575
person,E21_Person,gnd-119248506,https://hwgw.uzh.ch/person/gnd-119248506
person,E21_Person,gnd-11925011X,https://hwgw.uzh.ch/person/gnd-11925011X
person,E21_Person,gnd-119250217,https://hwgw.uzh.ch/person/gnd-119250217
person,E21_Person,gnd-119255901,https://hwgw.uzh.ch/person/gnd-119255901
person,E21_Person,gnd-119256908,https://hwgw.uzh.ch/person/gnd-119256908
person,E21_Person,gnd-119264900,https://hwgw.uzh.ch/person/gnd-119264900
person,E21_Person,gnd-119283530,https://hwgw.uzh.ch/person/gnd-119283530
person,E21_Person,gnd-119285614,https://hwgw.uzh.ch/person/gnd-119285614
person,E21_Person,gnd-119290308,https://hwgw.uzh.ch/person/gnd-119290308
person,E21_Person,gnd-119295369,https://hwgw.uzh.ch/person/gnd-119295369
person,E21_Person,gnd-119300370,https://hwgw.uzh.ch/person/gnd-119300370
person,E21_Person,gnd-119303590,https://hwgw.uzh.ch/person/gnd-119303590
person,E21_Person,gnd-119305429,https://hwgw.uzh.ch/person/gnd-119305429
person,E21_Person,gnd-119320185,https://hwgw.uzh.ch/person/gnd-119320185
person,E21_Person,gnd-119320207,https://hwgw.uzh.ch/person/gnd-119320207
person,E21_Person,gnd-119322625,https://hwgw.uzh.ch/person/gnd-119322625
person,E21_Person,gnd-11933075X,https://hwgw.uzh.ch/person/gnd-11933075X
person,E21_Person,gnd-119331136,https://hwgw.uzh.ch/person/gnd-119331136
person,E21_Person,gnd-119351358,https://hwgw.uzh.ch/person/gnd-119351358
person,E21_Person,gnd-119355841,https://hwgw.uzh.ch/person/gnd-119355841
person,E21_Person,gnd-119364360,https://hwgw.uzh.ch/person/gnd-119364360
person,E21_Person,gnd-119392038,https://hwgw.uzh.ch/person/gnd-119392038
person,E21_Person,gnd-119400448,https://hwgw.uzh.ch/person/gnd-119400448
person,E21_Person,gnd-119406500,https://hwgw.uzh.ch/person/gnd-119406500
person,E21_Person,gnd-119412004,https://hwgw.uzh.ch/person/gnd-119412004
person,E21_Person,gnd-119421488,https://hwgw.uzh.ch/person/gnd-119421488
person,E21_Person,gnd-119430584,https://hwgw.uzh.ch/person/gnd-119430584
person,E21_Person,gnd-119435586,https://hwgw.uzh.ch/person/gnd-119435586
person,E21_Person,gnd-119442620,https://hwgw.uzh.ch/person/gnd-119442620
person,E21_Person,gnd-119457105,https://hwgw.uzh.ch/person/gnd-119457105
person,E21_Person,gnd-119477688,https://hwgw.uzh.ch/person/gnd-119477688
person,E21_Person,gnd-119485303,https://hwgw.uzh.ch/person/gnd-119485303
person,E21_Person,gnd-119491710,https://hwgw.uzh.ch/person/gnd-119491710
person,E21_Person,gnd-11949177X,https://hwgw.uzh.ch/person/gnd-11949177X
person,E21_Person,gnd-119498162,https://hwgw.uzh.ch/person/gnd-119498162
person,E21_Person,gnd-119504855,https://hwgw.uzh.ch/person/gnd-119504855
person,E21_Person,gnd-119517752,https://hwgw.uzh.ch/person/gnd-119517752
person,E21_Person,gnd-119522357,https://hwgw.uzh.ch/person/gnd-119522357
person,E21_Person,gnd-119523884,https://hwgw.uzh.ch/person/gnd-119523884
person,E21_Person,gnd-119525550,https://hwgw.uzh.ch/person/gnd-119525550
person,E21_Person,gnd-119537222,https://hwgw.uzh.ch/person/gnd-119537222
person,E21_Person,gnd-119547961,https://hwgw.uzh.ch/person/gnd-119547961
person,E21_Person,gnd-119876213,https://hwgw.uzh.ch/person/gnd-119876213
person,E21_Person,gnd-1199367834,https://hwgw.uzh.ch/person/gnd-1199367834
person,E21_Person,gnd-120094215,https://hwgw.uzh.ch/person/gnd-120094215
person,E21_Person,gnd-120132745,https://hwgw.uzh.ch/person/gnd-120132745
person,E21_Person,gnd-120142910,https://hwgw.uzh.ch/person/gnd-120142910
person,E21_Person,gnd-120166372,https://hwgw.uzh.ch/person/gnd-120166372
person,E21_Person,gnd-120208016,https://hwgw.uzh.ch/person/gnd-120208016
person,E21_Person,gnd-120278952,https://hwgw.uzh.ch/person/gnd-120278952
person,E21_Person,gnd-120307790,https://hwgw.uzh.ch/person/gnd-120307790
person,E21_Person,gnd-1203116322,https://hwgw.uzh.ch/person/gnd-1203116322
person,E21_Person,gnd-120345927,https://hwgw.uzh.ch/person/gnd-120345927
person,E21_Person,gnd-1204027595,https://hwgw.uzh.ch/person/gnd-1204027595
person,E21_Person,gnd-1204031177,https://hwgw.uzh.ch/person/gnd-1204031177
person,E21_Person,gnd-120491931,https://hwgw.uzh.ch/person/gnd-120491931
person,E21_Person,gnd-120491982,https://hwgw.uzh.ch/person/gnd-120491982
person,E21_Person,gnd-1205166688,https://hwgw.uzh.ch/person/gnd-1205166688
person,E21_Person,gnd-120621312,https://hwgw.uzh.ch/person/gnd-120621312
person,E21_Person,gnd-120638835,https://hwgw.uzh.ch/person/gnd-120638835
person,E21_Person,gnd-12065153X,https://hwgw.uzh.ch/person/gnd-12065153X
person,E21_Person,gnd-1206560428,https://hwgw.uzh.ch/person/gnd-1206560428
person,E21_Person,gnd-120663163,https://hwgw.uzh.ch/person/gnd-120663163
person,E21_Person,gnd-120663171,https://hwgw.uzh.ch/person/gnd-120663171
person,E21_Person,gnd-120756358,https://hwgw.uzh.ch/person/gnd-120756358
person,E21_Person,gnd-12085452X,https://hwgw.uzh.ch/person/gnd-12085452X
person,E21_Person,gnd-120884968,https://hwgw.uzh.ch/person/gnd-120884968
person,E21_Person,gnd-12091008X,https://hwgw.uzh.ch/person/gnd-12091008X
person,E21_Person,gnd-120939436,https://hwgw.uzh.ch/person/gnd-120939436
person,E21_Person,gnd-120948818,https://hwgw.uzh.ch/person/gnd-120948818
person,E21_Person,gnd-120972492,https://hwgw.uzh.ch/person/gnd-120972492
person,E21_Person,gnd-120974622,https://hwgw.uzh.ch/person/gnd-120974622
person,E21_Person,gnd-121037266,https://hwgw.uzh.ch/person/gnd-121037266
person,E21_Person,gnd-121093107,https://hwgw.uzh.ch/person/gnd-121093107
person,E21_Person,gnd-121122883,https://hwgw.uzh.ch/person/gnd-121122883
person,E21_Person,gnd-121125785,https://hwgw.uzh.ch/person/gnd-121125785
person,E21_Person,gnd-121158160,https://hwgw.uzh.ch/person/gnd-121158160
person,E21_Person,gnd-121166341,https://hwgw.uzh.ch/person/gnd-121166341
person,E21_Person,gnd-1213377307,https://hwgw.uzh.ch/person/gnd-1213377307
person,E21_Person,gnd-121377369,https://hwgw.uzh.ch/person/gnd-121377369
person,E21_Person,gnd-121444708,https://hwgw.uzh.ch/person/gnd-121444708
person,E21_Person,gnd-121464407,https://hwgw.uzh.ch/person/gnd-121464407
person,E21_Person,gnd-121502201,https://hwgw.uzh.ch/person/gnd-121502201
person,E21_Person,gnd-1215046766,https://hwgw.uzh.ch/person/gnd-1215046766
person,E21_Person,gnd-121526860,https://hwgw.uzh.ch/person/gnd-121526860
person,E21_Person,gnd-12161431X,https://hwgw.uzh.ch/person/gnd-12161431X
person,E21_Person,gnd-121620468,https://hwgw.uzh.ch/person/gnd-121620468
person,E21_Person,gnd-121651363,https://hwgw.uzh.ch/person/gnd-121651363
person,E21_Person,gnd-121675777,https://hwgw.uzh.ch/person/gnd-121675777
person,E21_Person,gnd-121692590,https://hwgw.uzh.ch/person/gnd-121692590
person,E21_Person,gnd-12169707X,https://hwgw.uzh.ch/person/gnd-12169707X
person,E21_Person,gnd-121722392,https://hwgw.uzh.ch/person/gnd-121722392
person,E21_Person,gnd-121845990,https://hwgw.uzh.ch/person/gnd-121845990
person,E21_Person,gnd-121877604,https://hwgw.uzh.ch/person/gnd-121877604
person,E21_Person,gnd-1219516635,https://hwgw.uzh.ch/person/gnd-1219516635
person,E21_Person,gnd-122050975,https://hwgw.uzh.ch/person/gnd-122050975
person,E21_Person,gnd-122072766,https://hwgw.uzh.ch/person/gnd-122072766
person,E21_Person,gnd-122094204,https://hwgw.uzh.ch/person/gnd-122094204
person,E21_Person,gnd-12216699X,https://hwgw.uzh.ch/person/gnd-12216699X
person,E21_Person,gnd-122188179,https://hwgw.uzh.ch/person/gnd-122188179
person,E21_Person,gnd-122257375,https://hwgw.uzh.ch/person/gnd-122257375
person,E21_Person,gnd-122268857,https://hwgw.uzh.ch/person/gnd-122268857
person,E21_Person,gnd-122269950,https://hwgw.uzh.ch/person/gnd-122269950
person,E21_Person,gnd-122320344,https://hwgw.uzh.ch/person/gnd-122320344
person,E21_Person,gnd-122360389,https://hwgw.uzh.ch/person/gnd-122360389
person,E21_Person,gnd-122387171,https://hwgw.uzh.ch/person/gnd-122387171
person,E21_Person,gnd-122391047,https://hwgw.uzh.ch/person/gnd-122391047
person,E21_Person,gnd-122391217,https://hwgw.uzh.ch/person/gnd-122391217
person,E21_Person,gnd-122433084,https://hwgw.uzh.ch/person/gnd-122433084
person,E21_Person,gnd-122516265,https://hwgw.uzh.ch/person/gnd-122516265
person,E21_Person,gnd-122612612,https://hwgw.uzh.ch/person/gnd-122612612
person,E21_Person,gnd-122699777,https://hwgw.uzh.ch/person/gnd-122699777
person,E21_Person,gnd-12270911X,https://hwgw.uzh.ch/person/gnd-12270911X
person,E21_Person,gnd-1227120788,https://hwgw.uzh.ch/person/gnd-1227120788
person,E21_Person,gnd-122727584,https://hwgw.uzh.ch/person/gnd-122727584
person,E21_Person,gnd-122727754,https://hwgw.uzh.ch/person/gnd-122727754
person,E21_Person,gnd-12272965X,https://hwgw.uzh.ch/person/gnd-12272965X
person,E21_Person,gnd-122771729,https://hwgw.uzh.ch/person/gnd-122771729
person,E21_Person,gnd-1230421440,https://hwgw.uzh.ch/person/gnd-1230421440
person,E21_Person,gnd-123070953,https://hwgw.uzh.ch/person/gnd-123070953
person,E21_Person,gnd-123211670,https://hwgw.uzh.ch/person/gnd-123211670
person,E21_Person,gnd-123245826,https://hwgw.uzh.ch/person/gnd-123245826
person,E21_Person,gnd-123272432,https://hwgw.uzh.ch/person/gnd-123272432
person,E21_Person,gnd-123280567,https://hwgw.uzh.ch/person/gnd-123280567
person,E21_Person,gnd-123330688,https://hwgw.uzh.ch/person/gnd-123330688
person,E21_Person,gnd-123444225,https://hwgw.uzh.ch/person/gnd-123444225
person,E21_Person,gnd-123450934,https://hwgw.uzh.ch/person/gnd-123450934
person,E21_Person,gnd-123480922,https://hwgw.uzh.ch/person/gnd-123480922
person,E21_Person,gnd-123512093,https://hwgw.uzh.ch/person/gnd-123512093
person,E21_Person,gnd-123518830,https://hwgw.uzh.ch/person/gnd-123518830
person,E21_Person,gnd-123542650,https://hwgw.uzh.ch/person/gnd-123542650
person,E21_Person,gnd-12354727X,https://hwgw.uzh.ch/person/gnd-12354727X
person,E21_Person,gnd-123599733,https://hwgw.uzh.ch/person/gnd-123599733
person,E21_Person,gnd-1236764331,https://hwgw.uzh.ch/person/gnd-1236764331
person,E21_Person,gnd-123687772,https://hwgw.uzh.ch/person/gnd-123687772
person,E21_Person,gnd-123714141,https://hwgw.uzh.ch/person/gnd-123714141
person,E21_Person,gnd-123816637,https://hwgw.uzh.ch/person/gnd-123816637
person,E21_Person,gnd-123891817,https://hwgw.uzh.ch/person/gnd-123891817
person,E21_Person,gnd-123910293,https://hwgw.uzh.ch/person/gnd-123910293
person,E21_Person,gnd-123929288,https://hwgw.uzh.ch/person/gnd-123929288
person,E21_Person,gnd-123972000,https://hwgw.uzh.ch/person/gnd-123972000
person,E21_Person,gnd-123983150,https://hwgw.uzh.ch/person/gnd-123983150
person,E21_Person,gnd-123993040,https://hwgw.uzh.ch/person/gnd-123993040
person,E21_Person,gnd-124087299,https://hwgw.uzh.ch/person/gnd-124087299
person,E21_Person,gnd-124093930,https://hwgw.uzh.ch/person/gnd-124093930
person,E21_Person,gnd-124129854,https://hwgw.uzh.ch/person/gnd-124129854
person,E21_Person,gnd-124163629,https://hwgw.uzh.ch/person/gnd-124163629
person,E21_Person,gnd-124170137,https://hwgw.uzh.ch/person/gnd-124170137
person,E21_Person,gnd-124247792,https://hwgw.uzh.ch/person/gnd-124247792
person,E21_Person,gnd-1242994254,https://hwgw.uzh.ch/person/gnd-1242994254
person,E21_Person,gnd-124320376,https://hwgw.uzh.ch/person/gnd-124320376
person,E21_Person,gnd-12440975X,https://hwgw.uzh.ch/person/gnd-12440975X
person,E21_Person,gnd-12442869X,https://hwgw.uzh.ch/person/gnd-12442869X
person,E21_Person,gnd-124449034,https://hwgw.uzh.ch/person/gnd-124449034
person,E21_Person,gnd-124500153,https://hwgw.uzh.ch/person/gnd-124500153
person,E21_Person,gnd-124528791,https://hwgw.uzh.ch/person/gnd-124528791
person,E21_Person,gnd-124566138,https://hwgw.uzh.ch/person/gnd-124566138
person,E21_Person,gnd-124685307,https://hwgw.uzh.ch/person/gnd-124685307
person,E21_Person,gnd-124704050,https://hwgw.uzh.ch/person/gnd-124704050
person,E21_Person,gnd-124729487,https://hwgw.uzh.ch/person/gnd-124729487
person,E21_Person,gnd-12474947X,https://hwgw.uzh.ch/person/gnd-12474947X
person,E21_Person,gnd-12478836X,https://hwgw.uzh.ch/person/gnd-12478836X
person,E21_Person,gnd-124791670,https://hwgw.uzh.ch/person/gnd-124791670
person,E21_Person,gnd-124859739,https://hwgw.uzh.ch/person/gnd-124859739
person,E21_Person,gnd-124892345,https://hwgw.uzh.ch/person/gnd-124892345
person,E21_Person,gnd-12498925X,https://hwgw.uzh.ch/person/gnd-12498925X
person,E21_Person,gnd-1252692463,https://hwgw.uzh.ch/person/gnd-1252692463
person,E21_Person,gnd-1255715138,https://hwgw.uzh.ch/person/gnd-1255715138
person,E21_Person,gnd-127087931,https://hwgw.uzh.ch/person/gnd-127087931
person,E21_Person,gnd-127331751,https://hwgw.uzh.ch/person/gnd-127331751
person,E21_Person,gnd-127604731,https://hwgw.uzh.ch/person/gnd-127604731
person,E21_Person,gnd-127682880,https://hwgw.uzh.ch/person/gnd-127682880
person,E21_Person,gnd-127796215,https://hwgw.uzh.ch/person/gnd-127796215
person,E21_Person,gnd-127861394,https://hwgw.uzh.ch/person/gnd-127861394
person,E21_Person,gnd-127938168,https://hwgw.uzh.ch/person/gnd-127938168
person,E21_Person,gnd-128352884,https://hwgw.uzh.ch/person/gnd-128352884
person,E21_Person,gnd-128624280,https://hwgw.uzh.ch/person/gnd-128624280
person,E21_Person,gnd-128638656,https://hwgw.uzh.ch/person/gnd-128638656
person,E21_Person,gnd-128644974,https://hwgw.uzh.ch/person/gnd-128644974
person,E21_Person,gnd-128737840,https://hwgw.uzh.ch/person/gnd-128737840
person,E21_Person,gnd-128791640,https://hwgw.uzh.ch/person/gnd-128791640
person,E21_Person,gnd-128844353,https://hwgw.uzh.ch/person/gnd-128844353
person,E21_Person,gnd-128933313,https://hwgw.uzh.ch/person/gnd-128933313
person,E21_Person,gnd-12894403X,https://hwgw.uzh.ch/person/gnd-12894403X
person,E21_Person,gnd-128982659,https://hwgw.uzh.ch/person/gnd-128982659
person,E21_Person,gnd-1290488045,https://hwgw.uzh.ch/person/gnd-1290488045
person,E21_Person,gnd-129048869X,https://hwgw.uzh.ch/person/gnd-129048869X
person,E21_Person,gnd-129070912,https://hwgw.uzh.ch/person/gnd-129070912
person,E21_Person,gnd-129113050,https://hwgw.uzh.ch/person/gnd-129113050
person,E21_Person,gnd-129149365,https://hwgw.uzh.ch/person/gnd-129149365
person,E21_Person,gnd-129209724,https://hwgw.uzh.ch/person/gnd-129209724
person,E21_Person,gnd-129322288,https://hwgw.uzh.ch/person/gnd-129322288
person,E21_Person,gnd-129420298,https://hwgw.uzh.ch/person/gnd-129420298
person,E21_Person,gnd-129508985,https://hwgw.uzh.ch/person/gnd-129508985
person,E21_Person,gnd-129540900,https://hwgw.uzh.ch/person/gnd-129540900
person,E21_Person,gnd-129656003,https://hwgw.uzh.ch/person/gnd-129656003
person,E21_Person,gnd-129809918,https://hwgw.uzh.ch/person/gnd-129809918
person,E21_Person,gnd-129810819,https://hwgw.uzh.ch/person/gnd-129810819
person,E21_Person,gnd-12981122X,https://hwgw.uzh.ch/person/gnd-12981122X
person,E21_Person,gnd-129850004,https://hwgw.uzh.ch/person/gnd-129850004
person,E21_Person,gnd-129850233,https://hwgw.uzh.ch/person/gnd-129850233
person,E21_Person,gnd-129873446,https://hwgw.uzh.ch/person/gnd-129873446
person,E21_Person,gnd-12989432X,https://hwgw.uzh.ch/person/gnd-12989432X
person,E21_Person,gnd-12990306X,https://hwgw.uzh.ch/person/gnd-12990306X
person,E21_Person,gnd-1299578438,https://hwgw.uzh.ch/person/gnd-1299578438
person,E21_Person,gnd-129957923X,https://hwgw.uzh.ch/person/gnd-129957923X
person,E21_Person,gnd-1299584608,https://hwgw.uzh.ch/person/gnd-1299584608
person,E21_Person,gnd-129975672,https://hwgw.uzh.ch/person/gnd-129975672
person,E21_Person,gnd-129981079,https://hwgw.uzh.ch/person/gnd-129981079
person,E21_Person,gnd-130247723,https://hwgw.uzh.ch/person/gnd-130247723
person,E21_Person,gnd-130458309,https://hwgw.uzh.ch/person/gnd-130458309
person,E21_Person,gnd-130531324,https://hwgw.uzh.ch/person/gnd-130531324
person,E21_Person,gnd-130849715,https://hwgw.uzh.ch/person/gnd-130849715
person,E21_Person,gnd-130871567,https://hwgw.uzh.ch/person/gnd-130871567
person,E21_Person,gnd-130882208,https://hwgw.uzh.ch/person/gnd-130882208
person,E21_Person,gnd-1310234892,https://hwgw.uzh.ch/person/gnd-1310234892
person,E21_Person,gnd-1314174495,https://hwgw.uzh.ch/person/gnd-1314174495
person,E21_Person,gnd-131734407,https://hwgw.uzh.ch/person/gnd-131734407
person,E21_Person,gnd-131741039,https://hwgw.uzh.ch/person/gnd-131741039
person,E21_Person,gnd-132138778,https://hwgw.uzh.ch/person/gnd-132138778
person,E21_Person,gnd-132251086,https://hwgw.uzh.ch/person/gnd-132251086
person,E21_Person,gnd-132323397,https://hwgw.uzh.ch/person/gnd-132323397
person,E21_Person,gnd-132377527,https://hwgw.uzh.ch/person/gnd-132377527
person,E21_Person,gnd-132393697,https://hwgw.uzh.ch/person/gnd-132393697
person,E21_Person,gnd-132399660,https://hwgw.uzh.ch/person/gnd-132399660
person,E21_Person,gnd-13248935X,https://hwgw.uzh.ch/person/gnd-13248935X
person,E21_Person,gnd-132490315,https://hwgw.uzh.ch/person/gnd-132490315
person,E21_Person,gnd-1325355135,https://hwgw.uzh.ch/person/gnd-1325355135
person,E21_Person,gnd-132813351,https://hwgw.uzh.ch/person/gnd-132813351
person,E21_Person,gnd-132908492,https://hwgw.uzh.ch/person/gnd-132908492
person,E21_Person,gnd-133068390,https://hwgw.uzh.ch/person/gnd-133068390
person,E21_Person,gnd-1332484549,https://hwgw.uzh.ch/person/gnd-1332484549
person,E21_Person,gnd-13330079X,https://hwgw.uzh.ch/person/gnd-13330079X
person,E21_Person,gnd-133432882,https://hwgw.uzh.ch/person/gnd-133432882
person,E21_Person,gnd-13353524X,https://hwgw.uzh.ch/person/gnd-13353524X
person,E21_Person,gnd-133606635,https://hwgw.uzh.ch/person/gnd-133606635
person,E21_Person,gnd-133613968,https://hwgw.uzh.ch/person/gnd-133613968
person,E21_Person,gnd-133630188,https://hwgw.uzh.ch/person/gnd-133630188
person,E21_Person,gnd-133670961,https://hwgw.uzh.ch/person/gnd-133670961
person,E21_Person,gnd-133680525,https://hwgw.uzh.ch/person/gnd-133680525
person,E21_Person,gnd-133734439,https://hwgw.uzh.ch/person/gnd-133734439
person,E21_Person,gnd-13380027X,https://hwgw.uzh.ch/person/gnd-13380027X
person,E21_Person,gnd-133816893,https://hwgw.uzh.ch/person/gnd-133816893
person,E21_Person,gnd-133965465,https://hwgw.uzh.ch/person/gnd-133965465
person,E21_Person,gnd-133979741,https://hwgw.uzh.ch/person/gnd-133979741
person,E21_Person,gnd-134020642,https://hwgw.uzh.ch/person/gnd-134020642
person,E21_Person,gnd-134117131,https://hwgw.uzh.ch/person/gnd-134117131
person,E21_Person,gnd-134146182,https://hwgw.uzh.ch/person/gnd-134146182
person,E21_Person,gnd-134191706,https://hwgw.uzh.ch/person/gnd-134191706
person,E21_Person,gnd-134291727,https://hwgw.uzh.ch/person/gnd-134291727
person,E21_Person,gnd-1345339194,https://hwgw.uzh.ch/person/gnd-1345339194
person,E21_Person,gnd-135618584,https://hwgw.uzh.ch/person/gnd-135618584
person,E21_Person,gnd-135689112,https://hwgw.uzh.ch/person/gnd-135689112
person,E21_Person,gnd-135708494,https://hwgw.uzh.ch/person/gnd-135708494
person,E21_Person,gnd-135732875,https://hwgw.uzh.ch/person/gnd-135732875
person,E21_Person,gnd-135742978,https://hwgw.uzh.ch/person/gnd-135742978
person,E21_Person,gnd-135789052,https://hwgw.uzh.ch/person/gnd-135789052
person,E21_Person,gnd-135796024,https://hwgw.uzh.ch/person/gnd-135796024
person,E21_Person,gnd-135823439,https://hwgw.uzh.ch/person/gnd-135823439
person,E21_Person,gnd-135905389,https://hwgw.uzh.ch/person/gnd-135905389
person,E21_Person,gnd-135926165,https://hwgw.uzh.ch/person/gnd-135926165
person,E21_Person,gnd-135967635,https://hwgw.uzh.ch/person/gnd-135967635
person,E21_Person,gnd-136021085,https://hwgw.uzh.ch/person/gnd-136021085
person,E21_Person,gnd-136138322,https://hwgw.uzh.ch/person/gnd-136138322
person,E21_Person,gnd-13618832X,https://hwgw.uzh.ch/person/gnd-13618832X
person,E21_Person,gnd-136255582,https://hwgw.uzh.ch/person/gnd-136255582
person,E21_Person,gnd-136396291,https://hwgw.uzh.ch/person/gnd-136396291
person,E21_Person,gnd-136418201,https://hwgw.uzh.ch/person/gnd-136418201
person,E21_Person,gnd-136573029,https://hwgw.uzh.ch/person/gnd-136573029
person,E21_Person,gnd-136815626,https://hwgw.uzh.ch/person/gnd-136815626
person,E21_Person,gnd-136864198,https://hwgw.uzh.ch/person/gnd-136864198
person,E21_Person,gnd-137011059,https://hwgw.uzh.ch/person/gnd-137011059
person,E21_Person,gnd-137089473,https://hwgw.uzh.ch/person/gnd-137089473
person,E21_Person,gnd-13711110X,https://hwgw.uzh.ch/person/gnd-13711110X
person,E21_Person,gnd-13721443X,https://hwgw.uzh.ch/person/gnd-13721443X
person,E21_Person,gnd-137224060,https://hwgw.uzh.ch/person/gnd-137224060
person,E21_Person,gnd-1372667997,https://hwgw.uzh.ch/person/gnd-1372667997
person,E21_Person,gnd-1377547671,https://hwgw.uzh.ch/person/gnd-1377547671
person,E21_Person,gnd-1378280253,https://hwgw.uzh.ch/person/gnd-1378280253
person,E21_Person,gnd-13785580X,https://hwgw.uzh.ch/person/gnd-13785580X
person,E21_Person,gnd-1382002971,https://hwgw.uzh.ch/person/gnd-1382002971
person,E21_Person,gnd-138696365,https://hwgw.uzh.ch/person/gnd-138696365
person,E21_Person,gnd-138725659,https://hwgw.uzh.ch/person/gnd-138725659
person,E21_Person,gnd-138829217,https://hwgw.uzh.ch/person/gnd-138829217
person,E21_Person,gnd-139148213,https://hwgw.uzh.ch/person/gnd-139148213
person,E21_Person,gnd-139874240,https://hwgw.uzh.ch/person/gnd-139874240
person,E21_Person,gnd-140109234,https://hwgw.uzh.ch/person/gnd-140109234
person,E21_Person,gnd-140291725,https://hwgw.uzh.ch/person/gnd-140291725
person,E21_Person,gnd-140595899,https://hwgw.uzh.ch/person/gnd-140595899
person,E21_Person,gnd-140656367,https://hwgw.uzh.ch/person/gnd-140656367
person,E21_Person,gnd-140713174,https://hwgw.uzh.ch/person/gnd-140713174
person,E21_Person,gnd-141225157,https://hwgw.uzh.ch/person/gnd-141225157
person,E21_Person,gnd-14132581X,https://hwgw.uzh.ch/person/gnd-14132581X
person,E21_Person,gnd-141407425,https://hwgw.uzh.ch/person/gnd-141407425
person,E21_Person,gnd-142183873,https://hwgw.uzh.ch/person/gnd-142183873
person,E21_Person,gnd-142618276,https://hwgw.uzh.ch/person/gnd-142618276
person,E21_Person,gnd-142851108,https://hwgw.uzh.ch/person/gnd-142851108
person,E21_Person,gnd-142899585,https://hwgw.uzh.ch/person/gnd-142899585
person,E21_Person,gnd-14304639X,https://hwgw.uzh.ch/person/gnd-14304639X
person,E21_Person,gnd-143308327,https://hwgw.uzh.ch/person/gnd-143308327
person,E21_Person,gnd-143570250,https://hwgw.uzh.ch/person/gnd-143570250
person,E21_Person,gnd-143627279,https://hwgw.uzh.ch/person/gnd-143627279
person,E21_Person,gnd-143746901,https://hwgw.uzh.ch/person/gnd-143746901
person,E21_Person,gnd-143875191,https://hwgw.uzh.ch/person/gnd-143875191
person,E21_Person,gnd-172137314,https://hwgw.uzh.ch/person/gnd-172137314
person,E21_Person,gnd-172921341,https://hwgw.uzh.ch/person/gnd-172921341
person,E21_Person,gnd-172967678,https://hwgw.uzh.ch/person/gnd-172967678
person,E21_Person,gnd-173282695,https://hwgw.uzh.ch/person/gnd-173282695
person,E21_Person,gnd-174327730,https://hwgw.uzh.ch/person/gnd-174327730
person,E21_Person,gnd-174345801,https://hwgw.uzh.ch/person/gnd-174345801
person,E21_Person,gnd-188372008,https://hwgw.uzh.ch/person/gnd-188372008
person,E21_Person,gnd-188445005,https://hwgw.uzh.ch/person/gnd-188445005
person,E21_Person,gnd-188459243,https://hwgw.uzh.ch/person/gnd-188459243
person,E21_Person,gnd-188464638,https://hwgw.uzh.ch/person/gnd-188464638
person,E21_Person,gnd-local-buonarroti-ludovico,https://hwgw.uzh.ch/person/gnd-local-buonarroti-ludovico
person,E21_Person,gnd-local-clarc,https://hwgw.uzh.ch/person/gnd-local-clarc
person,E21_Person,gnd-local-day,https://hwgw.uzh.ch/person/gnd-local-day
person,E21_Person,gnd-local-dodsworth-barbara,https://hwgw.uzh.ch/person/gnd-local-dodsworth-barbara
person,E21_Person,gnd-local-helene-studniczka,https://hwgw.uzh.ch/person/gnd-local-helene-studniczka
person,E21_Person,gnd-local-medici-pierfrancesco,https://hwgw.uzh.ch/person/gnd-local-medici-pierfrancesco
person,E21_Person,gnd-local-palla-giovambatista,https://hwgw.uzh.ch/person/gnd-local-palla-giovambatista
person,E21_Person,gnd-local-parrini-cesare,https://hwgw.uzh.ch/person/gnd-local-parrini-cesare
person,E21_Person,gnd-local-prelormo-lodovico,https://hwgw.uzh.ch/person/gnd-local-prelormo-lodovico
person,E21_Person,gnd-local-ranieri-pesciolini,https://hwgw.uzh.ch/person/gnd-local-ranieri-pesciolini
person,E21_Person,gnd-local-robertet-florimont,https://hwgw.uzh.ch/person/gnd-local-robertet-florimont
person,E21_Person,gnd-local-rosselmini-gualandi,https://hwgw.uzh.ch/person/gnd-local-rosselmini-gualandi
person,E21_Person,gnd-local-schwestern-ringsais,https://hwgw.uzh.ch/person/gnd-local-schwestern-ringsais
place,E53_Place,gnd-1047943247,https://hwgw.uzh.ch/place/gnd-1047943247
place,E53_Place,gnd-1049474244,https://hwgw.uzh.ch/place/gnd-1049474244
place,E53_Place,gnd-1051766532,https://hwgw.uzh.ch/place/gnd-1051766532
place,E53_Place,gnd-1061006522,https://hwgw.uzh.ch/place/gnd-1061006522
place,E53_Place,gnd-1091248427,https://hwgw.uzh.ch/place/gnd-1091248427
place,E53_Place,gnd-1211198634,https://hwgw.uzh.ch/place/gnd-1211198634
place,E53_Place,gnd-1215281161,https://hwgw.uzh.ch/place/gnd-1215281161
place,E53_Place,gnd-1268042714,https://hwgw.uzh.ch/place/gnd-1268042714
place,E53_Place,gnd-1268051020,https://hwgw.uzh.ch/place/gnd-1268051020
place,E53_Place,gnd-1268056375,https://hwgw.uzh.ch/place/gnd-1268056375
place,E53_Place,gnd-126815606X,https://hwgw.uzh.ch/place/gnd-126815606X
place,E53_Place,gnd-1268211303,https://hwgw.uzh.ch/place/gnd-1268211303
place,E53_Place,gnd-1302307541,https://hwgw.uzh.ch/place/gnd-1302307541
place,E53_Place,gnd-1302308904,https://hwgw.uzh.ch/place/gnd-1302308904
place,E53_Place,gnd-1302309501,https://hwgw.uzh.ch/place/gnd-1302309501
place,E53_Place,gnd-130231002X,https://hwgw.uzh.ch/place/gnd-130231002X
place,E53_Place,gnd-4000018-7,https://hwgw.uzh.ch/place/gnd-4000018-7
place,E53_Place,gnd-4000554-9,https://hwgw.uzh.ch/place/gnd-4000554-9
place,E53_Place,gnd-4001328-5,https://hwgw.uzh.ch/place/gnd-4001328-5
place,E53_Place,gnd-4001409-5,https://hwgw.uzh.ch/place/gnd-4001409-5
place,E53_Place,gnd-4001783-7,https://hwgw.uzh.ch/place/gnd-4001783-7
place,E53_Place,gnd-4002364-3,https://hwgw.uzh.ch/place/gnd-4002364-3
place,E53_Place,gnd-4002888-4,https://hwgw.uzh.ch/place/gnd-4002888-4
place,E53_Place,gnd-4003191-3,https://hwgw.uzh.ch/place/gnd-4003191-3
place,E53_Place,gnd-4003260-7,https://hwgw.uzh.ch/place/gnd-4003260-7
place,E53_Place,gnd-4003366-1,https://hwgw.uzh.ch/place/gnd-4003366-1
place,E53_Place,gnd-4003614-5,https://hwgw.uzh.ch/place/gnd-4003614-5
place,E53_Place,gnd-4004164-5,https://hwgw.uzh.ch/place/gnd-4004164-5
place,E53_Place,gnd-4004380-0,https://hwgw.uzh.ch/place/gnd-4004380-0
place,E53_Place,gnd-4004617-5,https://hwgw.uzh.ch/place/gnd-4004617-5
place,E53_Place,gnd-4005406-8,https://hwgw.uzh.ch/place/gnd-4005406-8
place,E53_Place,gnd-4005611-9,https://hwgw.uzh.ch/place/gnd-4005611-9
place,E53_Place,gnd-4005728-8,https://hwgw.uzh.ch/place/gnd-4005728-8
place,E53_Place,gnd-4005762-8,https://hwgw.uzh.ch/place/gnd-4005762-8
place,E53_Place,gnd-4005765-3,https://hwgw.uzh.ch/place/gnd-4005765-3
place,E53_Place,gnd-4005972-8,https://hwgw.uzh.ch/place/gnd-4005972-8
place,E53_Place,gnd-4006424-4,https://hwgw.uzh.ch/place/gnd-4006424-4
place,E53_Place,gnd-4006510-8,https://hwgw.uzh.ch/place/gnd-4006510-8
place,E53_Place,gnd-4007616-7,https://hwgw.uzh.ch/place/gnd-4007616-7
place,E53_Place,gnd-4008065-1,https://hwgw.uzh.ch/place/gnd-4008065-1
place,E53_Place,gnd-4008109-6,https://hwgw.uzh.ch/place/gnd-4008109-6
place,E53_Place,gnd-4008135-7,https://hwgw.uzh.ch/place/gnd-4008135-7
place,E53_Place,gnd-4008216-7,https://hwgw.uzh.ch/place/gnd-4008216-7
place,E53_Place,gnd-4008460-7,https://hwgw.uzh.ch/place/gnd-4008460-7
place,E53_Place,gnd-4008684-7,https://hwgw.uzh.ch/place/gnd-4008684-7
place,E53_Place,gnd-4009351-7,https://hwgw.uzh.ch/place/gnd-4009351-7
place,E53_Place,gnd-4009352-9,https://hwgw.uzh.ch/place/gnd-4009352-9
place,E53_Place,gnd-4010292-0,https://hwgw.uzh.ch/place/gnd-4010292-0
place,E53_Place,gnd-4010401-1,https://hwgw.uzh.ch/place/gnd-4010401-1
place,E53_Place,gnd-4011077-1,https://hwgw.uzh.ch/place/gnd-4011077-1
place,E53_Place,gnd-4011295-0,https://hwgw.uzh.ch/place/gnd-4011295-0
place,E53_Place,gnd-4011882-4,https://hwgw.uzh.ch/place/gnd-4011882-4
place,E53_Place,gnd-4012804-0,https://hwgw.uzh.ch/place/gnd-4012804-0
place,E53_Place,gnd-4012995-0,https://hwgw.uzh.ch/place/gnd-4012995-0
place,E53_Place,gnd-4013255-9,https://hwgw.uzh.ch/place/gnd-4013255-9
place,E53_Place,gnd-4013557-3,https://hwgw.uzh.ch/place/gnd-4013557-3
place,E53_Place,gnd-4014564-5,https://hwgw.uzh.ch/place/gnd-4014564-5
place,E53_Place,gnd-4014770-8,https://hwgw.uzh.ch/place/gnd-4014770-8
place,E53_Place,gnd-4014832-4,https://hwgw.uzh.ch/place/gnd-4014832-4
place,E53_Place,gnd-4015299-6,https://hwgw.uzh.ch/place/gnd-4015299-6
place,E53_Place,gnd-4015310-1,https://hwgw.uzh.ch/place/gnd-4015310-1
place,E53_Place,gnd-4015701-5,https://hwgw.uzh.ch/place/gnd-4015701-5
place,E53_Place,gnd-4017581-9,https://hwgw.uzh.ch/place/gnd-4017581-9
place,E53_Place,gnd-4018118-2,https://hwgw.uzh.ch/place/gnd-4018118-2
place,E53_Place,gnd-4018145-5,https://hwgw.uzh.ch/place/gnd-4018145-5
place,E53_Place,gnd-4018220-4,https://hwgw.uzh.ch/place/gnd-4018220-4
place,E53_Place,gnd-4018272-1,https://hwgw.uzh.ch/place/gnd-4018272-1
place,E53_Place,gnd-4019124-2,https://hwgw.uzh.ch/place/gnd-4019124-2
place,E53_Place,gnd-4020137-5,https://hwgw.uzh.ch/place/gnd-4020137-5
place,E53_Place,gnd-4020176-4,https://hwgw.uzh.ch/place/gnd-4020176-4
place,E53_Place,gnd-4020185-5,https://hwgw.uzh.ch/place/gnd-4020185-5
place,E53_Place,gnd-4020989-1,https://hwgw.uzh.ch/place/gnd-4020989-1
place,E53_Place,gnd-4021141-1,https://hwgw.uzh.ch/place/gnd-4021141-1
place,E53_Place,gnd-4021477-1,https://hwgw.uzh.ch/place/gnd-4021477-1
place,E53_Place,gnd-4021691-3,https://hwgw.uzh.ch/place/gnd-4021691-3
place,E53_Place,gnd-4021881-8,https://hwgw.uzh.ch/place/gnd-4021881-8
place,E53_Place,gnd-4022047-3,https://hwgw.uzh.ch/place/gnd-4022047-3
place,E53_Place,gnd-4022987-7,https://hwgw.uzh.ch/place/gnd-4022987-7
place,E53_Place,gnd-4023025-9,https://hwgw.uzh.ch/place/gnd-4023025-9
place,E53_Place,gnd-4023118-5,https://hwgw.uzh.ch/place/gnd-4023118-5
place,E53_Place,gnd-4023349-2,https://hwgw.uzh.ch/place/gnd-4023349-2
place,E53_Place,gnd-4023996-2,https://hwgw.uzh.ch/place/gnd-4023996-2
place,E53_Place,gnd-4024025-3,https://hwgw.uzh.ch/place/gnd-4024025-3
place,E53_Place,gnd-4024881-1,https://hwgw.uzh.ch/place/gnd-4024881-1
place,E53_Place,gnd-4027096-8,https://hwgw.uzh.ch/place/gnd-4027096-8
place,E53_Place,gnd-4027833-5,https://hwgw.uzh.ch/place/gnd-4027833-5
place,E53_Place,gnd-4028495-5,https://hwgw.uzh.ch/place/gnd-4028495-5
place,E53_Place,gnd-4028557-1,https://hwgw.uzh.ch/place/gnd-4028557-1
place,E53_Place,gnd-4029713-5,https://hwgw.uzh.ch/place/gnd-4029713-5
place,E53_Place,gnd-4029869-3,https://hwgw.uzh.ch/place/gnd-4029869-3
place,E53_Place,gnd-4030481-4,https://hwgw.uzh.ch/place/gnd-4030481-4
place,E53_Place,gnd-4030978-2,https://hwgw.uzh.ch/place/gnd-4030978-2
place,E53_Place,gnd-4031483-2,https://hwgw.uzh.ch/place/gnd-4031483-2
place,E53_Place,gnd-4031541-1,https://hwgw.uzh.ch/place/gnd-4031541-1
place,E53_Place,gnd-4032477-1,https://hwgw.uzh.ch/place/gnd-4032477-1
place,E53_Place,gnd-4033265-2,https://hwgw.uzh.ch/place/gnd-4033265-2
place,E53_Place,gnd-4034750-3,https://hwgw.uzh.ch/place/gnd-4034750-3
place,E53_Place,gnd-4035206-7,https://hwgw.uzh.ch/place/gnd-4035206-7
place,E53_Place,gnd-4035919-0,https://hwgw.uzh.ch/place/gnd-4035919-0
place,E53_Place,gnd-4036294-2,https://hwgw.uzh.ch/place/gnd-4036294-2
place,E53_Place,gnd-4036361-2,https://hwgw.uzh.ch/place/gnd-4036361-2
place,E53_Place,gnd-4036483-5,https://hwgw.uzh.ch/place/gnd-4036483-5
place,E53_Place,gnd-4036733-2,https://hwgw.uzh.ch/place/gnd-4036733-2
place,E53_Place,gnd-4036862-2,https://hwgw.uzh.ch/place/gnd-4036862-2
place,E53_Place,gnd-4036934-1,https://hwgw.uzh.ch/place/gnd-4036934-1
place,E53_Place,gnd-4037100-1,https://hwgw.uzh.ch/place/gnd-4037100-1
place,E53_Place,gnd-4037124-4,https://hwgw.uzh.ch/place/gnd-4037124-4
place,E53_Place,gnd-4037286-8,https://hwgw.uzh.ch/place/gnd-4037286-8
place,E53_Place,gnd-4037446-4,https://hwgw.uzh.ch/place/gnd-4037446-4
place,E53_Place,gnd-4037512-2,https://hwgw.uzh.ch/place/gnd-4037512-2
place,E53_Place,gnd-4038474-3,https://hwgw.uzh.ch/place/gnd-4038474-3
place,E53_Place,gnd-4040209-5,https://hwgw.uzh.ch/place/gnd-4040209-5
place,E53_Place,gnd-4041476-0,https://hwgw.uzh.ch/place/gnd-4041476-0
place,E53_Place,gnd-4041478-4,https://hwgw.uzh.ch/place/gnd-4041478-4
place,E53_Place,gnd-4042011-5,https://hwgw.uzh.ch/place/gnd-4042011-5
place,E53_Place,gnd-4042203-3,https://hwgw.uzh.ch/place/gnd-4042203-3
place,E53_Place,gnd-4042220-3,https://hwgw.uzh.ch/place/gnd-4042220-3
place,E53_Place,gnd-4042483-2,https://hwgw.uzh.ch/place/gnd-4042483-2
place,E53_Place,gnd-4042547-2,https://hwgw.uzh.ch/place/gnd-4042547-2
place,E53_Place,gnd-4042742-0,https://hwgw.uzh.ch/place/gnd-4042742-0
place,E53_Place,gnd-4043271-3,https://hwgw.uzh.ch/place/gnd-4043271-3
place,E53_Place,gnd-4043508-8,https://hwgw.uzh.ch/place/gnd-4043508-8
place,E53_Place,gnd-4044234-2,https://hwgw.uzh.ch/place/gnd-4044234-2
place,E53_Place,gnd-4044283-4,https://hwgw.uzh.ch/place/gnd-4044283-4
place,E53_Place,gnd-4044295-0,https://hwgw.uzh.ch/place/gnd-4044295-0
place,E53_Place,gnd-4044402-8,https://hwgw.uzh.ch/place/gnd-4044402-8
place,E53_Place,gnd-4044660-8,https://hwgw.uzh.ch/place/gnd-4044660-8
place,E53_Place,gnd-4045314-5,https://hwgw.uzh.ch/place/gnd-4045314-5
place,E53_Place,gnd-4046001-0,https://hwgw.uzh.ch/place/gnd-4046001-0
place,E53_Place,gnd-4046151-8,https://hwgw.uzh.ch/place/gnd-4046151-8
place,E53_Place,gnd-4046755-7,https://hwgw.uzh.ch/place/gnd-4046755-7
place,E53_Place,gnd-4046843-4,https://hwgw.uzh.ch/place/gnd-4046843-4
place,E53_Place,gnd-4046948-7,https://hwgw.uzh.ch/place/gnd-4046948-7
place,E53_Place,gnd-4047820-8,https://hwgw.uzh.ch/place/gnd-4047820-8
place,E53_Place,gnd-4048989-9,https://hwgw.uzh.ch/place/gnd-4048989-9
place,E53_Place,gnd-4049739-2,https://hwgw.uzh.ch/place/gnd-4049739-2
place,E53_Place,gnd-4050057-3,https://hwgw.uzh.ch/place/gnd-4050057-3
place,E53_Place,gnd-4050471-2,https://hwgw.uzh.ch/place/gnd-4050471-2
place,E53_Place,gnd-4050698-8,https://hwgw.uzh.ch/place/gnd-4050698-8
place,E53_Place,gnd-4050739-7,https://hwgw.uzh.ch/place/gnd-4050739-7
place,E53_Place,gnd-4051362-2,https://hwgw.uzh.ch/place/gnd-4051362-2
place,E53_Place,gnd-4051594-1,https://hwgw.uzh.ch/place/gnd-4051594-1
place,E53_Place,gnd-4051993-4,https://hwgw.uzh.ch/place/gnd-4051993-4
place,E53_Place,gnd-4052678-1,https://hwgw.uzh.ch/place/gnd-4052678-1
place,E53_Place,gnd-4053684-1,https://hwgw.uzh.ch/place/gnd-4053684-1
place,E53_Place,gnd-4053863-1,https://hwgw.uzh.ch/place/gnd-4053863-1
place,E53_Place,gnd-4053881-3,https://hwgw.uzh.ch/place/gnd-4053881-3
place,E53_Place,gnd-4054330-4,https://hwgw.uzh.ch/place/gnd-4054330-4
place,E53_Place,gnd-4054671-8,https://hwgw.uzh.ch/place/gnd-4054671-8
place,E53_Place,gnd-4054903-3,https://hwgw.uzh.ch/place/gnd-4054903-3
place,E53_Place,gnd-4054957-4,https://hwgw.uzh.ch/place/gnd-4054957-4
place,E53_Place,gnd-4055193-3,https://hwgw.uzh.ch/place/gnd-4055193-3
place,E53_Place,gnd-4055458-2,https://hwgw.uzh.ch/place/gnd-4055458-2
place,E53_Place,gnd-4055964-6,https://hwgw.uzh.ch/place/gnd-4055964-6
place,E53_Place,gnd-4056179-3,https://hwgw.uzh.ch/place/gnd-4056179-3
place,E53_Place,gnd-4056831-3,https://hwgw.uzh.ch/place/gnd-4056831-3
place,E53_Place,gnd-4057878-1,https://hwgw.uzh.ch/place/gnd-4057878-1
place,E53_Place,gnd-4058282-6,https://hwgw.uzh.ch/place/gnd-4058282-6
place,E53_Place,gnd-4060207-2,https://hwgw.uzh.ch/place/gnd-4060207-2
place,E53_Place,gnd-4060267-9,https://hwgw.uzh.ch/place/gnd-4060267-9
place,E53_Place,gnd-4060485-8,https://hwgw.uzh.ch/place/gnd-4060485-8
place,E53_Place,gnd-4060530-9,https://hwgw.uzh.ch/place/gnd-4060530-9
place,E53_Place,gnd-4061147-4,https://hwgw.uzh.ch/place/gnd-4061147-4
place,E53_Place,gnd-4061245-4,https://hwgw.uzh.ch/place/gnd-4061245-4
place,E53_Place,gnd-4061529-7,https://hwgw.uzh.ch/place/gnd-4061529-7
place,E53_Place,gnd-4061581-9,https://hwgw.uzh.ch/place/gnd-4061581-9
place,E53_Place,gnd-4062404-3,https://hwgw.uzh.ch/place/gnd-4062404-3
place,E53_Place,gnd-4062501-1,https://hwgw.uzh.ch/place/gnd-4062501-1
place,E53_Place,gnd-4063110-2,https://hwgw.uzh.ch/place/gnd-4063110-2
place,E53_Place,gnd-4063445-0,https://hwgw.uzh.ch/place/gnd-4063445-0
place,E53_Place,gnd-4064466-2,https://hwgw.uzh.ch/place/gnd-4064466-2
place,E53_Place,gnd-4064682-8,https://hwgw.uzh.ch/place/gnd-4064682-8
place,E53_Place,gnd-4065105-8,https://hwgw.uzh.ch/place/gnd-4065105-8
place,E53_Place,gnd-4065382-1,https://hwgw.uzh.ch/place/gnd-4065382-1
place,E53_Place,gnd-4066009-6,https://hwgw.uzh.ch/place/gnd-4066009-6
place,E53_Place,gnd-4066337-1,https://hwgw.uzh.ch/place/gnd-4066337-1
place,E53_Place,gnd-4066640-2,https://hwgw.uzh.ch/place/gnd-4066640-2
place,E53_Place,gnd-4066719-4,https://hwgw.uzh.ch/place/gnd-4066719-4
place,E53_Place,gnd-4067037-5,https://hwgw.uzh.ch/place/gnd-4067037-5
place,E53_Place,gnd-4068038-1,https://hwgw.uzh.ch/place/gnd-4068038-1
place,E53_Place,gnd-4068043-5,https://hwgw.uzh.ch/place/gnd-4068043-5
place,E53_Place,gnd-4068475-1,https://hwgw.uzh.ch/place/gnd-4068475-1
place,E53_Place,gnd-4068771-5,https://hwgw.uzh.ch/place/gnd-4068771-5
place,E53_Place,gnd-4069688-1,https://hwgw.uzh.ch/place/gnd-4069688-1
place,E53_Place,gnd-4070370-8,https://hwgw.uzh.ch/place/gnd-4070370-8
place,E53_Place,gnd-4073426-2,https://hwgw.uzh.ch/place/gnd-4073426-2
place,E53_Place,gnd-4074335-4,https://hwgw.uzh.ch/place/gnd-4074335-4
place,E53_Place,gnd-4074354-8,https://hwgw.uzh.ch/place/gnd-4074354-8
place,E53_Place,gnd-4074987-3,https://hwgw.uzh.ch/place/gnd-4074987-3
place,E53_Place,gnd-4075454-6,https://hwgw.uzh.ch/place/gnd-4075454-6
place,E53_Place,gnd-4075809-6,https://hwgw.uzh.ch/place/gnd-4075809-6
place,E53_Place,gnd-4076310-9,https://hwgw.uzh.ch/place/gnd-4076310-9
place,E53_Place,gnd-4076805-3,https://hwgw.uzh.ch/place/gnd-4076805-3
place,E53_Place,gnd-4076899-5,https://hwgw.uzh.ch/place/gnd-4076899-5
place,E53_Place,gnd-4078022-3,https://hwgw.uzh.ch/place/gnd-4078022-3
place,E53_Place,gnd-4078208-6,https://hwgw.uzh.ch/place/gnd-4078208-6
place,E53_Place,gnd-4078405-8,https://hwgw.uzh.ch/place/gnd-4078405-8
place,E53_Place,gnd-4078704-7,https://hwgw.uzh.ch/place/gnd-4078704-7
place,E53_Place,gnd-4078949-4,https://hwgw.uzh.ch/place/gnd-4078949-4
place,E53_Place,gnd-4080438-0,https://hwgw.uzh.ch/place/gnd-4080438-0
place,E53_Place,gnd-4085148-5,https://hwgw.uzh.ch/place/gnd-4085148-5
place,E53_Place,gnd-4085158-8,https://hwgw.uzh.ch/place/gnd-4085158-8
place,E53_Place,gnd-4085170-9,https://hwgw.uzh.ch/place/gnd-4085170-9
place,E53_Place,gnd-4085214-3,https://hwgw.uzh.ch/place/gnd-4085214-3
place,E53_Place,gnd-4085340-8,https://hwgw.uzh.ch/place/gnd-4085340-8
place,E53_Place,gnd-4086480-7,https://hwgw.uzh.ch/place/gnd-4086480-7
place,E53_Place,gnd-4086530-7,https://hwgw.uzh.ch/place/gnd-4086530-7
place,E53_Place,gnd-4086982-9,https://hwgw.uzh.ch/place/gnd-4086982-9
place,E53_Place,gnd-4086984-2,https://hwgw.uzh.ch/place/gnd-4086984-2
place,E53_Place,gnd-4090063-0,https://hwgw.uzh.ch/place/gnd-4090063-0
place,E53_Place,gnd-4090516-0,https://hwgw.uzh.ch/place/gnd-4090516-0
place,E53_Place,gnd-4092153-0,https://hwgw.uzh.ch/place/gnd-4092153-0
place,E53_Place,gnd-4093050-6,https://hwgw.uzh.ch/place/gnd-4093050-6
place,E53_Place,gnd-4093055-5,https://hwgw.uzh.ch/place/gnd-4093055-5
place,E53_Place,gnd-4095554-0,https://hwgw.uzh.ch/place/gnd-4095554-0
place,E53_Place,gnd-4097898-9,https://hwgw.uzh.ch/place/gnd-4097898-9
place,E53_Place,gnd-4101784-5,https://hwgw.uzh.ch/place/gnd-4101784-5
place,E53_Place,gnd-4103300-0,https://hwgw.uzh.ch/place/gnd-4103300-0
place,E53_Place,gnd-4105495-7,https://hwgw.uzh.ch/place/gnd-4105495-7
place,E53_Place,gnd-4105771-5,https://hwgw.uzh.ch/place/gnd-4105771-5
place,E53_Place,gnd-4106215-2,https://hwgw.uzh.ch/place/gnd-4106215-2
place,E53_Place,gnd-4106354-5,https://hwgw.uzh.ch/place/gnd-4106354-5
place,E53_Place,gnd-4106969-9,https://hwgw.uzh.ch/place/gnd-4106969-9
place,E53_Place,gnd-4107330-7,https://hwgw.uzh.ch/place/gnd-4107330-7
place,E53_Place,gnd-4108142-0,https://hwgw.uzh.ch/place/gnd-4108142-0
place,E53_Place,gnd-4108401-9,https://hwgw.uzh.ch/place/gnd-4108401-9
place,E53_Place,gnd-4110350-6,https://hwgw.uzh.ch/place/gnd-4110350-6
place,E53_Place,gnd-4114418-1,https://hwgw.uzh.ch/place/gnd-4114418-1
place,E53_Place,gnd-4114431-4,https://hwgw.uzh.ch/place/gnd-4114431-4
place,E53_Place,gnd-4114978-6,https://hwgw.uzh.ch/place/gnd-4114978-6
place,E53_Place,gnd-4115170-7,https://hwgw.uzh.ch/place/gnd-4115170-7
place,E53_Place,gnd-4115205-0,https://hwgw.uzh.ch/place/gnd-4115205-0
place,E53_Place,gnd-4115218-9,https://hwgw.uzh.ch/place/gnd-4115218-9
place,E53_Place,gnd-4115856-8,https://hwgw.uzh.ch/place/gnd-4115856-8
place,E53_Place,gnd-4115912-3,https://hwgw.uzh.ch/place/gnd-4115912-3
place,E53_Place,gnd-4115980-9,https://hwgw.uzh.ch/place/gnd-4115980-9
place,E53_Place,gnd-4116092-7,https://hwgw.uzh.ch/place/gnd-4116092-7
place,E53_Place,gnd-4116795-8,https://hwgw.uzh.ch/place/gnd-4116795-8
place,E53_Place,gnd-4117854-3,https://hwgw.uzh.ch/place/gnd-4117854-3
place,E53_Place,gnd-4117918-3,https://hwgw.uzh.ch/place/gnd-4117918-3
place,E53_Place,gnd-4117934-1,https://hwgw.uzh.ch/place/gnd-4117934-1
place,E53_Place,gnd-4118331-9,https://hwgw.uzh.ch/place/gnd-4118331-9
place,E53_Place,gnd-4119454-8,https://hwgw.uzh.ch/place/gnd-4119454-8
place,E53_Place,gnd-4119637-5,https://hwgw.uzh.ch/place/gnd-4119637-5
place,E53_Place,gnd-4119866-9,https://hwgw.uzh.ch/place/gnd-4119866-9
place,E53_Place,gnd-4120012-3,https://hwgw.uzh.ch/place/gnd-4120012-3
place,E53_Place,gnd-4127101-4,https://hwgw.uzh.ch/place/gnd-4127101-4
place,E53_Place,gnd-4127793-4,https://hwgw.uzh.ch/place/gnd-4127793-4
place,E53_Place,gnd-4133959-9,https://hwgw.uzh.ch/place/gnd-4133959-9
place,E53_Place,gnd-4201886-9,https://hwgw.uzh.ch/place/gnd-4201886-9
place,E53_Place,gnd-4205363-8,https://hwgw.uzh.ch/place/gnd-4205363-8
place,E53_Place,gnd-4205500-3,https://hwgw.uzh.ch/place/gnd-4205500-3
place,E53_Place,gnd-4215236-7,https://hwgw.uzh.ch/place/gnd-4215236-7
place,E53_Place,gnd-4225183-7,https://hwgw.uzh.ch/place/gnd-4225183-7
place,E53_Place,gnd-4229651-1,https://hwgw.uzh.ch/place/gnd-4229651-1
place,E53_Place,gnd-4246244-7,https://hwgw.uzh.ch/place/gnd-4246244-7
place,E53_Place,gnd-4262371-6,https://hwgw.uzh.ch/place/gnd-4262371-6
place,E53_Place,gnd-4267026-3,https://hwgw.uzh.ch/place/gnd-4267026-3
place,E53_Place,gnd-4295365-0,https://hwgw.uzh.ch/place/gnd-4295365-0
place,E53_Place,gnd-4314778-1,https://hwgw.uzh.ch/place/gnd-4314778-1
place,E53_Place,gnd-4343126-4,https://hwgw.uzh.ch/place/gnd-4343126-4
place,E53_Place,gnd-4364928-2,https://hwgw.uzh.ch/place/gnd-4364928-2
place,E53_Place,gnd-4369324-6,https://hwgw.uzh.ch/place/gnd-4369324-6
place,E53_Place,gnd-4377562-7,https://hwgw.uzh.ch/place/gnd-4377562-7
place,E53_Place,gnd-4386225-1,https://hwgw.uzh.ch/place/gnd-4386225-1
place,E53_Place,gnd-4391290-4,https://hwgw.uzh.ch/place/gnd-4391290-4
place,E53_Place,gnd-4392453-0,https://hwgw.uzh.ch/place/gnd-4392453-0
place,E53_Place,gnd-4404646-7,https://hwgw.uzh.ch/place/gnd-4404646-7
place,E53_Place,gnd-4420481-4,https://hwgw.uzh.ch/place/gnd-4420481-4
place,E53_Place,gnd-4461742-2,https://hwgw.uzh.ch/place/gnd-4461742-2
place,E53_Place,gnd-4468581-6,https://hwgw.uzh.ch/place/gnd-4468581-6
place,E53_Place,gnd-4477958-6,https://hwgw.uzh.ch/place/gnd-4477958-6
place,E53_Place,gnd-4494103-1,https://hwgw.uzh.ch/place/gnd-4494103-1
place,E53_Place,gnd-4510243-0,https://hwgw.uzh.ch/place/gnd-4510243-0
place,E53_Place,gnd-4543293-4,https://hwgw.uzh.ch/place/gnd-4543293-4
place,E53_Place,gnd-4564986-8,https://hwgw.uzh.ch/place/gnd-4564986-8
place,E53_Place,gnd-4605519-8,https://hwgw.uzh.ch/place/gnd-4605519-8
place,E53_Place,gnd-4612707-0,https://hwgw.uzh.ch/place/gnd-4612707-0
place,E53_Place,gnd-4621034-9,https://hwgw.uzh.ch/place/gnd-4621034-9
place,E53_Place,gnd-4636300-2,https://hwgw.uzh.ch/place/gnd-4636300-2
place,E53_Place,gnd-4644163-3,https://hwgw.uzh.ch/place/gnd-4644163-3
place,E53_Place,gnd-4669196-0,https://hwgw.uzh.ch/place/gnd-4669196-0
place,E53_Place,gnd-4699178-5,https://hwgw.uzh.ch/place/gnd-4699178-5
place,E53_Place,gnd-4759524-3,https://hwgw.uzh.ch/place/gnd-4759524-3
place,E53_Place,gnd-500469-X,https://hwgw.uzh.ch/place/gnd-500469-X
place,E53_Place,gnd-5007835-5,https://hwgw.uzh.ch/place/gnd-5007835-5
place,E53_Place,gnd-5336722-4,https://hwgw.uzh.ch/place/gnd-5336722-4
place,E53_Place,gnd-7508205-6,https://hwgw.uzh.ch/place/gnd-7508205-6
place,E53_Place,gnd-7548093-1,https://hwgw.uzh.ch/place/gnd-7548093-1
place,E53_Place,gnd-7684207-1,https://hwgw.uzh.ch/place/gnd-7684207-1
place,E53_Place,gnd-7724398-5,https://hwgw.uzh.ch/place/gnd-7724398-5
place,E53_Place,gnd-7832782-9,https://hwgw.uzh.ch/place/gnd-7832782-9
